Date,AFG,AGO,ALB,AND,ARE,ARG,ARM,ASM,ATG,AUS,AUT,AZE,BDI,BEL,BEN,BFA,BGD,BGR,BHR,BHS,BIH,BLR,BLZ,BMU,BOL,BRA,BRB,BRN,BTN,BWA,CAF,CAN,CHE,CHL,CHN,CIV,CMR,COD,COG,COK,COL,COM,CPV,CRI,CUB,CYP,CZE,DEU,DJI,DMA,DNK,DOM,DZA,ECU,EGY,ERI,ESP,EST,ETH,FIN,FJI,FRA,FSM,GAB,GBR,GEO,GHA,GIN,GMB,GNB,GNQ,GRC,GRD,GRL,GTM,GUY,HND,HRV,HTI,HUN,IDN,IND,IRL,IRN,IRQ,ISL,ISR,ITA,JAM,JOR,JPN,KAZ,KEN,KGZ,KHM,KIR,KNA,KOR,KWT,LAO,LBN,LBR,LBY,LCA,LKA,LSO,LTU,LUX,LVA,MAR,MDA,MDG,MDV,MEX,MHL,MKD,MLI,MLT,MMR,MNE,MNG,MOZ,MRT,MUS,MWI,MYS,NAM,NER,NGA,NIC,NIU,NLD,NOR,NPL,NRU,NZL,OMN,OWID_WRL,PAK,PAN,PER,PHL,PLW,PNG,POL,PRI,PRK,PRT,PRY,PSE,PYF,QAT,ROU,RUS,RWA,SAU,SDN,SEN,SGP,SLB,SLE,SLV,SOM,SRB,SSD,STP,SUR,SVK,SVN,SWE,SWZ,SYC,SYR,TCD,TGO,THA,TJK,TKL,TKM,TLS,TON,TTO,TUN,TUR,TUV,TZA,UGA,UKR,URY,USA,UZB,VCT,VEN,VNM,VUT,WSM,YEM,ZAF,ZMB,ZWE
1990,3.10223,3.31492,14.37975,21.51862,24.02623,15.98184,19.75811,35.01144,17.13053,21.54032,17.16919,16.65322,3.02162,17.27184,4.0877,1.89787,1.6197,16.518,17.71412,18.6973,16.07642,14.02909,16.77413,13.71248,17.93709,13.10365,15.37028,9.05938,3.21852,3.72175,3.66672,20.05858,18.03773,19.36834,4.49127,5.72302,6.11918,3.1651,2.47105,35.20266,10.08343,4.7398,4.07167,15.21433,12.66736,22.13006,13.4076,18.59397,3.88991,13.74754,19.52892,11.2858,15.75962,18.21237,28.08461,3.43317,25.86537,14.49133,1.5928,14.81879,12.23324,17.01091,25.24417,4.73329,20.09744,18.05385,4.71366,3.51444,3.65845,3.61414,3.69058,23.2854,13.80676,14.76475,13.64509,9.91979,14.34322,15.68487,9.87568,15.0235,3.4999,0.72604,21.06215,9.7253,18.01919,17.5586,15.46435,27.28852,10.94844,16.4083,14.10703,16.24179,4.219,23.48355,2.95124,27.82241,15.77673,11.50013,27.0336,3.57371,19.75347,3.41945,16.28067,14.08054,2.44888,5.96295,13.79395,15.59247,13.73767,11.51864,11.50358,2.09558,4.94611,16.72409,19.69548,15.09787,3.48712,22.38329,3.45793,15.20549,12.56794,4.85763,5.6119,6.56664,2.98985,7.75964,3.3033,2.52782,2.96616,15.54893,33.88054,15.35812,18.2877,2.29514,33.43208,22.04381,15.07814,7.70375,2.33597,15.22066,16.1352,3.21836,25.26033,18.62041,13.30445,13.8545,4.06677,19.57418,14.91434,16.12671,27.01662,23.7511,7.88844,16.59873,3.53977,14.71593,3.56679,2.60287,12.73177,12.76947,5.41155,17.03057,3.85393,17.36265,4.18691,5.42102,13.27464,12.75797,18.20923,17.30597,7.03819,8.30326,16.83721,3.17386,4.54942,6.23981,10.2742,32.41935,13.60043,1.46447,33.35951,10.4335,9.42744,12.89529,28.09082,3.02113,4.28876,12.02618,17.59009,29.94157,12.8647,14.08561,14.9836,0.86292,15.39454,26.03348,10.02083,3.6855,3.63122,5.00804
1991,3.26977,3.47002,14.6759,21.94569,24.63123,16.66154,19.77152,35.28464,17.89769,22.31427,17.71942,16.63876,3.1369,17.74326,4.27751,1.94643,1.71355,16.627,18.0718,19.53159,16.40298,14.1795,17.48088,14.3009,18.43854,13.65436,16.02534,9.71768,3.3978,3.91559,3.84378,20.6222,18.4988,20.54946,4.97807,5.99178,6.39926,3.29568,2.61328,35.88522,10.36923,4.91959,4.24498,15.89652,13.26891,22.72869,13.53717,19.29033,4.02963,14.30645,20.23811,11.67237,16.0485,18.79731,28.77592,3.54985,26.26924,14.56366,1.62568,15.33986,12.32288,17.40446,25.70773,4.98564,21.02636,18.03081,4.90222,3.64387,3.81989,3.7659,3.87046,23.80979,14.35574,15.22431,14.24812,10.2706,14.93817,16.06565,10.26061,15.21266,3.64491,0.77449,21.69257,10.04658,18.35495,18.02615,15.67983,27.61149,11.35233,16.61241,14.29771,16.15575,4.38627,23.31824,3.17434,28.29147,16.45104,12.23827,28.22494,3.77922,20.14813,3.51889,16.541,14.64218,2.58934,6.21728,13.95127,16.00709,13.86927,11.6606,11.52551,2.15862,5.23329,17.83786,20.04232,15.42386,3.65295,22.83265,3.66385,15.64551,12.41465,5.0604,5.86852,6.93624,3.06679,8.35306,3.46677,2.63196,3.09029,16.20957,34.82767,15.76247,18.80916,2.42646,34.14461,22.99181,15.29885,7.97886,2.44193,15.84816,16.43941,3.3802,25.78507,18.99815,13.62373,14.43475,4.34189,20.30696,15.54947,16.37284,27.61438,24.35066,7.93671,16.4864,3.63161,14.78818,3.717,2.69254,13.442,12.89727,5.6844,17.7739,3.99358,17.61254,4.34794,5.70607,13.82827,12.95452,18.68889,17.74681,7.32262,8.86131,17.14247,3.31328,4.76583,6.77456,10.20017,33.12222,13.54552,1.55064,34.03713,10.88283,9.50018,12.98981,28.52106,3.12494,4.43726,12.08572,18.28494,30.8935,12.79911,14.68487,15.61792,0.90392,15.59088,26.89085,10.06747,3.92256,3.74843,5.19103
1992,3.45024,3.63382,14.97069,22.34991,25.28275,17.35535,19.78523,35.60328,18.68687,23.0853,18.26641,16.62644,3.2555,18.18589,4.47989,1.99988,1.81411,16.73589,18.56451,20.39464,16.83533,14.31578,18.19684,14.91349,18.94608,14.20785,16.71117,10.42419,3.5898,4.11928,4.03327,21.20618,18.93891,21.77786,5.47176,6.27125,6.69184,3.43695,2.7632,36.5488,10.66223,5.10724,4.42872,16.59402,13.93449,23.32324,13.68858,19.94283,4.17658,14.898,20.91335,12.07362,16.37544,19.38628,29.48524,3.67194,26.66031,14.63344,1.66313,15.84988,12.44348,17.78912,26.17267,5.25121,21.95227,18.00882,5.1014,3.78262,3.99122,3.92193,4.06085,24.31906,14.92699,15.63442,14.85534,10.6326,15.54458,16.45908,10.65707,15.42177,3.79937,0.83056,22.32773,10.42207,18.72906,18.49338,15.90156,27.96149,11.77676,16.85614,14.46684,16.06803,4.56256,23.09981,3.41529,28.79387,17.13826,13.00083,29.21342,3.99853,20.58281,3.62172,16.83036,15.21564,2.73967,6.48237,14.10405,16.40255,14.00584,11.83305,11.5498,2.22746,5.53699,18.99068,20.40375,15.73961,3.833,23.28426,3.882,16.0772,12.26635,5.27005,6.14477,7.32635,3.1503,8.98869,3.64074,2.74354,3.22157,16.88123,35.86393,16.14102,19.32073,2.56438,34.96028,23.97397,15.55766,8.25936,2.55559,16.49515,16.74696,3.54911,26.31949,19.40383,13.94449,15.03128,4.64673,21.04798,16.19134,16.64706,28.2491,24.9745,7.99673,16.35401,3.73153,14.94512,3.87546,2.78734,14.14669,13.02895,5.96811,18.52244,4.13934,17.85979,4.51926,6.00335,14.40921,13.15643,19.14771,18.19328,7.62037,9.45797,17.47995,3.46283,4.99335,7.35619,10.13108,33.97367,13.48927,1.6399,34.78091,11.36535,9.61186,13.11846,29.11314,3.23318,4.58902,12.16186,19.00124,31.8298,12.74148,15.30352,16.2651,0.95399,15.80143,27.73413,10.13192,4.20807,3.87299,5.39493
1993,3.64325,3.80788,15.26412,22.80365,25.98313,18.05837,19.7904,35.94978,19.50589,23.8441,18.78816,16.61832,3.37816,18.59346,4.69285,2.05903,1.92197,16.87328,19.12692,21.2921,17.30526,14.42453,18.92103,15.54537,19.4589,14.75816,17.42706,11.17557,3.79553,4.33296,4.23558,21.80759,19.35749,23.04286,5.9587,6.56347,6.99632,3.58849,2.92058,37.20046,10.95906,5.30213,4.62375,17.29947,14.64675,23.90008,13.86706,20.54072,4.3298,15.51655,21.52795,12.49003,16.7372,19.9735,30.2073,3.80105,27.04184,14.70787,1.70404,16.35343,12.59382,18.14603,26.64702,5.53166,22.86093,17.98594,5.30988,3.93035,4.17248,4.08621,4.2623,24.82277,15.54273,16.00425,15.45921,11.00377,16.15618,16.82939,11.06209,15.65211,3.96384,0.89601,22.95655,10.85108,19.1434,18.95056,16.14098,28.38621,12.22013,17.14513,14.61941,15.97383,4.74826,22.80907,3.66379,29.32845,17.84161,13.77178,30.02586,4.23267,21.06353,3.73103,17.15513,15.80124,2.90013,6.75559,14.22546,16.76667,14.12292,12.03614,11.57124,2.30227,5.85568,20.16971,20.7756,16.04361,4.02752,23.74099,4.11042,16.49889,12.12202,5.48321,6.43912,7.74459,3.24083,9.66614,3.8254,2.86365,3.35993,17.55769,36.93144,16.48392,19.8141,2.70945,35.89431,24.9858,15.85397,8.54326,2.67781,17.15287,17.05487,3.72446,26.86306,19.82832,14.27205,15.6393,4.96954,21.82714,16.83627,16.95377,28.89582,25.63739,8.08294,16.15338,3.83961,15.22613,4.04079,2.88737,14.83811,13.16708,6.26139,19.27077,4.29235,18.12083,4.70039,6.31559,15.01403,13.37415,19.59281,18.63238,7.92778,10.06767,17.85319,3.62323,5.23174,7.98038,10.0686,34.89096,13.43423,1.73398,35.59061,11.87767,9.76853,13.28714,29.88974,3.33283,4.74307,12.2022,19.74225,32.73919,12.68996,15.93861,16.92117,1.0151,16.03538,28.56141,10.2177,4.55449,4.00619,5.60815
1994,3.85225,3.99169,15.55848,23.30941,26.72529,18.77124,19.74275,36.32271,20.33823,24.58352,19.28525,16.60395,3.50593,18.95864,4.92034,2.12378,2.03784,17.05659,19.72521,22.21554,17.67225,14.5116,19.66722,16.1872,19.97905,15.2998,18.16325,11.96941,4.01575,4.55739,4.44999,22.41419,19.7486,24.33742,6.4234,6.86931,7.31209,3.74715,3.08611,37.83374,11.2559,5.50638,4.829,18.0077,15.39275,24.43795,14.07919,21.08398,4.48843,16.14199,22.07749,12.91979,17.12799,20.55191,30.93278,3.93645,27.43139,14.79201,1.74859,16.84451,12.77006,18.47066,27.15089,5.82596,23.73671,17.95878,5.53132,4.08708,4.36312,4.25878,4.47437,25.32253,16.18968,16.33197,16.05017,11.38383,16.76967,17.18366,11.47446,15.92923,4.13837,0.97303,23.56425,11.32614,19.59534,19.35612,16.39613,28.85929,12.68125,17.47737,14.75078,15.86534,4.94185,22.44022,3.90443,29.8884,18.56114,14.52833,30.45667,4.4825,21.58731,3.84826,17.51497,16.40563,3.07177,7.03492,14.31427,17.09769,14.21413,12.2613,11.58133,2.38282,6.19112,21.36285,21.15711,16.33769,4.2382,24.21257,4.35146,16.90786,11.97944,5.69867,6.74965,8.19464,3.3377,10.38669,4.0221,2.99223,3.50579,18.23261,38.05565,16.78428,20.28035,2.86174,36.91905,26.01638,16.17826,8.82518,2.81007,17.81692,17.36242,3.90628,27.4152,20.26995,14.59938,16.25475,5.29936,22.63704,17.47625,17.28796,29.56835,26.3391,8.20797,15.88122,3.95878,15.61328,4.2129,2.99279,15.53116,13.30754,6.56338,20.01018,4.45185,18.39276,4.88216,6.6409,15.63985,13.60763,20.02299,19.0518,8.23184,10.70404,18.26221,3.79078,5.48013,8.63806,10.01018,35.79452,13.37793,1.83122,36.47007,12.41605,9.97068,13.48913,30.74236,3.42165,4.8988,12.19466,20.51148,33.61504,12.64176,16.58497,17.5835,1.08947,16.31046,29.36603,10.31833,4.9634,4.14863,5.80599
1995,4.07799,4.18486,15.85355,23.85447,27.50749,19.49559,19.66225,36.71485,21.17737,25.30298,19.75595,16.59078,3.6387,19.28632,5.16299,2.19371,2.16175,17.2759,20.34977,23.14443,17.93113,14.58681,20.43536,16.83796,20.50159,15.83107,18.91735,12.80298,4.25217,4.79402,4.6762,23.03098,20.11721,25.65503,6.86957,7.18667,7.63795,3.91957,3.26066,38.49109,11.55472,5.71822,5.04478,18.71791,16.14778,24.93485,14.33963,21.58244,4.65392,16.76485,22.57384,13.36107,17.54606,21.12123,31.66114,4.08207,27.85843,14.88275,1.79587,17.32777,12.96252,18.7528,27.67537,6.13451,24.58827,17.93717,5.76769,4.253,4.56426,4.44057,4.69793,25.81813,16.85498,16.61886,16.62363,11.77657,17.38532,17.57144,11.8959,16.27152,4.32313,1.06476,24.15042,11.84488,20.08513,19.71603,16.66291,29.37192,13.16542,17.85588,14.86064,15.7424,5.14381,22.01525,4.12578,30.46831,19.30208,15.25354,31.0375,4.74611,22.15109,3.9729,17.91814,17.03109,3.2568,7.31773,14.39861,17.40686,14.29361,12.50661,11.58676,2.46901,6.53962,22.56066,21.54989,16.63321,4.46527,24.70365,4.60512,17.30788,11.84192,5.91588,7.07732,8.68522,3.44498,11.14587,4.23284,3.13003,3.65928,18.90317,39.27133,17.05,20.72263,3.02105,37.99638,27.0564,16.53265,9.10716,2.95335,18.48533,17.66775,4.09304,28.00005,20.73098,14.93354,16.88407,5.64044,23.4745,18.10731,17.64879,30.28378,27.08902,8.36019,15.59453,4.08979,16.05468,4.39506,3.10361,16.25284,13.45527,6.87453,20.73779,4.61707,18.67442,5.0682,6.97975,16.26636,13.8705,20.44866,19.43905,8.55312,11.37715,18.70981,3.96508,5.73835,9.31402,9.95844,36.65321,13.32244,1.92943,37.39234,12.98733,10.21959,13.73042,31.63513,3.5271,5.05415,12.16045,21.30701,34.47472,12.60161,17.24268,18.24821,1.17792,16.62633,30.14833,10.43726,5.44403,4.2998,5.99402
1996,4.32438,4.38863,16.14917,24.39835,28.32545,20.2261,19.57024,37.12241,22.0393,25.99856,20.19529,16.58413,3.77536,19.58489,5.4183,2.27063,2.29409,17.52234,20.998,24.0819,18.09386,14.65426,21.22957,17.49349,21.02336,16.34867,19.68486,13.6744,4.50747,5.04465,4.91615,23.65633,20.46039,26.98743,7.30425,7.517,7.97566,4.11269,3.44504,39.24909,11.85327,5.93781,5.2721,19.42533,16.88284,25.4214,14.63963,22.05597,4.8267,17.39098,23.01173,13.81464,17.97615,21.6768,32.39166,4.23341,28.32936,14.98137,1.84662,17.798,13.16152,19.00175,28.21825,6.45889,25.42256,17.9216,6.01904,4.42973,4.77679,4.63398,4.93601,26.34545,17.53803,16.87148,17.1766,12.18234,17.99785,17.9833,12.32664,16.65871,4.52168,1.17512,24.72725,12.40705,20.61126,20.06044,16.95077,29.89166,13.66901,18.28585,14.96207,15.60831,5.35438,21.54965,4.33775,31.0678,20.06664,15.97162,32.14258,5.0241,22.75682,4.1067,18.36649,17.6744,3.45745,7.6043,14.48353,17.69549,14.36275,12.77066,11.59596,2.56167,6.90299,23.74717,21.96045,16.92455,4.71275,25.20048,4.87308,17.70165,11.71404,6.13314,7.42635,9.22344,3.56224,11.9401,4.45849,3.27935,3.82189,19.56642,40.2864,17.28185,21.14528,3.18886,39.06078,28.1045,16.92844,9.39752,3.10969,19.1524,17.97233,4.2852,28.56184,21.21342,15.28129,17.53264,5.99303,24.34503,18.72346,18.03661,31.02527,27.89349,8.53323,15.29657,4.22156,16.54389,4.58831,3.22141,17.00933,13.61223,7.19372,21.44515,4.78825,18.97025,5.26537,7.33371,16.88065,14.17014,20.87681,19.79261,8.90285,12.07362,19.19845,4.1507,6.00798,9.99436,9.91848,37.602,13.27535,2.0286,38.31664,13.5904,10.51861,14.01533,32.51014,3.66159,5.20883,12.11363,22.10945,35.32966,12.57785,17.90771,18.91301,1.28351,16.97446,30.90496,10.57839,6.00416,4.46048,6.17895
1997,4.59455,4.60508,16.4442,24.93254,29.15726,20.96228,19.47172,37.54731,22.91863,26.67793,20.62148,16.59124,3.91646,19.8611,5.68818,2.35496,2.43628,17.78909,21.66777,25.03977,18.29709,14.72598,22.04857,18.1499,21.54474,16.85313,20.45313,14.58091,4.78454,5.3107,5.17229,24.29472,20.78148,28.32273,7.72386,7.86045,8.32487,4.32151,3.64047,40.08918,12.14921,6.16581,5.51141,20.12397,17.55004,25.91782,14.94246,22.52388,5.00755,18.01858,23.38284,14.2788,18.41926,22.21779,33.12377,4.38819,28.83416,15.10543,1.90287,18.25134,13.37739,19.24355,28.78195,6.80032,26.24104,17.91424,6.28701,4.6208,5.00123,4.84073,5.1903,26.92958,18.22764,17.09895,17.70699,12.59962,18.60052,18.40367,12.76385,17.07675,4.73593,1.30942,25.29834,13.01114,21.17661,20.39108,17.25365,30.42187,14.18133,18.76782,15.0632,15.47129,5.57408,21.06041,4.5484,31.67786,20.85424,16.73807,33.39745,5.31558,23.4081,4.25048,18.85641,18.32458,3.67725,7.89026,14.57212,17.97117,14.42192,13.05675,11.61479,2.66083,7.28642,24.9088,22.3787,17.1993,4.98333,25.6725,5.15475,18.08569,11.60025,6.35231,7.80035,9.81745,3.68634,12.76596,4.701,3.44212,3.99394,20.2163,41.0972,17.48968,21.54103,3.36499,40.10968,29.16198,17.3666,9.69764,3.28188,19.81491,18.27245,4.48403,29.08652,21.71231,15.62479,18.19741,6.35782,25.22585,19.32585,18.4517,31.78863,28.77937,8.75707,14.99403,4.36164,17.09408,4.79451,3.34604,17.76963,13.77452,7.51955,22.12182,4.96814,19.27278,5.47351,7.70265,17.4934,14.49953,21.3217,20.11474,9.28959,12.80611,19.72608,4.3502,6.28845,10.66739,9.88902,38.54984,13.24009,2.12783,39.182,14.21926,10.86901,14.34529,33.34819,3.79697,5.3642,12.05134,22.89679,36.18879,12.57509,18.57711,19.57651,1.40838,17.35333,31.64354,10.73924,6.64779,4.63231,6.36773
1998,4.89156,4.83479,16.74554,25.48752,29.98656,21.70066,19.35111,38.00121,23.79503,27.34183,21.06121,16.61741,4.06016,20.11938,5.97324,2.4466,2.58839,18.07403,22.36284,26.01214,18.56106,14.80765,22.88233,18.80639,22.06328,17.35062,21.21947,15.51991,5.0844,5.59219,5.44437,24.94176,21.09129,29.6541,8.16178,8.21627,8.68277,4.54491,3.84791,40.95845,12.44262,6.40162,5.76176,20.80505,18.12862,26.4378,15.24459,22.98777,5.19582,18.65263,23.69157,14.75924,18.89866,22.73873,33.8479,4.55367,29.36187,15.25672,1.96447,18.69322,13.61881,19.49281,29.36009,7.15902,27.03956,17.91473,6.57087,4.82389,5.23715,5.06043,5.45984,27.56883,18.90322,17.29526,18.20798,13.02903,19.19136,18.85919,13.20923,17.53444,4.96563,1.47389,25.86006,13.65534,21.78187,20.71741,17.56974,30.95228,14.70536,19.29771,15.14745,15.33938,5.80281,20.56222,4.75428,32.29344,21.66273,17.59532,34.59904,5.61852,24.10429,4.40334,19.38643,18.97516,3.91976,8.17389,14.66048,18.24193,14.4709,13.36693,11.64489,2.76601,7.68892,26.03273,22.80546,17.47951,5.27795,26.12628,5.44747,18.46473,11.50395,6.56997,8.19806,10.47147,3.81449,13.61661,4.95859,3.61791,4.17509,20.84751,41.87722,17.67584,21.91025,3.54973,41.11668,30.21515,17.85227,10.00996,3.47165,20.46935,18.56684,4.68679,29.59164,22.22643,15.95115,18.88204,6.73845,26.07927,19.91337,18.89723,32.59103,29.71315,9.04219,14.70984,4.51496,17.70002,5.01411,3.47685,18.51068,13.93998,7.85041,22.76159,5.15665,19.57434,5.69449,8.08409,18.10169,14.85909,21.78775,20.40293,9.69621,13.60078,20.28762,4.55761,6.57875,11.32229,9.86594,39.40256,13.21446,2.22617,39.98096,14.87581,11.27119,14.72124,34.15906,3.9256,5.51897,11.95993,23.65892,37.05114,12.59214,19.25102,20.23199,1.555,17.75508,32.38245,10.91975,7.38381,4.81623,6.55451
1999,5.21625,5.07657,17.05863,26.04159,30.81921,22.44246,19.19747,38.50327,24.67683,27.98011,21.52468,16.66349,4.20217,20.35527,6.27726,2.54655,2.7495,18.38606,23.08686,26.99835,18.86298,14.90503,23.72133,19.46508,22.57782,17.85562,21.99752,16.49724,5.40599,5.88951,5.73149,25.59158,21.38407,30.9747,8.64427,8.5831,9.04821,4.78489,4.06618,41.86587,12.73854,6.6496,6.02441,21.46578,18.65074,26.9784,15.53211,23.446,5.3887,19.29579,23.93186,15.25395,19.41506,23.23844,34.55537,4.73037,29.88407,15.43742,2.03195,19.13316,13.88539,19.73842,29.93631,7.53471,27.80695,17.92235,6.8725,5.03719,5.485,5.29445,5.74499,28.27735,19.57223,17.45715,18.67813,13.473,19.77041,19.35641,13.66309,18.0289,5.21745,1.6723,26.41223,14.3456,22.42484,21.04639,17.90816,31.453,15.24422,19.86929,15.2154,15.22106,6.0404,20.05629,4.97908,32.90304,22.48172,18.58728,35.71143,5.93207,24.84523,4.56767,19.94948,19.6279,4.18625,8.45689,14.74943,18.49823,14.52226,13.69904,11.69362,2.87748,8.11426,27.1115,23.25946,17.81835,5.59818,26.58082,5.75211,18.85248,11.42331,6.78327,8.62091,11.17945,3.9503,14.49152,5.22953,3.80804,4.36541,21.45825,42.61548,17.83319,22.2491,3.74188,42.08056,31.25123,18.38442,10.34095,3.68105,21.1179,18.85899,4.89435,30.13478,22.75612,16.29236,19.58608,7.13941,26.88764,20.49164,19.36997,33.41267,30.64212,9.37129,14.50006,4.68102,18.36158,5.24608,3.61428,19.24486,14.11128,8.18575,23.36434,5.35453,19.8803,5.91845,8.47592,18.70849,15.2577,22.27701,20.65194,10.09728,14.42702,20.87539,4.77066,6.87744,11.96475,9.84073,40.36649,13.20087,2.32491,40.7499,15.56434,11.72004,15.14292,34.92647,4.05678,5.67216,11.869,24.39802,37.90439,12.62562,19.9271,20.87725,1.72717,18.15736,33.12471,11.11872,8.21654,5.01181,6.73856
2000,5.56972,5.3295,17.39356,26.58455,31.65535,23.18615,19.01763,39.09962,25.58136,28.59152,22.01458,16.72726,4.34623,20.56474,6.59914,2.65592,2.92,18.7279,23.83951,27.99912,19.22014,15.03073,24.56695,20.13091,23.09029,18.38523,22.79779,17.51751,5.74984,6.20279,6.03467,26.24192,21.65446,32.2811,9.16105,8.95979,9.4197,5.047,4.29727,42.83281,13.04187,6.90982,6.29561,22.10665,19.14433,27.53239,15.77043,23.89031,5.58633,19.94938,24.08772,15.76538,19.9488,23.71566,35.23688,4.91279,30.37639,15.67165,2.10555,19.5709,14.17829,19.9647,30.48671,7.92599,28.53629,17.93721,7.19157,5.26351,5.74335,5.54231,6.03657,29.0684,20.23716,17.56751,19.11341,13.93087,20.33884,19.90858,14.12492,18.55438,5.49709,1.90865,26.94513,15.07352,23.09838,21.37699,18.271,31.92087,15.79416,20.47592,15.26682,15.11277,6.28786,19.54922,5.23819,33.50916,23.30688,19.71403,36.71007,6.25542,25.62268,4.74422,20.5324,20.28643,4.47897,8.73784,14.85422,18.72472,14.60083,14.04965,11.77746,2.99483,8.56438,28.13594,23.75767,18.24894,5.94574,27.01958,6.07139,19.27089,11.35747,6.99121,9.06802,11.94045,4.0942,15.39374,5.51402,4.01182,4.56481,22.04559,43.44494,17.95559,22.54354,3.94026,42.97743,32.26255,18.95753,10.68981,3.91089,21.76035,19.14994,5.10729,30.79413,23.29785,16.68094,20.31254,7.55833,27.63852,21.06481,19.86359,34.23669,31.56442,9.75015,14.40011,4.85297,19.0863,5.4918,3.75842,20.01964,14.27618,8.52125,23.92322,5.56232,20.22116,6.14282,8.87629,19.33052,15.6893,22.80333,20.86321,10.50823,15.26994,21.48435,4.99245,7.18369,12.59532,9.81326,41.2505,13.19802,2.42408,41.50445,16.28656,12.20984,15.60352,35.66952,4.18802,5.8229,11.82284,25.1112,38.73211,12.67474,20.61226,21.51448,1.9294,18.57147,33.88321,11.33055,9.16608,5.21947,6.92242
2001,5.95364,5.59446,17.75447,27.05039,32.49997,23.92615,18.83425,39.80786,26.48753,29.16758,22.53724,16.80994,4.4966,20.73586,6.9372,2.77468,3.09947,19.09122,24.61961,29.01484,19.64766,15.17912,25.41476,20.8101,23.59626,18.95319,23.61796,18.5804,6.11958,6.53277,6.3532,26.87628,21.89881,33.57419,9.71237,9.34531,9.79532,5.33208,4.53487,43.85095,13.35605,7.1759,6.5751,22.72753,19.63838,28.10223,15.95406,24.28761,5.78977,20.61571,24.15448,16.29204,20.49615,24.16762,35.87578,5.1037,30.84067,15.96076,2.18548,20.00763,14.49949,20.16233,30.99702,8.33202,29.20912,17.96444,7.52533,5.50395,6.01232,5.80359,6.33692,29.91611,20.8978,17.61698,19.50713,14.40146,20.89025,20.51926,14.59171,19.11752,5.8117,2.18657,27.44151,15.83809,23.80022,21.68769,18.65169,32.37185,16.36795,21.11758,15.30326,15.00675,6.54553,19.04223,5.51664,34.10688,24.12489,20.90658,37.59364,6.58854,26.42239,4.93451,21.12997,20.9538,4.79779,9.01479,14.98333,18.92753,14.70087,14.41365,11.90086,3.11815,9.04472,29.10356,24.2878,18.7567,6.31949,27.44646,6.40842,19.72768,11.30903,7.19266,9.53903,12.75117,4.24185,16.32448,5.81307,4.22919,4.77376,22.6072,44.37125,18.03755,22.77419,4.14331,43.83846,33.22866,19.56712,11.05655,4.16322,22.39685,19.43952,5.326,31.6148,23.85533,17.12084,21.05783,7.99582,28.35929,21.64053,20.37377,35.05807,32.48555,10.1718,14.39453,5.03053,19.87986,5.75246,3.90859,20.85735,14.43525,8.85426,24.42822,5.77895,20.62134,6.37345,9.29019,19.96921,16.16728,23.3608,21.02326,10.92757,16.14492,22.10815,5.22478,7.49666,13.22307,9.78779,42.23573,13.20239,2.5233,42.27793,17.04149,12.73655,16.10191,36.40764,4.32576,5.97269,11.80513,25.80075,39.51677,12.73916,21.31054,22.13831,2.1661,19.01088,34.67532,11.54747,10.24297,5.44148,7.10012
2002,6.36874,5.87004,18.13258,27.45915,33.34818,24.66012,18.65914,40.61082,27.37938,29.69101,23.07797,16.91153,4.64794,20.85748,7.29063,2.90396,3.28523,19.47723,25.41324,30.0509,20.16069,15.35916,26.26717,21.51449,24.09798,19.57493,24.45766,19.68676,6.51335,6.87704,6.68508,27.4725,22.10232,34.85523,10.30219,9.73745,10.17155,5.63755,4.77506,44.91171,13.68672,7.44527,6.86569,23.32804,20.1654,28.68012,16.10988,24.61451,5.99973,21.30166,24.13238,16.83219,21.04355,24.59613,36.44905,5.3046,31.26202,16.28629,2.27131,20.43361,14.85409,20.31435,31.49435,8.75094,29.78506,18.01432,7.87568,5.7547,6.29288,6.07658,6.65211,30.78709,21.55571,17.62393,19.8529,14.88071,21.42204,21.15617,15.06131,19.7276,6.16454,2.50838,27.88258,16.62025,24.5118,21.94726,19.04057,32.82041,16.9762,21.78209,15.31721,14.91271,6.81289,18.5321,5.80319,34.68148,24.93086,22.07299,38.36081,6.93138,27.22594,5.1397,21.73037,21.63759,5.1429,9.28891,15.13633,19.10809,14.82855,14.77808,12.04788,3.24649,9.56324,30.00513,24.82934,19.28342,6.71899,27.85739,6.76402,20.21638,11.28218,7.38895,10.0333,13.60509,4.39447,17.27264,6.12562,4.4593,4.99176,23.14094,45.47341,18.07238,22.92028,4.34671,44.7021,34.1205,20.20168,11.43964,4.43658,23.0219,19.73932,5.55052,32.55431,24.42296,17.60788,21.81495,8.45093,29.03759,22.22064,20.8882,35.86701,33.38974,10.62659,14.47576,5.21057,20.73019,6.02871,4.06544,21.69939,14.59612,9.18393,24.87042,6.0017,21.05889,6.60997,9.71659,20.62561,16.71218,23.90899,21.13524,11.35276,17.02109,22.73321,5.46233,7.81555,13.85588,9.75814,43.14562,13.21437,2.62143,43.07489,17.83208,13.28735,16.63006,37.16469,4.46957,6.12073,11.81693,26.47758,40.20908,12.81848,22.01875,22.7446,2.44102,19.46477,35.50085,11.7601,11.44752,5.67936,7.26645
2003,6.81334,6.15323,18.52286,27.89674,34.18987,25.3896,18.51417,41.48497,28.27495,30.15091,23.61866,17.0334,4.79673,20.9249,7.65575,3.04275,3.47467,19.89007,26.23907,31.08876,20.75135,15.59528,27.12824,22.23997,24.60174,20.25593,25.31107,20.83348,6.93012,7.23442,7.02896,28.01138,22.25595,36.12212,10.94722,10.12915,10.54364,5.96271,5.02125,45.99936,14.03823,7.7101,7.16232,23.90414,20.73064,29.21823,16.24652,24.87446,6.21308,21.99984,24.02894,17.3834,21.58448,24.99946,36.94679,5.51287,31.62024,16.64393,2.36273,20.83773,15.2459,20.40523,31.99737,9.17912,30.24481,18.09881,8.24412,6.01091,6.58008,6.35843,6.97948,31.66177,22.2091,17.58649,20.14777,15.36114,21.93423,21.80344,15.53027,20.36805,6.55577,2.86907,28.25585,17.39827,25.22413,22.14235,19.42538,33.22258,17.6106,22.46469,15.30939,14.84078,7.08797,18.02394,6.10488,35.22646,25.73083,23.16619,39.04133,7.28341,28.0196,5.35851,22.32838,22.33434,5.5138,9.55744,15.33654,19.24665,15.02198,15.13519,12.22165,3.37797,10.12142,30.83137,25.37497,19.80957,7.13948,28.19916,7.13955,20.73627,11.27896,7.57894,10.54347,14.48185,4.55173,18.22625,6.45018,4.6989,5.21553,23.64329,46.55975,18.06539,22.98348,4.54731,45.67223,34.92826,20.85426,11.83797,4.73116,23.63956,20.06114,5.78123,33.55312,24.99305,18.14386,22.57211,8.92275,29.60087,22.79754,21.39514,36.66574,34.266,11.13879,14.71055,5.38579,21.63355,6.31909,4.22687,22.50121,14.75885,9.50111,25.24121,6.22311,21.52787,6.85472,10.14575,21.29902,17.31143,24.44516,21.18909,11.78121,17.88606,23.35533,5.70177,8.13383,14.48595,9.72367,43.8868,13.23189,2.71685,43.89087,18.65383,13.85376,17.1849,38.01511,4.61798,6.26496,11.90334,27.12658,40.77463,12.91556,22.73232,23.33314,2.76024,19.93057,36.34633,11.96983,12.7506,5.93208,7.42054
2004,7.28542,6.44098,18.91989,28.35393,35.01961,26.11778,18.41879,42.39686,29.16818,30.54593,24.15016,17.17409,4.95085,20.94075,8.02245,3.18677,3.66755,20.34779,27.09747,32.10776,21.39008,15.88648,27.99636,22.96785,25.1161,21.00272,26.15809,22.00768,7.36414,7.60074,7.38011,28.47585,22.37552,37.37643,11.63171,10.51134,10.90053,6.30611,5.26864,47.11245,14.41847,7.97107,7.45817,24.4614,21.31987,29.68109,16.38124,25.07324,6.42904,22.70007,23.85159,17.94629,22.11367,25.38059,37.37669,5.72532,31.91116,17.03927,2.45876,21.21854,15.67124,20.43463,32.52079,9.61006,30.58799,18.21582,8.62318,6.2729,6.86882,6.64306,7.31684,32.5366,22.86459,17.49853,20.39935,15.84108,22.42739,22.46163,15.99938,21.03834,6.98268,3.25757,28.55009,18.14533,25.93218,22.28775,19.79361,33.55792,18.27396,23.16267,15.28756,14.80436,7.36664,17.52276,6.42386,35.75303,26.53746,24.13385,39.67485,7.64131,28.79188,5.58771,22.92109,23.03808,5.90727,9.81373,15.59388,19.35359,15.29503,15.47833,12.42747,3.51092,10.71499,31.58163,25.91575,20.36445,7.57414,28.46238,7.52732,21.30006,11.30125,7.75929,11.06051,15.3742,4.71233,19.16813,6.78138,4.94488,5.43956,24.11734,47.516,18.02514,22.97406,4.74208,46.67212,35.65776,21.51418,12.24424,5.04677,24.25093,20.41456,6.01474,34.55024,25.55791,18.7125,23.31985,9.40844,30.03358,23.37187,21.88362,37.42656,35.1091,11.72317,15.07853,5.55695,22.60751,6.62042,4.39005,23.24355,14.92302,9.79779,25.5444,6.4443,22.05495,7.11143,10.56697,21.99697,17.96556,25.0139,21.19346,12.20959,18.75653,23.97392,5.94156,8.44476,15.09835,9.68954,44.55438,13.25337,2.80472,44.71918,19.50038,14.43227,17.7686,38.9499,4.76906,6.4027,12.05524,27.73742,41.19839,13.03438,23.43908,23.91054,3.12811,20.40191,37.20223,12.17819,14.11804,6.1967,7.56544
2005,7.78092,6.72918,19.30716,28.79356,35.83119,26.84044,18.35461,43.32003,30.05182,30.8671,24.66659,17.33506,5.10235,20.91703,8.38684,3.33319,3.86093,20.86574,27.9287,33.1189,22.042,16.23334,28.86612,23.6849,25.64696,21.80938,26.98908,23.19937,7.80965,7.97251,7.73409,28.85162,22.48218,38.61618,12.3448,10.87553,11.23675,6.66503,5.51038,48.23779,14.83829,8.22719,7.75012,25.00337,21.92583,30.06007,16.52179,25.217,6.64657,23.39706,23.61868,18.51796,22.62119,25.73997,37.73827,5.93798,32.13908,17.48324,2.55816,21.5757,16.13694,20.4057,33.05624,10.03506,30.808,18.3547,9.00853,6.53767,7.15437,6.92794,7.66049,33.42386,23.53289,17.34265,20.61564,16.32169,22.9032,23.10726,16.46881,21.73064,7.44439,3.6578,28.75837,18.84198,26.62182,22.38694,20.13059,33.81519,18.97459,23.87204,15.24773,14.8067,7.64288,17.02538,6.75061,36.26175,27.35769,24.96699,40.31139,7.99885,29.53447,5.82612,23.50384,23.7417,6.32007,10.04927,15.86718,19.43312,15.61641,15.79954,12.65593,3.6432,11.34158,32.25185,26.44672,20.93255,8.01846,28.66534,7.91989,21.88844,11.35265,7.92584,11.57701,16.26431,4.87238,20.07496,7.11272,5.19282,5.66196,24.5664,48.3898,17.95424,22.91092,4.92613,47.60598,36.29729,22.17501,12.64957,5.38278,24.8587,20.81387,6.24959,35.4466,26.11372,19.28823,24.05815,9.90015,30.29964,23.94619,22.3473,38.12831,35.97363,12.40354,15.50276,5.72496,23.65806,6.92909,4.55215,23.96938,15.09055,10.06569,25.79057,6.66309,22.64355,7.37496,10.96982,22.70612,18.66135,25.61539,21.16247,12.62969,19.6076,24.58056,6.17932,8.74055,15.68047,9.65475,45.24918,13.27815,2.88192,45.54927,20.37057,15.01045,18.37377,39.88401,4.91797,6.53217,12.24245,28.33481,41.47683,13.16995,24.13827,24.48257,3.54971,20.8743,38.05876,12.38311,15.49958,6.46935,7.70206
2006,8.29984,7.01671,19.67405,29.13375,36.60284,27.5526,18.31418,44.24304,30.9432,31.14001,25.17287,17.52524,5.24373,20.87391,8.74883,3.48288,4.05267,21.44595,28.69408,34.1283,22.68553,16.64088,29.73927,24.40301,26.20719,22.66142,27.81588,24.40967,8.26081,8.34796,8.08933,29.15112,22.59283,39.84502,13.14678,11.22171,11.55542,7.03913,5.74478,49.33167,15.31441,8.47695,8.03698,25.53459,22.56435,30.37048,16.65651,25.3373,6.86476,24.08517,23.34633,19.10572,23.09495,26.09056,38.02987,6.14829,32.31284,17.99818,2.6604,21.92229,16.65236,20.32449,33.61114,10.45279,30.9334,18.52497,9.40015,6.80424,7.43711,7.21078,8.01141,34.27428,24.22508,17.13499,20.80681,16.80313,23.37469,23.70648,16.94656,22.42834,7.93987,4.05618,28.89727,19.4623,27.28132,22.46035,20.4506,33.9762,19.70317,24.58275,15.17769,14.85238,7.91272,16.53376,7.08401,36.78223,28.20395,25.68209,40.92838,8.35869,30.24426,6.07536,24.06465,24.44406,6.75119,10.26209,16.13404,19.50077,15.9826,16.09049,12.90437,3.77555,11.98973,32.84912,26.98264,21.49935,8.46656,28.82046,8.31856,22.46839,11.4395,8.07875,12.09162,17.13997,5.03164,20.94667,7.44296,5.44259,5.88253,25.00363,49.43712,17.86446,22.8181,5.09673,48.47275,36.85877,22.83259,13.05959,5.74109,25.475,21.27585,6.49089,36.23421,26.66142,19.84887,24.79633,10.39538,30.36574,24.51881,22.77555,38.78264,36.82392,13.19255,16.0058,5.89159,24.73347,7.2456,4.71323,24.72509,15.26383,10.30228,25.99267,6.88062,23.26507,7.64086,11.3545,23.42439,19.36286,26.22172,21.12431,13.03938,20.42011,25.16117,6.41224,9.02106,16.23724,9.61564,46.05217,13.30727,2.95077,46.36568,21.26637,15.57249,18.99362,40.78849,5.06417,6.65535,12.47245,28.92407,41.64167,13.32123,24.82717,25.05935,4.03171,21.33763,38.92304,12.58529,16.84115,6.75125,7.82464
2007,8.84429,7.30196,20.01066,29.33292,37.29607,28.26015,18.31489,45.14475,31.83251,31.38192,25.65922,17.74521,5.38463,20.82943,9.10475,3.63442,4.245,22.07488,29.39682,35.11634,23.34021,17.08522,30.61595,25.13405,26.80509,23.55108,28.64962,25.63433,8.71818,8.7236,8.44281,29.3905,22.71108,41.07301,14.06235,11.54755,11.85639,7.42755,5.97153,50.38199,15.84873,8.72225,8.31676,26.06043,23.24788,30.62919,16.79317,25.45573,7.08282,24.76026,23.0375,19.7094,23.53686,26.43769,38.26434,6.35763,32.41481,18.57621,2.76537,22.26555,17.21323,20.19085,34.21422,10.86103,30.99564,18.73579,9.79509,7.07023,7.71355,7.49033,8.36768,35.01705,24.94209,16.90505,20.98102,17.28739,23.83998,24.25868,17.42992,23.12186,8.47617,4.45308,28.97905,20.00039,27.91693,22.52848,20.75516,34.02915,20.44148,25.29238,15.08418,14.94175,8.17257,16.04983,7.42861,37.32247,29.07882,26.25713,41.45284,8.72894,30.92481,6.33837,24.60497,25.13786,7.2029,10.44968,16.39149,19.56599,16.39781,16.35478,13.1674,3.90928,12.65979,33.37886,27.5371,22.06417,8.91211,28.91423,8.72421,23.02409,11.56205,8.21678,12.60103,17.99357,5.18987,21.78735,7.77148,5.69345,6.09944,25.43599,50.3785,17.76873,22.71264,5.25841,49.27019,37.36453,23.49592,13.47752,6.12776,26.10706,21.81158,6.74311,36.958,27.20231,20.38936,25.53513,10.89559,30.26275,25.08866,23.16737,39.37666,37.5935,14.05385,16.60166,6.06031,25.7855,7.56806,4.87195,25.44922,15.4451,10.50276,26.15228,7.098,23.91729,7.90836,11.71405,24.15347,20.05563,26.8296,21.11123,13.43653,21.17404,25.71464,6.63709,9.28355,16.78235,9.57036,46.8558,13.3396,3.01296,47.12564,22.18118,16.11935,19.62383,41.69294,5.20666,6.77421,12.75929,29.49667,41.73534,13.49271,25.49973,25.64832,4.57809,21.80098,39.77242,12.79086,18.07821,7.03946,7.94152
2008,9.41541,7.57949,20.3027,29.44014,37.89097,28.95614,18.38194,46.00681,32.69446,31.60675,26.10576,17.99233,5.52146,20.79248,9.44082,3.78274,4.43824,22.71669,30.02337,36.09221,24.03761,17.54239,31.48897,25.879,27.44153,24.43934,29.50103,26.85319,9.17933,9.09311,8.78906,29.55944,22.8269,42.29206,15.02319,11.84441,12.13099,7.82276,6.1887,51.33961,16.43616,8.96236,8.57985,26.57434,23.98515,30.84552,16.91949,25.54651,7.29503,25.426,22.70026,20.32764,23.93931,26.78199,38.45414,6.56891,32.47823,19.21701,2.87128,22.61178,17.81172,20.00442,34.83817,11.25183,31.00787,18.98624,10.18083,7.32954,7.97683,7.75815,8.7233,35.65875,25.67888,16.65955,21.14519,17.78023,24.29947,24.74945,17.91456,23.80506,9.05638,4.83974,28.99492,20.45838,28.5249,22.5899,21.04225,34.0021,21.18815,25.99872,14.97611,15.07326,8.41278,15.5716,7.78412,37.85889,29.97358,26.69675,41.86327,9.10955,31.57253,6.60953,25.12126,25.81759,7.67471,10.60892,16.65084,19.62273,16.85364,16.59078,13.43986,4.04421,13.38235,33.85074,28.10011,22.60251,9.3446,28.97537,9.13054,23.52875,11.71472,8.33647,13.1066,18.81066,5.34298,22.5986,8.0938,5.93834,6.30356,25.86489,50.95915,17.6694,22.59783,5.41319,49.95196,37.80903,24.16855,13.88716,6.54648,26.74999,22.43999,7.01082,37.61061,27.73141,20.8981,26.27544,11.399,30.02335,25.65039,23.52266,39.94231,38.28079,14.94064,17.24892,6.23082,26.80163,7.89087,5.024,26.08184,15.64158,10.65447,26.27397,7.31023,24.54315,8.17128,12.02997,24.88372,20.7273,27.40499,21.14778,13.79078,21.83205,26.2451,6.84747,9.51698,17.31796,9.52322,47.58472,13.37194,3.06856,47.84166,23.11052,16.64814,20.25483,42.54934,5.34483,6.88661,13.10937,30.06722,41.75764,13.67963,26.15054,26.24591,5.19027,22.264,40.58031,13.00312,19.14122,7.33083,8.05697
2009,10.0154,7.84646,20.54785,29.49485,38.40886,29.64578,18.53668,46.79577,33.53072,31.81647,26.50427,18.26844,5.65413,20.76416,9.74848,3.92612,4.63264,23.37041,30.60004,37.08444,24.75053,18.01137,32.35974,26.62832,28.12018,25.3138,30.37786,28.05737,9.64922,9.45275,9.12458,29.65269,22.92383,43.49056,16.00223,12.11182,12.38041,8.2179,6.39859,52.16093,17.07428,9.20239,8.82343,27.07678,24.77773,31.02581,17.0577,25.60174,7.50047,26.10273,22.3472,20.96888,24.3233,27.12939,38.63553,6.78164,32.52667,19.92935,2.97914,22.96936,18.45252,19.77696,35.43958,11.62028,30.97417,19.28456,10.55284,7.58056,8.22406,8.01117,9.07294,36.15789,26.43677,16.39937,21.30101,18.28761,24.75838,25.14705,18.40139,24.4681,9.68323,5.20908,28.94394,20.87725,29.12132,22.6447,21.30139,33.89229,21.92756,26.72466,14.83957,15.24536,8.63294,15.10153,8.15241,38.37025,30.87189,27.03939,42.17595,9.50634,32.20499,6.88874,25.63406,26.48893,8.16755,10.74616,16.93017,19.67343,17.33532,16.80849,13.72055,4.18319,14.18489,34.2804,28.65641,23.06076,9.75629,29.01303,9.54211,23.95139,11.89497,8.44095,13.6049,19.58872,5.49563,23.38507,8.40896,6.17373,6.48692,26.29939,51.53684,17.56577,22.48527,5.5669,50.53393,38.18981,24.86978,14.28264,7.00282,27.40652,23.18001,7.30112,38.19568,28.26275,21.36412,27.02212,11.91268,29.65952,26.2057,23.86293,40.52703,38.83065,15.81711,17.89199,6.40641,27.79733,8.21426,5.16688,26.63811,15.86975,10.75257,26.38237,7.51659,25.10742,8.4288,12.29465,25.6148,21.38354,27.88661,21.24699,14.10397,22.40105,26.76753,7.04536,9.71453,17.8432,9.47,48.28641,13.40688,3.1202,48.56452,24.0544,17.1745,20.89614,43.34698,5.48555,6.99732,13.52347,30.64129,41.72471,13.88743,26.78949,26.85659,5.86803,22.73265,41.34459,13.24018,19.97184,7.62789,8.16537
2010,10.64961,8.10853,20.73835,29.51755,38.93764,30.34268,18.78233,47.51206,34.34739,32.02741,26.85723,18.5794,5.7871,20.75294,10.0319,4.06697,4.83299,24.03007,31.18275,38.08225,25.38322,18.47574,33.22122,27.39243,28.84421,26.17529,31.27058,29.23738,10.13534,9.80917,9.45508,29.67444,22.99911,44.67407,17.00071,12.35723,12.61209,8.61045,6.60483,52.83382,17.76019,9.44671,9.05591,27.57485,25.59514,31.18385,17.23629,25.63405,7.70427,26.8128,21.99009,21.64142,24.71432,27.48886,38.82104,6.99949,32.54443,20.68313,3.09318,23.34785,19.13748,19.50786,35.99101,11.97222,30.91369,19.64634,10.9196,7.82871,8.46054,8.25234,9.41878,36.46824,27.21333,16.11403,21.45867,18.81367,25.22282,25.44541,18.89582,25.11451,10.36147,5.56121,28.83973,21.29651,29.72479,22.70906,21.52468,33.68031,22.64924,27.49367,14.69863,15.46085,8.83693,14.64131,8.54146,38.84834,31.76588,27.31971,42.40471,9.92448,32.83111,7.18628,26.1581,27.1604,8.68416,10.87339,17.22912,19.72389,17.84337,17.02408,14.00473,4.3303,15.07807,34.67944,29.19594,23.43399,10.15107,29.00288,9.96499,24.26235,12.10179,8.53456,14.08876,20.3466,5.65657,24.14891,8.72628,6.40185,6.65176,26.74273,52.09827,17.47287,22.38268,5.72547,51.02074,38.51579,25.60918,14.66445,7.50508,28.08278,24.03088,7.61712,38.72139,28.80176,21.78205,27.78611,12.44203,29.18416,26.75622,24.20341,41.10427,39.39574,16.64604,18.47326,6.5914,28.77331,8.54346,5.30784,27.22071,16.13761,10.81162,26.48893,7.72116,25.61159,8.68528,12.51213,26.35062,22.02772,28.26328,21.42718,14.40076,22.93279,27.29067,7.23791,9.88238,18.34843,9.41236,49.01643,13.449,3.16812,49.31724,25.01667,17.71773,21.55938,44.09027,5.62333,7.11396,13.96428,31.21038,41.6632,14.1223,27.42125,27.48451,6.61173,23.2073,42.05427,13.51746,20.58013,7.93666,8.27191
2011,11.32077,8.37102,20.87925,29.50968,39.50125,31.06069,19.09452,48.1502,35.15269,32.25166,27.13069,18.92535,5.92274,20.75172,10.30119,4.20897,5.04126,24.64935,31.80696,39.08544,25.88053,18.92854,34.08667,28.18507,29.61994,27.03346,32.17357,30.38084,10.64054,10.17062,9.78579,29.62999,23.04341,45.8496,17.93969,12.59575,12.83902,9.00714,6.81414,53.43222,18.49086,9.70019,9.28654,28.07352,26.4101,31.33094,17.43661,25.62478,7.90965,27.56104,21.63967,22.35086,25.12595,27.8669,39.0177,7.22667,32.53148,21.43876,3.2167,23.75192,19.86154,19.2122,36.47943,12.31602,30.82888,20.06161,11.29046,8.08049,8.6947,8.49316,9.76042,36.6179,28.00275,15.81101,21.61896,19.37529,25.69472,25.63501,19.39858,25.7313,11.0989,5.89917,28.67531,21.75174,30.34912,22.77094,21.70062,33.37237,23.37725,28.31653,14.57964,15.72997,9.02595,14.19928,8.96098,39.24807,32.64011,27.56944,42.60956,10.36142,33.45762,7.51203,26.71532,27.85553,9.22518,10.99796,17.55254,19.76362,18.39377,17.24471,14.28812,4.48797,16.06798,35.05895,29.71304,23.75248,10.53971,28.91965,10.3975,24.49155,12.34452,8.62229,14.57003,21.08553,5.82907,24.88862,9.05179,6.62958,6.80582,27.19895,52.63639,17.39001,22.29361,5.89073,51.43672,38.7887,26.39387,15.03493,8.05988,28.77784,25.00173,7.96465,39.19233,29.3461,22.13715,28.57332,12.9908,28.62257,27.31085,24.55856,41.63784,40.06819,17.39267,18.97116,6.78696,29.72616,8.88622,5.45426,27.90284,16.44455,10.84929,26.60498,7.92846,26.06307,8.94909,12.6956,27.09227,22.62853,28.53408,21.69174,14.69235,23.4532,27.83234,7.42587,10.02872,18.83898,9.35551,49.69639,13.50188,3.21182,50.0383,25.99879,18.28885,22.25194,44.7694,5.75516,7.24424,14.42747,31.79116,41.589,14.39374,28.05638,28.13084,7.41726,23.68319,42.69854,13.85516,20.98422,8.26188,8.38201
2012,12.0334,8.64036,20.98268,29.43698,40.03202,31.80235,19.45886,48.71137,35.95001,32.48557,27.32767,19.31035,6.06163,20.74756,10.55825,4.35655,5.25979,25.23402,32.45696,40.0961,26.23751,19.36623,34.95572,28.99493,30.44438,27.88959,33.07391,31.48494,11.17157,10.54114,10.12292,29.52887,23.04554,47.00452,18.75216,12.83421,13.07087,9.42103,7.03428,54.14916,19.25637,9.96301,9.519,28.5662,27.21645,31.45573,17.61223,25.56523,8.12122,28.33919,21.29586,23.1017,25.56686,28.26542,39.2378,7.46184,32.48086,22.18723,3.35218,24.18104,20.62147,18.89987,36.94044,12.65681,30.72201,20.51399,11.67504,8.34385,8.9336,8.74067,10.10277,36.63524,28.79558,15.50962,21.77592,19.97371,26.17578,25.72166,19.89953,26.33213,11.90483,6.22969,28.43974,22.24423,30.99805,22.81787,21.83143,32.96694,24.1342,29.19751,14.49209,16.05596,9.19843,13.78345,9.41835,39.5619,33.47938,27.83934,42.83279,10.81643,34.08991,7.88267,27.30617,28.58014,9.7939,11.12486,17.89418,19.79965,18.95418,17.4707,14.56627,4.65713,17.16652,35.42115,30.21593,24.02893,10.92959,28.78715,10.84351,24.71699,12.63571,8.70839,15.05898,21.81095,6.01505,25.59636,9.38674,6.86038,6.95805,27.67042,53.26983,17.30677,22.21879,6.06668,51.85542,39.00303,27.23409,15.39996,8.68013,29.49322,26.08427,8.35125,39.67495,29.90034,22.41425,29.3733,13.56205,27.98559,27.87188,24.94107,42.13641,40.64949,18.05618,19.39138,6.98979,30.66235,9.24601,5.61271,28.61166,16.78567,10.88107,26.73859,8.14414,26.47564,9.22455,12.86216,27.83408,23.14354,28.70337,22.01901,14.9875,24.02537,28.40479,7.61669,10.16315,19.33868,9.29809,50.33708,13.56859,3.25056,50.64459,26.98981,18.8997,22.97495,45.40411,5.88982,7.39501,14.90136,32.39248,41.50928,14.70975,28.69619,28.79526,8.27805,24.16391,43.29855,14.2525,21.20275,8.60814,8.49905
2013,12.79757,8.92295,21.07412,29.3169,40.51603,32.58469,19.8781,49.21302,36.77855,32.74651,27.48277,19.74018,6.20512,20.74924,10.80895,4.5122,5.49149,25.80265,33.12586,41.11818,26.56257,19.77019,35.83394,29.81021,31.31497,28.74297,33.96737,32.55496,11.73334,10.92795,10.473,29.38933,23.01674,48.16262,19.45418,13.07925,13.31886,9.8571,7.27024,54.99227,20.05311,10.23676,9.75967,29.06119,28.04016,31.56661,17.76018,25.49092,8.34124,29.13777,20.97224,23.90847,26.05622,28.693,39.48363,7.70473,32.4217,22.92735,3.50063,24.65262,21.43005,18.58396,37.42162,13.00096,30.61752,21.01342,12.082,8.62549,9.1824,8.99997,10.456,36.55248,29.60582,15.22306,21.92816,20.61623,26.67087,25.76899,20.41397,26.95307,12.77943,6.56162,28.16217,22.78881,31.67874,22.88305,21.9467,32.49109,24.92655,30.14272,14.44603,16.4311,9.35175,13.40131,9.88877,39.8303,34.30618,28.15642,43.07953,11.28613,34.74022,8.31541,27.92729,29.34558,10.39269,11.25627,18.23114,19.86505,19.46932,17.70861,14.85152,4.83971,18.37471,35.77634,30.7284,24.2873,11.32522,28.67141,11.30656,24.94365,12.9849,8.79493,15.54957,22.54595,6.2143,26.27989,9.73309,7.10035,7.11549,28.16326,54.05746,17.23075,22.17767,6.25731,52.33868,39.17154,28.14789,15.76899,9.3681,30.23629,27.27704,8.77946,40.23432,30.4701,22.6328,30.19257,14.15948,27.28951,28.45081,25.36424,42.59149,41.22552,18.66137,19.69512,7.19823,31.60239,9.62625,5.78654,29.25871,17.16929,10.92037,26.90006,8.37311,26.95532,9.51635,13.02119,28.5802,23.59554,28.82332,22.39506,15.28849,24.7034,29.02404,7.81941,10.29083,19.86339,9.24342,51.00812,13.65841,3.28337,51.18491,27.99757,19.56485,23.73445,46.00138,6.02712,7.57445,15.3646,33.02811,41.45197,15.08147,29.34669,29.48081,9.18662,24.65034,43.88023,14.7082,21.27575,8.97703,8.62536
2014,13.6165,9.22543,21.16679,29.14845,40.97165,33.40477,20.33704,49.68534,37.63984,33.04749,27.62311,20.21166,6.35124,20.76858,11.06838,4.68207,5.73581,26.27403,33.83845,42.13649,26.98808,20.12667,36.70982,30.64644,32.21824,29.59437,34.84445,33.59332,12.32686,11.33815,10.84346,29.22505,22.97351,49.33089,20.04616,13.34236,13.59386,10.32228,7.52903,55.84564,20.87191,10.52533,10.01896,29.56228,28.89246,31.684,17.85029,25.42634,8.57605,29.95394,20.67961,24.76876,26.60502,29.14689,39.76114,7.96056,32.33242,23.63885,3.66431,25.17551,22.29065,18.28062,37.91206,13.35758,30.53657,21.57384,12.52809,8.9352,9.45249,9.28191,10.82976,36.3987,30.42817,14.95538,22.07367,21.30425,27.17529,25.83046,20.94207,27.58223,13.72703,6.89113,27.86485,23.40734,32.40471,22.97616,22.05861,31.95065,25.7518,31.16708,14.45017,16.84459,9.48886,13.05734,10.35481,40.08354,35.13171,28.51999,43.42058,11.77122,35.4218,8.82637,28.59747,30.14155,11.02065,11.39992,18.53724,19.9639,19.87529,17.97148,15.17165,5.03863,19.64953,36.12613,31.2733,24.57294,11.73739,28.57516,11.78862,25.17088,13.40131,8.88701,16.06071,23.27831,6.42901,26.95306,10.09653,7.35926,7.29069,28.67392,55.07695,17.18045,22.17907,6.46141,52.81385,39.3125,29.14669,16.14432,10.12726,31.00304,28.55704,9.25361,40.90509,31.05811,22.81243,31.03093,14.78189,26.53987,29.05096,25.8448,43.01899,41.86354,19.23126,19.90491,7.41729,32.56014,10.03186,5.98306,29.84642,17.59543,10.98392,27.08581,8.61907,27.48703,9.83497,13.18044,29.33611,24.00092,28.93017,22.81284,15.60641,25.4703,29.69133,8.04128,10.42217,20.422,9.19425,51.49055,13.77651,3.31214,51.73822,29.01807,20.28655,24.54307,46.56336,6.17337,7.79256,15.79915,33.70777,41.42627,15.5065,30.00219,30.18552,10.12436,25.15168,44.44699,15.23159,21.25859,9.37363,8.7694
2015,14.49013,9.55124,21.25536,28.97884,41.41166,34.26186,20.83417,50.19298,38.49209,33.38973,27.75872,20.71826,6.50985,20.80766,11.3409,4.86888,5.99534,26.63034,34.59984,43.13552,27.5209,20.4237,37.58779,31.49029,33.15095,30.42783,35.70482,34.60049,12.95302,11.77412,11.23486,29.04905,22.92213,50.49817,20.51687,13.6319,13.89825,10.81991,7.81392,56.68424,21.70209,10.82777,10.30101,30.06635,29.79283,31.81893,17.83776,25.37288,8.82908,30.77594,20.41712,25.66862,27.19321,29.62222,40.06248,8.23283,32.20078,24.3042,3.84415,25.75095,23.20278,18.00419,38.42544,13.73111,30.48939,22.1869,13.01453,9.27476,9.74988,9.58948,11.23143,36.17395,31.2617,14.67993,22.20615,22.03207,27.6881,25.90787,21.48248,28.20382,14.74658,7.23355,27.56153,24.09759,33.16543,23.08501,22.17035,31.37156,26.61972,32.23775,14.50441,17.27597,9.60929,12.74961,10.82997,40.35561,35.97851,28.90167,43.81252,12.27856,36.14364,9.42795,29.30973,30.95283,11.68047,11.56049,18.82581,20.08526,20.16272,18.25623,15.51817,5.25578,20.97737,36.46883,31.85356,24.87969,12.17404,28.48843,12.29202,25.39712,13.87751,8.98238,16.61061,24.0101,6.66108,27.62403,10.48238,7.64085,7.48621,29.19947,56.1089,17.15809,22.22413,6.67852,53.30268,39.42947,30.20866,16.52531,10.95959,31.79085,29.90664,9.77967,41.61226,31.66486,22.93269,31.88776,15.42757,25.76589,29.67018,26.37823,43.46714,42.4319,19.76276,20.03396,7.64958,33.49228,10.4666,6.20486,30.43242,18.05857,11.07365,27.29606,8.88178,27.95181,10.18122,13.34168,30.10933,24.33172,28.98403,23.26707,15.9458,26.32679,30.38746,8.28555,10.55964,21.02025,9.1496,51.88457,13.92152,3.34107,52.29161,30.04955,21.05854,25.40993,47.09775,6.32425,8.05826,16.1848,34.42979,41.43201,15.97043,30.6568,30.90219,11.07302,25.68026,45.01158,15.81223,21.19204,9.80208,8.93251
2016,15.42224,9.90513,21.37825,28.85462,41.87113,35.16483,21.38276,50.77118,39.33969,33.77889,27.89391,21.26242,6.6856,20.86481,11.62673,5.07432,6.27381,26.97743,35.3932,44.11379,28.13732,20.67339,38.46648,32.33517,34.12356,31.23376,36.56493,35.60038,13.61018,12.24212,11.65185,28.88031,22.86361,51.64286,20.89695,13.95282,14.23478,11.35412,8.12749,57.52549,22.53215,11.14684,10.61291,30.58315,30.75171,31.96809,17.75172,25.34041,9.10025,31.60536,20.18396,26.60458,27.82315,30.12744,40.38334,8.52584,32.0576,24.95015,4.04151,26.37913,24.17113,17.75285,38.97998,14.12773,30.47162,22.84577,13.54099,9.64809,10.07624,9.92706,11.6632,35.88869,32.13769,14.39957,22.31706,22.79959,28.21151,26.01902,22.04235,28.82381,15.84332,7.59481,27.26298,24.8939,33.96492,23.21639,22.28911,30.77386,27.52886,33.33306,14.61254,17.71737,9.71061,12.48226,11.31075,40.65918,36.86054,29.3305,44.18396,12.82015,36.91916,10.13336,30.06418,31.77056,12.37364,11.73831,19.12567,20.23923,20.38395,18.56803,15.8711,5.49041,22.38843,36.81132,32.46311,25.17992,12.63762,28.45363,12.81813,25.58692,14.41069,9.08169,17.20433,24.77019,6.91023,28.303,10.89761,7.94884,7.7057,29.73498,57.06454,17.16266,22.31432,6.91296,53.79626,39.53072,31.3292,16.92098,11.86927,32.59528,31.33737,10.36945,42.35019,32.29357,23.01379,32.76031,16.10579,25.04264,30.31032,26.96678,43.96305,43.01008,20.27226,20.10496,7.89567,34.43976,10.93111,6.45245,31.08521,18.56128,11.18684,27.53151,9.16566,28.34633,10.55755,13.51204,30.89831,24.64833,29.01387,23.74322,16.3065,27.28427,31.11121,8.55805,10.7045,21.66396,9.1145,52.24728,14.10103,3.37396,52.85283,31.09556,21.87733,26.33534,47.64382,6.48423,8.38196,16.53023,35.18793,41.47956,16.4703,31.31765,31.63221,12.03398,26.24674,45.58524,16.44811,21.123,10.26369,9.11344
2017,16.41206,10.28834,21.53212,28.76262,42.36799,36.10204,21.99396,51.4047,40.21462,34.1969,28.02731,21.84012,6.86637,20.94429,11.93311,5.29996,6.56983,27.32543,36.20654,45.08642,28.8022,20.91064,39.35452,33.18645,35.12619,32.01715,37.45182,36.59858,14.29662,12.74403,12.09894,28.71994,22.79965,52.73792,21.21979,14.30633,14.60186,11.91904,8.47149,58.39269,23.36479,11.49002,10.95379,31.11949,31.75291,32.13511,17.62438,25.34166,9.39079,32.46746,19.98077,27.57506,28.48714,30.65608,40.72104,8.83992,31.90245,25.5883,4.25593,27.05792,25.19481,17.52881,39.54388,14.54832,30.47045,23.54912,14.10761,10.05655,10.43312,10.29493,12.12511,35.57212,33.05587,14.14551,22.41271,23.6078,28.75086,26.17715,22.62374,29.44379,17.01669,7.98486,26.97189,25.76011,34.79594,23.37903,22.41328,30.1838,28.45093,34.45327,14.78012,18.16965,9.79261,12.25607,11.79276,41.01204,37.7839,29.89403,44.59433,13.40212,37.7263,10.95751,30.85424,32.60417,13.09944,11.93493,19.42942,20.43035,20.58063,18.90854,16.23001,5.74207,23.86813,37.16496,33.09977,25.47284,13.13283,28.47301,13.36557,25.74877,14.99963,9.1864,17.83912,25.56119,7.17727,28.9933,11.34337,8.28371,7.95036,30.28076,57.97262,17.19794,22.44241,7.16927,54.28211,39.62146,32.49282,17.3418,12.85805,33.41637,32.85182,11.01969,43.15145,32.94157,23.08458,33.65383,16.8193,24.36563,30.96822,27.59941,44.51377,43.58508,20.77456,20.12855,8.15563,35.52298,11.42031,6.72668,31.81184,19.10787,11.322,27.7944,9.47065,28.69636,10.96341,13.70037,31.70989,24.97921,29.06781,24.22966,16.68989,28.31644,31.86683,8.85977,10.85562,22.34033,9.0949,52.91038,14.31723,3.41099,53.44067,32.16083,22.73751,27.31997,48.24288,6.66284,8.77386,16.81019,35.96848,41.56588,16.99679,31.99653,32.38578,13.0065,26.85847,46.1744,17.13252,21.06762,10.758,9.31157
2018,17.44819,10.69994,21.70023,28.70012,42.90423,37.06671,22.61365,52.08957,41.09851,34.63229,28.1473,22.43443,7.0529,21.03456,12.26341,5.54725,6.88063,27.65366,37.03986,46.04617,29.45816,21.15323,40.25293,34.05044,36.15368,32.79086,38.36463,37.60462,15.00917,13.27754,12.57266,28.56626,22.72669,53.7948,21.51509,14.68821,14.99794,12.51216,8.84728,59.24478,24.19636,11.86232,11.32264,31.67171,32.78144,32.30878,17.48559,25.35842,9.70151,33.34586,19.7909,28.56984,29.1647,31.20215,41.07562,9.17319,31.71423,26.20684,4.48792,27.76724,26.26493,17.33475,40.13109,14.99262,30.47673,24.28106,14.70577,10.49836,10.81973,10.69144,12.6128,35.24457,33.98844,13.92288,22.49461,24.41461,29.30065,26.35669,23.21957,30.06267,18.25236,8.40241,26.69347,26.65767,35.64829,23.55428,22.53736,29.60349,29.38065,35.57293,15.00511,18.62072,9.85965,12.06145,12.30087,41.42887,38.73555,30.58526,45.05832,14.0254,38.54825,11.91106,31.66363,33.45701,13.85636,12.14835,19.7032,20.63799,20.76824,19.27053,16.59393,6.0103,25.39894,37.52256,33.77209,25.77109,13.6581,28.4588,13.94233,25.92077,15.6371,9.2977,18.51218,26.36764,7.45964,29.69418,11.81832,8.64768,8.22177,30.8304,58.83697,17.25322,22.58695,7.44711,54.79322,39.69823,33.68305,17.78709,13.9247,34.24641,34.43206,11.72514,44.00612,33.60798,23.15183,34.55885,17.57658,23.68871,31.64571,28.26763,45.11638,44.14742,21.26417,20.08629,8.42741,36.6989,11.93868,7.02913,32.59741,19.69388,11.47548,28.08055,9.79778,28.99514,11.38828,13.90586,32.53917,25.28539,29.13752,24.72078,17.09547,29.40116,32.64906,9.18703,11.01422,23.03293,9.08703,53.83139,14.56111,3.45454,54.03022,33.23917,23.62718,28.35909,48.90151,6.86351,9.24321,16.99081,36.76899,41.66564,17.54465,32.69679,33.15897,13.9942,27.5198,46.7933,17.85854,21.02922,11.28182,9.52303
2019,18.52382,11.1379,21.89792,28.65625,43.47138,38.06092,23.217,52.82325,41.98307,35.07899,28.2522,23.03776,7.24936,21.12512,12.62043,5.8125,7.20403,28.03245,37.8899,46.99567,30.06435,21.39783,41.15924,34.92882,37.20451,33.56406,39.29082,38.62855,15.74724,13.8411,13.07157,28.42116,22.64404,54.84099,21.80059,15.0945,15.41851,13.13211,9.25231,60.07789,25.03458,12.25788,11.71471,32.23186,33.84747,32.48608,17.34406,25.37361,10.03216,34.22302,19.60239,29.59315,29.84879,31.76724,41.4376,9.52359,31.51441,26.80097,4.73947,28.50071,27.36034,17.16497,40.77013,15.45826,30.48351,25.02554,15.32213,10.96742,11.23222,11.11507,13.12228,34.92973,34.93166,13.72732,22.56684,25.27447,29.86063,26.5199,23.82716,30.68465,19.54319,8.84156,26.43261,27.57492,36.51229,23.73426,22.67066,29.03031,30.33085,36.68537,15.27847,19.06982,9.91005,11.8915,12.84709,41.90781,39.7022,31.35213,45.47746,14.68817,39.37791,12.99849,32.47778,34.32516,14.6435,12.3781,19.94491,20.85414,21.00991,19.64922,16.96658,6.29395,26.964,37.88209,34.50395,26.116,14.21002,28.40897,14.55857,26.11366,16.31756,9.41409,19.21969,27.19999,7.75733,30.40572,12.31822,9.03869,8.51701,31.38465,59.59585,17.32998,22.73772,7.74488,55.3511,39.76008,34.89616,18.25512,15.0623,35.07984,36.06959,12.48139,44.9074,34.28782,23.19979,35.47347,18.3747,23.04501,32.34427,28.96498,45.74134,44.75018,21.73939,20.00798,8.71087,37.88665,12.4898,7.35781,33.42261,20.31672,11.64335,28.38388,10.14464,29.30214,11.83402,14.12249,33.37814,25.56045,29.20234,25.22115,17.52095,30.53965,33.44091,9.5363,11.17943,23.72826,9.09321,54.66958,14.82914,3.50819,54.62713,34.32105,24.54297,29.42357,49.61775,7.08445,9.79632,17.08318,37.59018,41.76264,18.11065,33.41779,33.93465,15.00687,28.22969,47.45155,18.61949,21.00518,11.83477,9.74377
2020,19.64006,11.60203,22.10665,28.61032,44.05995,39.06703,23.79271,53.56142,42.87021,35.52693,28.33971,23.64475,7.45997,21.20734,13.00235,6.09333,7.54397,28.45003,38.73611,47.92686,30.63141,21.64662,42.06111,35.81356,38.26591,34.33936,40.21729,39.66961,16.51247,14.43244,13.59606,28.27964,22.5447,55.87922,22.11674,15.52277,15.86139,13.77882,9.68683,60.8777,25.88163,12.67026,12.12719,32.79131,34.94922,32.65778,17.2003,25.3829,10.38376,35.0936,19.41408,30.63499,30.54175,32.3482,41.78853,9.89345,31.32609,27.37227,5.01289,29.24269,28.47296,17.0035,41.44847,15.9461,30.47725,25.78145,15.95525,11.46417,11.66823,11.56475,13.6528,34.62418,35.87208,13.53675,22.63801,26.18823,30.4279,26.63441,24.44521,31.28672,20.88056,9.3029,26.17582,28.5084,37.3903,23.91636,22.82129,28.46183,31.27891,37.80526,15.59508,19.51694,9.95121,11.7439,13.41038,42.44624,40.65675,32.23359,45.89389,15.38502,40.20121,14.21821,33.30153,35.1989,15.4596,12.62633,20.17698,21.08393,21.31038,20.04352,17.34608,6.59358,28.54789,38.23457,35.3083,26.51304,14.78698,28.35804,15.21111,26.32393,17.02384,9.53573,19.95644,28.06055,8.07096,31.12608,12.84128,9.45602,8.83728,31.94004,60.54271,17.42517,22.88526,8.05909,55.94981,39.81152,36.12468,18.74323,16.27125,35.91277,37.74819,13.28324,45.83569,34.97784,23.22407,36.38846,19.20898,22.43725,33.05671,29.68974,46.37034,45.29552,22.2054,19.93964,9.0075,39.04486,13.07553,7.71014,34.25507,20.98303,11.82292,28.694,10.51408,29.70511,12.30287,14.3465,34.22254,25.81471,29.25985,25.72401,17.97261,31.67894,34.24293,9.90552,11.34903,24.41214,9.11798,55.33522,15.1196,3.57209,55.26085,35.40086,25.48601,30.50134,50.37794,7.3201,10.44024,17.11855,38.41596,41.8415,18.6943,34.15136,34.68604,16.0557,28.97636,48.16457,19.41318,20.98354,12.41769,9.97484
2021,20.79139,12.08767,22.30085,28.55509,44.66537,40.07796,24.36968,54.26347,43.74029,35.96533,28.41605,24.24667,7.67918,21.28247,13.40385,6.38855,7.89887,28.83161,39.59913,48.82601,31.17956,21.88585,42.95766,36.70093,39.3134,35.11247,41.13525,40.70638,17.30641,15.04661,14.1431,28.13354,22.43322,56.89078,22.45014,15.97003,16.32112,14.44588,10.14581,61.61286,26.73899,13.09545,12.55432,33.34473,36.06001,32.82464,17.048,25.38758,10.7558,35.96332,19.22618,31.69132,31.24216,32.93153,42.11889,10.2807,31.11846,27.92421,5.30745,29.9887,29.59548,16.84352,42.13595,16.45078,30.46151,26.55022,16.59713,11.98589,12.12198,12.03445,14.19485,34.30741,36.78766,13.34298,22.70867,27.08819,30.99792,26.70612,25.06908,31.85736,22.2482,9.79011,25.91792,29.45574,38.28485,24.09338,22.98352,27.89284,32.22317,38.92515,15.92424,19.95543,9.98946,11.61584,13.98498,43.03119,41.58193,33.14033,46.45684,16.10209,41.01388,15.56555,34.13934,36.07618,16.3039,12.88936,20.37405,21.30715,21.58852,20.45662,17.72425,6.91092,30.11841,38.57173,36.13968,26.92083,15.386,28.283,15.89319,26.54237,17.73744,9.6646,20.71699,28.94724,8.39807,31.85587,13.38119,9.89836,9.17962,32.49125,61.639,17.52921,23.02657,8.39169,56.58738,39.86177,37.35075,19.24444,17.54513,36.7457,39.43472,14.12053,46.7565,35.67191,23.21656,37.29802,20.07278,21.83704,33.77599,30.43954,46.99683,45.87117,22.6584,19.86046,9.31386,40.20721,13.68821,8.085,35.0592,21.69503,12.00962,28.99318,10.90186,30.18256,12.78682,14.57779,35.06939,26.04666,29.2701,26.22235,18.44486,32.82212,35.05075,10.2918,11.52332,25.0759,9.15927,55.99178,15.4281,3.64632,55.91257,36.47832,26.46161,31.59117,51.18918,7.56877,11.17651,17.08403,39.23695,41.90184,19.29182,34.88514,35.41834,17.14322,29.74515,48.91483,20.22868,20.97102,13.02954,10.21304
2022,21.97767,12.59978,22.49587,28.50383,45.27152,41.08902,24.93613,54.95565,44.56657,36.39024,28.48924,24.83944,7.91181,21.35483,13.82646,6.69987,8.27451,29.17319,40.5113,49.69802,31.69744,22.06535,43.84376,37.57148,40.34834,35.88687,42.0152,41.74328,18.13479,15.68691,14.71557,27.98396,22.32333,57.86961,22.78691,16.43565,16.8008,15.13647,10.63117,62.27895,27.61634,13.54208,13.00283,33.88952,37.14765,32.97974,16.85773,25.38968,11.15148,36.82937,19.03759,32.75356,31.9453,33.51588,42.4215,10.6915,30.89432,28.44851,5.62784,30.74178,30.73501,16.69106,42.80996,16.97507,30.43766,27.32777,17.24633,12.53404,12.59655,12.52619,14.75128,33.97217,37.67655,13.16134,22.78391,27.99645,31.57277,26.76493,25.69374,32.32292,23.64324,10.30257,25.65675,30.4124,39.18274,24.26251,23.14849,27.3123,33.187,40.02529,16.24514,20.38245,10.03206,11.50563,14.57708,43.64429,42.4694,33.91514,47.13048,16.83602,41.82067,17.03018,34.96769,36.94868,17.18019,13.16991,20.53638,21.52783,21.83406,20.88521,17.97413,7.25012,31.67517,38.89273,36.99304,27.32213,16.0096,28.18182,16.60825,26.72752,18.44612,9.80523,21.49981,29.87088,8.74229,32.60189,13.93761,10.36908,9.54664,33.03978,62.82237,17.64528,23.16663,8.74943,57.25799,39.905,38.57254,19.76532,18.88191,37.57747,41.13268,14.9941,47.66564,36.36983,23.01738,38.19709,20.96358,21.26515,34.49342,31.20538,47.61033,46.57005,23.00858,19.69998,9.63213,41.40252,14.32785,8.4848,35.82196,22.45148,12.20661,29.27119,11.30993,30.69806,13.28687,14.81856,35.91956,26.10017,29.20831,26.72328,18.93622,33.99825,35.84036,10.69781,11.70727,25.73543,9.21651,56.53669,15.7559,3.73254,56.55111,37.5437,27.46162,32.69365,51.98015,7.83466,12.01183,17.40637,40.04892,41.95314,19.89608,35.61504,36.13166,18.26558,30.53251,49.68031,21.05605,20.96687,13.67455,10.46327
