Date,ABW,AFG,AGO,ALB,AND,ARE,ARG,ARM,ASM,ATG,AUS,AUT,AZE,BDI,BEL,BEN,BFA,BGD,BGR,BHR,BHS,BIH,BLR,BLZ,BMU,BOL,BRA,BRB,BRN,BTN,BWA,CAF,CAN,CHE,CHL,CHN,CIV,CMR,COD,COG,COL,COM,CPV,CRI,CUB,CYM,CYP,CZE,DEU,DJI,DMA,DNK,DOM,DZA,ECU,EGY,ERI,ESP,EST,ETH,FIN,FJI,FRA,FSM,GAB,GBR,GEO,GHA,GIN,GMB,GNB,GNQ,GRC,GRD,GRL,GTM,GUM,GUY,HKG,HND,HRV,HTI,HUN,IDN,IMN,IND,IRL,IRN,IRQ,ISL,ISR,ITA,JAM,JOR,JPN,KAZ,KEN,KGZ,KHM,KIR,KNA,KOR,KWT,LAO,LBN,LBR,LBY,LCA,LKA,LSO,LTU,LUX,LVA,MAC,MAR,MCO,MDA,MDG,MDV,MEX,MHL,MKD,MLI,MLT,MMR,MNE,MNG,MNP,MOZ,MRT,MUS,MWI,MYS,NAM,NCL,NER,NGA,NIC,NLD,NOR,NPL,NRU,NZL,OMN,OWID_CIS,OWID_WRL,PAK,PAN,PER,PHL,PLW,PNG,POL,PRI,PRK,PRT,PRY,PSE,PYF,QAT,ROU,RUS,RWA,SAU,SDN,SEN,SGP,SLB,SLE,SLV,SMR,SOM,SRB,SSD,STP,SUR,SVK,SVN,SWE,SWZ,SYC,SYR,TCD,TGO,THA,TJK,TKM,TLS,TON,TTO,TUN,TUR,TUV,TZA,UGA,UKR,URY,USA,UZB,VCT,VEN,VIR,VNM,VUT,WSM,YEM,ZAF,ZMB,ZWE
1960,,0.035,0.067,0.276,,,1.351,,,0.294,,1.2,,0.01,1.3,0.04,0.011,,1.405,0.45,0.496,,,0.242,,0.267,0.374,0.329,,,0.042,0.02,,1.4,0.559,,0.033,0.034,0.015,0.06,0.354,,0.077,0.391,0.946,,,,,0.157,0.133,,0.121,0.173,0.396,0.391,,,,0.009,,0.495,,,0.117,0.8,,0.047,0.036,0.043,0.045,0.167,1.3,0.222,1.169,0.184,,0.255,0.327,0.081,,0.105,1.5,0.021,0.248,0.21,,0.244,0.195,1.2,2.472,,0.386,0.346,1.0,,0.092,,0.028,0.541,0.235,,0.871,0.02,0.778,0.077,0.152,0.139,0.223,0.042,,1.0,,0.41,0.106,,,0.115,,,,,0.014,0.891,0.065,,0.91,,0.043,0.024,0.215,0.027,0.143,,,0.011,0.017,0.34,1.1,1.2,0.013,,,0.03,1.019,,0.185,0.356,0.51,0.146,,,1.0,,,0.8,0.534,,,,1.269,,0.008,0.061,0.03,0.044,0.42,0.186,0.047,0.187,,0.024,,,0.3,0.51,,,1.0,0.104,0.312,0.216,0.014,0.021,0.129,,,,0.375,0.418,0.1,0.3,,0.055,0.074,,1.064,1.1,,0.1,0.666,,,0.277,0.441,0.023,,0.107,0.202
1961,,,,,,,,,,,1.1,1.4,,,1.3,,,,,,,,,,,,,,,,,,1.1,1.4,,,,,,,,,,,,,,,,,,,,,,,,,,,,,,,,0.9,,,,,,,1.2,,,,,,,,,,1.6,,,,,,,1.2,,,,,1.0,,,,,,,,,,,,,,,,,1.0,,,,,,,,,,,,,,,,,,,,,,,,,,,1.1,,,,1.1,,,,,,,,,,1.0,,,0.8,,,,,,,,,,,,,,,,,,,,,,,1.0,,,,,,,,,,,,,0.3,,0.04,,,,,,,,,,,,,,,
1962,,,,,,,,,,,,1.4,,,1.4,,,,,,,,,,,,,,,,,,1.2,1.4,,,,,,,,,,,,,,,,,,,,,,,,,,,,,,,,0.9,,,,,,,1.3,,,,,,,,,,1.7,,,,,,,1.2,,,,,1.0,,,,,,,,,,,,,,,,,1.0,,,,,,,,,,,,,,,,,,,,,,,,,,,1.1,1.2,,,,,,,,,,,,,1.1,,,0.9,,,,,,,,,,,,,,,,,,,,,,,1.0,,,,,,,,,,,,,0.4,,,,,,,,,,,,,,,,,
1963,,,,,,,,,,,,1.4,,,1.4,,,,,,,,,,,,,,,,,,1.3,1.4,,,,,,,,,,,,,,,,,,,,,,,,,,,,,,,,0.9,,,,,,,1.3,,,,,,,,,,1.7,,,,,,,1.2,,,,,1.0,,,,,,,,,,,,,,,,,1.0,,,,,,,,,,,,,,,,,,,,,,,,,,,1.1,1.1,,,,,,,,,,,,,1.1,,,0.8,,,,,,,,,,,,,,,,,,,,,,,1.0,,,,,,,,,,,,,0.4,,,,,,,,,,,,,,,,,
1964,,,,,,,,,,,,1.4,,,1.4,,,,,,,,,,,,,,,,,,1.3,1.4,,,,,,,,,,,,,,,,,,,,,,,,,,,,,,,,0.9,,,,,,,1.4,,,,,,,,,,1.8,,,,,,,1.2,,,,,1.0,,,,,,,,,,,,,,,,,1.0,,,,,,,,,,,,,,,,,,,,,,,,,,,1.1,1.2,,,,,,,,,,,,,1.2,,,0.8,,,,,,,,,,,,,,,,,,,,,,,1.1,,,,,,,,,,,,,0.3,,,,,,,,,,,,,,,,,
1965,,0.063,0.076,0.481,,,1.667,,,,,1.4,,0.017,1.5,0.03,0.014,0.123,1.667,,,,,,,0.311,0.4,,,,0.036,0.03,1.3,1.4,0.473,1.07,0.048,0.037,0.028,0.068,0.377,,,0.517,0.876,,,,,,,,0.588,0.116,0.335,0.435,,,,0.014,,,,,,0.9,,0.073,0.022,,,,1.4,,,0.271,,,0.396,0.19,,0.07,1.9,0.032,0.26,0.205,,0.257,0.2,1.2,2.5,,0.502,0.37,1.0,,0.075,,0.045,,,,1.263,0.041,0.938,0.08,0.259,,0.172,0.048,,1.0,,,0.082,,,0.093,,,,,0.019,,0.085,,1.378,,0.056,0.027,0.255,0.021,0.161,,,0.016,0.043,0.378,1.2,1.3,0.021,,,0.038,,,,0.478,0.605,,,0.079,1.2,,,0.9,0.533,,,,1.316,,0.014,0.106,0.041,0.051,0.526,,0.059,,,0.027,,,,,,,1.1,,,0.185,0.014,0.043,0.14,,,,,0.262,0.125,0.4,,0.045,0.09,,1.136,1.2,,,0.815,,,,,0.032,0.488,0.088,0.125
1966,,,,,,,,,,,1.2,1.4,,,1.5,,,,,,,,,,,,,,,,,,1.3,1.4,,0.96,,,,,,,,,,,,,,,,,,,,,,,,,,,,,,0.9,,,,,,,1.4,,,,,,,,,,1.9,,,,,,,1.2,,,,,1.0,,,,,,,,,,,,,,,,,1.0,,,,,,,,,,,,,,,,,,,,,,,,,,,1.2,1.3,,,1.1,,,,,,,,,,1.3,,,0.9,,,,,,,,,,,,,,,,,,,,,,,1.1,,,,,,,,,,,,,0.4,,,,,,,,,,,,,,,,,
1967,,,,,,,,,,,,1.4,,,1.5,,,,,,,,,,,,,,,,,,1.3,1.4,,0.94,,,,,,,,,,,,,,,,,,,,,,,,,,,,,,0.9,,,,,,,1.5,,,,,,,,,,2.0,,,,,,,1.2,,,,,1.0,,,,,,,,,,,,,,,,,1.0,,,,,,,,,,,,,,,,,,,,,,,,,,,1.2,1.3,,,,,,,,,,,,,1.3,,,0.9,,,,,,,,,,,,,,,,,,,,,,,1.2,,,,,,,,,,,,,0.4,,,,,,,,,,,,,,,,,
1968,,,,,,,,,,,,1.4,,,1.6,,,,,,,,,,,,,,,,,,1.3,1.4,,0.91,,,,,,,,,,,,,,,,,,,,,,,,,,,,,,0.9,,,,,,,1.5,,,,,,,,,,1.9,,,,,,,1.3,,,,,1.0,,,,,,,,,,,,,,,,,1.1,,,,,,,,,,,,,,,,,,,,,,,,,,,1.2,1.4,,,,,,,,,,,,,1.4,,,1.0,,,,,,,,,,,,,,,,,,,,,,,1.2,,,,,,,,,,,,,0.4,,,,,,,,,,,,,,,,,
1969,,,,,,,,,,,,1.4,,,1.6,,,,,,,,,,,,,,,,,,1.4,1.5,,0.88,,,,,,,,,,,,,,,,,,,,,,,,,,,,,,0.9,,,,,,,1.6,,,,,,,,,,2.0,,,,,,,1.3,,,,,1.1,,,,,,,,,,,,,,,,,1.1,,,,,,,,,,,,,,,,,,,,,,,,,,,1.2,1.4,,,,,,,,,,,,,1.4,,,0.9,,,,,,,,,,,,,,,,,,,,,,,1.3,,,,,,,,,,,,,0.4,,,,,,,,,,,,,,,,,
1970,,0.065,0.116,0.739,,0.909,1.892,,,0.349,,1.4,,0.017,,0.034,0.01,0.119,1.863,0.429,0.76,,,0.342,,0.509,0.492,0.523,0.3,,0.064,0.023,1.4,1.5,0.463,0.86,0.064,0.034,0.035,0.101,0.42,,0.082,0.614,0.822,,,1.8,,0.284,0.161,,,0.123,0.348,0.527,,,,0.012,,0.471,1.2,,0.191,0.9,3.2,0.078,0.02,0.041,0.052,0.086,1.6,0.346,0.905,0.274,,0.235,0.663,0.269,,0.08,2.0,0.037,0.308,0.205,,0.306,0.309,1.4,2.881,,0.38,0.404,1.1,,0.125,,0.062,0.613,0.312,,0.954,0.066,0.726,0.079,0.368,0.187,0.169,0.032,,1.1,,0.634,0.076,2.4,,0.097,0.033,,,0.89,0.023,1.072,0.114,,1.729,,0.053,0.056,0.24,0.013,0.232,,,0.017,0.05,0.453,1.2,1.4,0.019,,,,1.2,,0.232,0.613,0.521,0.111,,0.086,1.4,,,0.9,0.435,,,0.513,1.185,,0.017,0.134,0.068,0.063,0.657,0.205,0.056,0.243,,0.037,,,0.233,0.465,,,1.3,0.124,0.224,0.259,0.016,0.035,0.121,,,,0.256,0.445,0.169,,,0.044,0.108,,1.093,1.2,,0.182,0.883,,,0.301,0.35,0.029,,0.073,0.162
1971,,,,0.911,,,,,,,1.2,1.4,,,1.5,,,,1.896,,,,,,,,,,,,,,1.5,1.6,,0.85,,,,,,,,,,,,1.9,,,,,,,,,,,,,,,1.3,,,1.0,3.3,,,,,,1.7,,,,,,,,,,2.1,,,,,,,1.5,2.974,,,,1.1,,,,,,,,,,,,,,,,,1.2,,,,1.958,,,,,,0.919,,1.026,,,,,,,,,,,,,,,1.3,1.5,,,1.1,,,,,,,,,,1.5,,,1.0,,,,,1.208,,,,,,,,,,,,,,,,,,1.4,,,,,,,,,,,,,,,,,,,,,,,,,,,,,,
1972,,,,0.845,,,,,,,,1.4,,,1.6,,,,1.985,,,,,,,,,,,,,,1.6,1.6,,0.86,,,,,,,,,,,,1.9,,,,,,,,,,,,,,,1.3,,,1.0,3.32,,,,,,1.7,,,,,,,,,,2.1,,,,,,,1.6,3.156,,,,1.1,,,,,,,,,,,,,,,,,1.2,,,,2.208,,,,,,0.953,,,,,,,,,,,,,,,,,1.4,1.5,,,,,,,,,,,,,1.5,,,1.0,,,,,,,,,,,,,,,,,,,,,,,1.5,,,,,,,,,,,,,,,,,,,,,,,,,,,,,,
1973,,,,,,,,,,,,1.4,,,1.7,,,,2.042,,,,,,,,,,,,,,1.6,1.7,,0.89,,,,,,,,,,,,1.9,,,,,,,,,,,,,,,1.4,,,1.1,3.4,,,,,,1.9,,,,,,,,,,2.2,,,,,,,1.6,3.304,,,,1.1,,,,,,,,,,,,,,,,,1.2,,,,2.25,,,,,,1.012,,,,,,,,,,,,,,,,,1.4,1.6,,,1.2,,,,,,,,,0.056,1.5,,,1.1,,,,,1.242,,,,,,,,,,,,,,,,,,1.5,,,,,,,,,,,,,,,,,,,,,,,,,,,,,,
1974,,,,,,,,,,,,1.4,,,1.8,,,,2.102,,,,,,,,,,,,,,1.6,1.8,,0.92,,,,,,,,,,,,2.0,,,,,,,,,,,,,,,1.4,,,1.1,3.475,,,,,,2.0,,,,,,,,,,2.2,,,,,,,1.7,,,,,1.1,,,,,,,,,,,,,,,,,1.2,,,,2.375,,,,,,1.025,,,,,,,,,,,,,,,,,1.5,1.7,,,,,,,,,,,,,1.6,,,1.2,,,,,,,,,,,,,,,,,,,,,,,1.6,,,,,,,,,,,,,,,,,,,,,,0.904,,,,,,,,
1975,,,,,,,1.869,,,,,1.5,,0.012,1.9,,,,2.152,,,,,,,0.49,0.624,,,,0.133,,1.7,1.9,,0.96,,0.072,0.036,,,,,,,,,2.0,,,,,0.435,,0.351,0.536,,,,0.012,,0.476,1.5,,,1.1,3.63,0.078,,0.04,,,2.0,,,,,0.249,0.672,0.269,,0.081,2.2,0.037,,0.204,,,,1.8,,,,0.378,1.1,,0.127,,,,,,,,,0.08,,,0.169,0.032,,1.3,,,0.076,2.36,,0.096,,,,1.121,0.023,1.276,,,,,,0.055,0.235,,0.234,,,0.016,0.049,0.46,1.6,1.7,0.019,,,,,,0.233,0.597,0.526,0.113,,0.085,1.6,,,1.2,0.439,,,,1.318,,0.017,,0.068,0.061,0.667,,0.054,0.242,,0.038,,,,,,,1.7,,0.218,0.256,,0.035,,,,,,0.454,0.169,,,0.044,0.108,,1.111,1.3,,,0.904,,,,,,0.539,0.074,0.158
1976,,,,,,,,,,,1.5,1.5,,,1.9,,,,2.205,,,,,,,,,,,,,,1.7,2.0,,1.0,,,,,,,,,,,,2.1,,,,,,,,,,,,,,,1.5,,,1.2,3.72,,,,,,2.1,,,,,,,,,,2.3,,,,,,,1.9,,,,,1.1,,,,,,,,,0.051,,,,,,,,1.3,,,,2.417,,,,,,1.114,,,,,,,,,,,,,,,,,1.7,1.8,,,1.3,,,,,,,,,,1.6,,,1.3,,,,,1.332,,,,,,,,,,,,,,,,,,1.8,,,,,,,,,,,,,,,,,,,1.3,,,0.904,,,,,,,,
1977,,,,1.036,,,,,,,,1.5,,,2.0,,,,2.258,,,,,,,,,,,,,,1.7,2.1,,1.03,,,,,0.478,,,,,,,2.1,,,,,,,0.637,,,,,,,,1.6,,,1.2,3.81,,,,,,2.2,,,,,,,,,,2.3,,,,,,,1.9,,,,,1.2,,,,,,,,,,,,,,,,,1.3,,,,2.4,,,,,,1.158,,,,,,,,0.069,,,,,,,,,1.7,1.9,,,1.4,,,,,,,,,,1.7,,,1.5,,,,,1.355,,,,,,,,,,,,,,,,,,1.9,,,,,,,,,,,,,,,,,,,1.3,,,,,,,,,,,
1978,,,,,,,,,,,,1.5,,,2.1,,,,2.321,,,,,,,,,,,,,,1.8,2.2,,,,,,0.174,,,,,,,,2.1,,,,,,,,,,,,,,,1.7,,,1.2,3.95,,,,,,2.3,,,,,,,,,,2.4,,,,,,,2.0,,,,,1.2,,,,,,,,,,,,,,,,,1.5,,,,2.32,,,,,,1.238,,,,,,,,,,,,,,,,,1.8,1.9,,,1.4,,,,,,,,,,1.7,,,1.7,,,,,1.377,,,,,,,,,,,,,,,,,,2.0,,,,0.021,,,,,,,,,,,,,,,1.4,,,,,,,,,0.551,,
1979,,,,,,,,,,,,1.6,,,2.2,,,,2.408,,,,,,,,,,,,,,1.8,2.4,0.516,1.12,,0.071,0.073,,,,,0.679,,,,2.2,,,,,,0.38,,,,,,,,,1.8,,,1.3,4.0,,,,,,2.3,,,,,,,0.331,,,2.5,0.085,,,,,,2.0,2.694,,0.361,,1.2,,,,,,,,,,1.693,,,,,,,1.6,,,,2.36,,,,,,1.311,,,,,,,,,,,,,,,,,1.8,1.9,,,1.5,,,,,,0.692,,,,1.7,,,1.9,0.563,,,,1.413,,,,,,,,,,,,,,,,,,2.0,,,,,,,,,,,,,,,,,,,1.4,,,,,,,,,,,
1980,,,,1.367,,1.068,,,,,,,3.362,,2.3,0.059,0.018,0.12,2.46,1.087,0.938,1.033,,,,,,,0.435,,0.123,0.043,1.8,2.5,,,,,,,,,0.176,,,,,,,,,,,,,1.065,,,2.938,0.011,,0.448,1.9,,,,4.123,,,,0.141,,2.4,,1.135,,,,0.826,,1.673,,2.3,,,0.371,,,0.563,2.1,,,,0.786,,,,,,0.516,0.36,,1.698,,,,1.333,,,,,1.7,3.623,1.067,,2.385,2.816,,,,,,0.039,,,,,,0.025,,0.521,,0.255,,,,0.113,0.416,,2.0,0.034,,1.6,,1.457,,0.285,,0.716,0.128,,0.062,1.8,,,,,,,,1.476,,0.032,,0.11,,0.851,,0.058,0.326,2.06,0.046,,,0.438,,,1.771,2.2,,,0.446,,0.055,0.147,,2.839,,0.362,0.726,0.271,,,,,3.515,,1.5,2.669,,0.83,,0.241,0.191,0.361,,,0.076,0.161
1981,,0.077,,,,,,,,,1.8,,,,2.4,0.059,0.018,,2.484,,,1.089,,,,0.523,0.767,,0.487,0.125,0.134,0.044,1.8,2.6,,1.25,,,,,,,,,1.388,,,,,0.224,,,,,,1.364,,,,0.011,,,2.0,,0.457,,4.212,,0.022,,,,2.5,,,,,,,0.332,1.738,0.11,2.3,0.08,0.684,0.27,,0.338,0.568,2.2,,,0.359,1.114,1.3,,0.099,3.088,,,,0.5,1.412,,1.714,0.106,1.633,,0.134,,,1.5,,1.122,0.054,2.231,2.895,0.099,0.049,,,,0.038,1.172,0.203,,,,0.027,,0.552,0.019,0.255,,,,,0.426,,2.0,,,1.6,,1.522,,0.344,0.993,0.76,0.15,,0.062,1.8,,,,0.579,,,0.738,1.541,,0.031,0.55,0.101,0.079,0.877,,0.053,0.387,2.218,0.041,,,0.419,,,,2.3,,,0.463,,0.049,,,,,0.602,0.673,0.275,,,,0.047,3.631,1.997,1.5,,,0.996,,0.247,0.189,0.404,0.145,,0.126,0.139
1982,,,,,,,,,,,,,,,2.5,,,,2.588,,,1.17,,,,,,,,0.102,,0.043,1.9,2.6,,1.3,,,,0.119,,,,,,,,,,,,,,,,1.365,,,,,,0.494,2.1,,,,4.319,,0.022,,,,2.6,,,,,,,,1.808,,2.4,,,,,,,2.3,,,,1.128,,,0.12,,,,,0.5,1.62,,,,1.562,,0.134,,,1.7,,,0.064,2.185,3.007,,0.065,,,,,1.266,,,,,0.026,,,,,,,,0.149,,,2.1,,,1.6,0.549,,,0.342,,0.846,,,,1.8,,2.549,,,,,,1.635,,,,,0.077,,,,,2.181,,,,,,,1.843,2.3,,,,,,,,,,0.6,,,,,,0.046,3.741,,1.6,,,0.833,,,,,,,,
1983,,,,1.415,,,,,,,,,,,2.8,0.075,0.018,,2.688,,,1.207,,,,,,,,,0.144,,1.9,2.6,,1.32,,,,,,,0.2,,,,,,,,,,,,,,,,,,,,2.1,,0.433,,4.333,,,,,,2.8,,,,,,,,1.858,,2.4,0.106,,,,,,2.3,,,,,,,,,0.058,,,0.5,,,1.255,0.107,1.44,,,,,1.7,,,,,3.089,,,,,,,,,,,,,,,,,,0.653,,,,,2.1,,,1.7,,,,,,0.902,,,,1.9,,2.511,,,,,,1.972,,0.029,,,,,,,,2.247,,,,0.537,,,,2.4,0.053,0.407,,,,,,,,,,,,,,,3.82,,1.6,,,,,,,,,,0.14,
1984,,,0.059,1.407,,0.953,2.683,,0.772,,1.8,,,0.047,2.7,,,,2.759,,0.943,1.28,,0.272,,0.697,0.927,0.891,0.534,,,,1.9,2.6,0.817,1.33,,,,,,0.084,,0.99,1.886,,,,,0.238,0.339,,0.564,0.427,,,,,,0.013,,,2.5,,,,4.471,0.067,,,,,2.9,0.49,,0.47,,0.165,,0.691,1.88,0.141,2.5,,,0.396,,,,2.4,,,0.489,1.159,,,,,,,0.458,0.6,,,,,,0.285,,,,1.7,,,,,3.193,,,,,,,1.38,,,,,,0.083,,0.087,,,,0.025,,0.637,,2.2,0.031,,1.7,,,,,1.021,0.908,0.154,,,1.9,,,,0.701,,,,1.724,,,,0.096,,,,0.075,0.352,2.166,0.071,,,,0.791,,1.861,2.6,,,,,0.117,0.16,,,,,1.043,,,,0.039,0.044,3.909,1.926,,,0.266,1.436,,,,,,,,
1985,,,,1.406,,,2.705,,,,1.9,,3.799,,2.8,0.073,,0.154,2.865,1.219,,1.362,,,,,1.467,,,,,,2.0,2.7,,,0.071,,,0.252,,,,,,,,,,,,,,,,,,,3.35,,,,2.7,,0.518,,4.611,,0.026,0.081,0.144,,2.9,,,,,0.168,,,,0.137,2.5,,,,,,,2.6,,,,,1.5,,0.154,,,,,0.6,,0.729,,,,,0.181,0.071,3.72,1.8,4.099,,,,3.297,0.101,,,,,0.039,,0.27,,,,0.021,0.113,0.529,,0.315,,,,0.192,,,2.2,0.034,,1.7,,,,,1.006,0.929,0.154,,0.162,2.0,,,,0.675,,1.252,,1.762,3.871,0.027,,,,0.998,,,,2.287,,,,,,,1.879,2.6,,0.445,,,,,2.527,3.304,,,,,,,0.035,,4.002,1.947,,2.694,,1.196,,,,,0.171,,0.141,
1986,,0.183,,,,,2.984,,,,2.0,,3.877,0.058,2.9,,0.004,0.144,2.953,,,1.419,,0.451,,,,,,,,,2.0,2.8,,1.35,,,,0.252,,,0.329,,,,,,,,,,,,,1.304,,,3.408,,,,2.8,,,,4.699,,,,,,3.1,,,,1.187,,0.932,,,,2.6,,0.787,,,0.347,0.596,2.6,,,,,,,,,,0.497,,0.6,1.566,,,,,,,,3.816,1.9,4.077,2.428,,,3.37,,,,,,,,,,,,,,,,0.335,,,,0.187,,,2.3,,,1.8,,,,0.351,,0.984,,,,2.0,,,,,,,1.676,1.783,3.939,,1.346,0.09,,0.723,0.135,,,2.399,,,,,,,1.882,2.8,,,0.807,0.026,0.085,0.182,2.556,3.44,,,,0.461,,,,,4.06,,1.7,3.255,,1.399,,1.056,0.204,0.28,,,,
1987,,0.179,,,,,,,,,2.1,,3.906,,3.0,,,,3.022,,,1.485,,,,,,,,,,,2.1,2.9,,1.37,,,0.075,,,,,0.968,,,,,,,,,,,,,,,3.484,,,,2.8,,,,4.808,0.049,,,,,3.3,,,,,,,,,,2.7,,,,,0.376,0.576,2.7,,,,,,,,,,,,0.7,,,,,,,,,3.885,1.8,4.112,1.562,0.217,,3.444,,,,,,0.043,2.032,,,,,,,,,0.348,,,,,,,2.5,0.051,,1.8,0.834,,,,,0.983,,,,2.1,,,,,,,,1.79,4.004,,,,,,,,,2.519,,,,,,,2.004,2.8,,,0.783,,,,2.582,3.527,,,,,,,0.039,,4.143,,1.8,3.319,,1.401,,,,,,0.613,,0.135
1988,,,,,,,3.032,,,,2.1,,3.964,,3.1,,,,,,,,,0.472,,,1.185,,,,0.2,,2.1,3.0,,1.47,,,,,,0.163,0.342,0.881,3.0,,,,,,,,1.074,0.429,,,,,,0.031,,,2.9,,0.246,,4.868,,,,,,,0.553,,0.26,,,,0.829,,0.143,2.7,,,0.407,,0.318,,2.7,,,,,,,,,,,,0.7,,,,,,,,,3.941,1.9,4.183,,0.214,,,,,,,,0.054,,,,,,,,,,0.367,,,,,0.471,,,0.051,,1.9,,,,,1.793,0.965,,,,,,,,0.64,,,,1.805,4.04,,,,,1.111,,,0.647,2.538,,,,,,,2.024,2.8,,,,,,0.21,,3.55,,,,,,,,,4.2,,1.8,,,1.6,,,,,,,,
1989,,0.129,,,,,,,,,2.1,,3.99,,3.2,0.071,0.029,,,,,,,,,,,,,,0.194,0.039,2.1,2.9,,1.54,,0.084,,,,,,,,,,,,,,,,,,,,,,,,0.358,3.0,,0.494,,4.971,0.043,,,,,,,,,,,,,,,2.7,0.142,,,,,,2.8,,,,,,,,,,,,0.8,,,1.862,,,,0.146,,3.977,2.0,4.162,,,,,,,,,,,,0.081,,,,0.028,,0.858,0.023,0.374,,,,0.192,,,,0.054,,1.9,0.883,,,,,1.035,0.124,,,,,,,,,,,1.811,4.085,0.04,,,,,0.152,,,2.423,,,,0.546,,,2.063,2.8,,,0.863,0.026,,,,3.6,,0.492,,,,,,0.045,4.275,,1.8,,,1.695,,0.391,0.125,0.207,,,,
1990,,0.109,0.042,1.371,,,2.68,,,0.76,2.17,3.009,3.701,0.058,3.268,0.051,,0.177,3.25,,1.29,1.565,2.9109,0.639,,0.45,1.074,1.14,,0.333,,0.038,2.1,2.984,1.1,1.129,0.088,0.082,0.066,0.276,0.803,0.113,,1.26,3.641,1.7,1.519,2.722,,0.162,0.46,2.494,1.49,0.942,0.936,0.76,,2.047,3.5,,3.002,,3.118,,,1.618,4.926,,0.134,,,0.281,3.333,0.5,,0.78,,0.17,,0.7,2.083,0.08,2.942,0.144,0.577,,1.564,,0.603,2.847,2.992,4.695,0.57,,1.649,3.93,,3.423,,0.193,0.69,0.811,,0.234,,,1.071,0.35,,0.043,3.908,2.009,3.51,,,,3.456,0.12,0.07,1.002,,2.151,0.051,2.189,0.078,,2.538,,0.012,0.063,0.811,0.022,0.392,,,0.018,,0.657,2.507,,0.051,,1.866,0.799,,1.2926822,0.462,1.122,1.064,0.119,,0.073,2.145,,,2.8,0.65,,,1.5,1.831,4.509,,1.433,,0.055,1.266,,,0.84,,,,,0.53,0.75,,2.07,3.253,0.108,,0.835,,,0.225,2.497,3.614,,,0.72,0.524,0.932,,,,4.29,3.68,1.8,3.361,0.46,1.564,1.65,0.404,,,0.007,,0.092,0.131
1991,,,,1.452,,,,,,0.919,2.336,3.088,3.732,0.059,3.331,0.042,,0.188,3.068,1.315,,1.561,2.8961,,,,,,0.746,,,,2.1,3.031,1.066,,,,,,0.859,,,,3.979,,1.583,2.676,2.762,,0.528,2.429,,,1.142,,,3.931,3.526,,3.074,,3.171,,0.187,1.633,4.898,,,,,,3.584,,,,,,,0.411,1.92,,3.029,0.148,,1.224,1.711,,,2.845,3.189,4.874,,1.348,,3.797,,3.446,,0.176,0.691,0.875,,,1.326,,,0.393,0.14,,3.813,2.019,3.573,,,,3.383,,0.19,1.193,,2.203,,2.373,,,2.695,,,,0.835,,0.393,0.231,,,,,2.597,2.602,0.062,,1.889,,,,0.48,1.132,,,,,2.173,,,2.838,0.813,,,,1.843,4.259,,,,,1.32,,,,,,,,,,,2.088,3.37,,,,,0.088,0.228,2.549,3.673,,0.508,0.732,0.522,0.985,,,,4.345,,1.9,3.35,0.135,,,0.407,0.099,,,,,
1992,,,,1.593,,,2.645,,,,2.374,3.213,3.687,,3.401,0.055,,,3.119,,,,2.9409,,,,1.128,,,,,,2.1,3.013,0.99,,,0.084,,,0.917,0.127,0.234,,4.345,,1.688,2.681,2.841,,,2.596,,,1.178,,,3.982,3.249,,3.149,0.472,3.223,,,1.646,4.726,,,,,,3.697,,,,,,,,1.969,0.084,3.007,,,,2.011,,,2.951,3.567,5.017,,,1.702,3.89,,3.376,0.107,0.186,0.758,0.948,,,,,,,0.167,,3.493,2.079,3.076,,,2.727,3.397,,,1.35,,2.262,,2.353,,,2.618,,,,0.847,,0.411,0.232,,0.027,0.185,,,2.656,0.076,,1.903,,,,0.491,1.154,1.03,0.108,,,2.189,,,2.859,,,,,1.865,4.285,,,,0.068,1.348,0.157,,,,,,,0.328,,,2.094,3.479,,,,,,,2.311,3.589,,,,0.579,1.012,,,,4.297,3.226,1.9,3.341,,,,0.437,,0.365,,0.624,,
1993,,0.143,,1.368,,,,,,3.03,2.399,3.296,3.724,0.056,3.459,0.057,,,3.305,,1.446,,2.9571,0.493,,0.426,1.155,1.254,,,0.194,0.055,2.2,3.062,,,,0.073,,,0.958,,,0.883,4.709,,1.745,2.868,2.937,,,2.613,1.054,0.821,1.091,,0.019,4.041,3.185,,3.226,,3.251,0.451,0.211,1.684,5.003,,,0.016,,,3.798,0.578,,0.25,,0.112,1.204,,2.023,0.092,2.955,0.058,,,2.034,0.318,0.603,2.952,3.582,5.51,0.472,,,3.797,0.138,3.117,0.104,0.13,0.773,1.012,,,1.862,,1.441,0.544,0.208,0.05,3.507,2.138,2.822,,0.214,,3.44,,0.281,1.499,,2.185,,2.425,,,,,,0.063,0.844,0.028,0.431,,,,0.192,,,2.702,0.074,,1.923,,,,0.502,1.188,,,,,2.228,,,2.871,,,,,1.772,4.309,0.04,1.335,,,1.385,,,0.66,,0.042,,,,0.762,,2.028,3.58,,1.027,,,,0.236,2.122,3.57,,,0.658,0.586,1.066,,,0.04,4.342,,1.9,3.311,,,,,,,,,,
1994,,,,1.285,,,,,,,2.438,3.408,3.684,,3.524,0.061,,,3.286,,,,3.0191,,,,1.184,,,0.17,0.238,,2.1,3.116,,,,,,,1.003,,,0.845,4.966,,1.81,2.936,3.009,,,2.639,,,1.258,1.84,,4.091,3.171,0.029,3.278,0.376,3.286,,0.253,1.698,4.899,,0.152,,0.177,,3.803,,,,,,1.271,,1.993,,2.996,,,,2.003,,,2.994,3.616,5.617,,1.625,1.772,3.637,,3.084,0.105,,0.929,1.057,,,,,,,0.186,,3.582,2.164,2.797,,0.363,,3.457,,,1.597,,2.193,0.047,,,,,,,,0.845,,0.449,,,0.023,,,,2.785,,,1.983,,,,0.512,1.135,,,,,2.286,,,2.89,0.28,,,,1.772,4.279,,,0.105,0.096,1.411,,,,,,,,,,,2.187,3.68,,,,0.033,0.056,,2.178,3.535,,,0.788,0.585,1.129,,0.042,,4.314,,,3.281,,,,,,,,,,
1995,1.12,,,1.292,2.273,,,,,0.76,2.476,3.512,3.703,0.055,3.558,0.058,0.034,0.201,3.429,,1.49,,3.0496,0.6,1.2,0.34,1.214,1.365,,0.16,,0.035,2.1,3.165,,1.194,,,,0.251,1.049,,,0.854,5.202,1.7,1.863,3.001,3.075,0.191,0.47,2.682,1.5,0.846,1.234,,,4.085,3.156,,3.351,,3.307,,0.286,1.757,4.792,,0.13,,,0.208,3.841,0.65,,1.1,,0.33,1.319,0.65,2.023,0.16,3.004,,,,2.113,,,3.022,3.621,3.797,0.57,,,3.659,0.132,3.128,,,1.08,1.116,1.783,0.336,,,,0.56,0.223,0.054,3.568,2.242,2.734,,,,3.417,0.272,,1.685,,2.27,0.043,,0.293,,,,,0.138,0.85,,0.478,,,,,0.82,,2.953,0.04,1.553,2.05,1.14,,,0.524,1.177,0.98,,,,2.329,1.75,2.97,2.923,0.73,,,,1.78,4.4,,,,0.075,,0.14,,0.91,,,,,,0.75,,2.117,2.838,,,,,0.076,0.239,2.046,3.17,,,0.905,0.642,1.144,,0.041,,4.407,3.56,2.434,3.223,0.46,1.94,1.645,,,,0.247,,0.069,0.148
1996,,,,1.308,,,,,,1.141,2.403,3.589,3.673,,3.62,,0.035,,3.522,,1.518,,3.1175,0.548,,,1.245,,0.848,,,,2.1,3.213,,1.201,0.09,0.074,0.069,,1.09,,0.171,0.864,5.485,,1.869,2.99,3.124,0.14,0.493,2.703,,,1.307,2.02,0.03,2.74,3.107,0.025,3.449,,3.326,,,1.798,3.119,0.062,,,0.166,0.246,3.842,,,,,,,,2.125,,3.041,,,,2.113,0.85,,3.118,3.611,3.896,,,1.841,3.589,,3.206,0.112,,1.114,1.169,,,,,,,0.279,,3.597,2.319,2.749,,,,3.478,0.107,0.656,1.68,0.422,2.227,0.063,,,,,,,,,,0.496,,,0.024,,,,3.047,0.04,,2.048,,,,0.541,1.216,,1.23,,,2.365,,,3.002,,,,1.26,1.825,4.515,,,0.09,0.093,,,0.073,,,,,,0.467,0.252,,2.135,2.856,0.151,1.324,,,,,1.982,3.222,,,0.729,0.655,1.146,,,,2.992,3.703,,3.125,,,,,,0.344,0.23,0.593,,
1997,,0.11,0.059,1.323,2.442,,,,,,2.401,3.668,3.609,,3.688,,0.038,0.2,3.445,1.0,,,3.161,,1.766,,1.281,,,,,,2.1,3.266,,1.216,,,,,1.133,0.074,,0.872,5.694,1.939,1.877,3.12,3.139,,0.55,2.78,2.156,,1.324,1.6,,2.859,3.189,0.023,3.542,0.476,3.343,,,1.855,3.707,,,0.035,,,3.957,0.389,,0.933,,0.181,,0.832,2.193,,3.077,,,,2.143,,,3.257,3.68,3.994,,1.66,,3.287,,3.029,,,1.098,1.233,1.89,,2.1,0.023,1.3,0.473,0.305,,3.637,2.4,2.791,,0.46,,3.514,,,1.717,,2.241,,2.379,,,,,,,,,0.658,0.295,,0.035,,0.856,,3.075,0.04,,2.178,0.856,,,0.555,1.214,0.932,1.24,,,2.373,,,3.043,1.098,,,1.26,1.812,4.552,,1.66,,0.093,,,,1.071,,0.04,,,,,,2.229,2.866,,,1.303,0.026,,0.272,1.925,3.171,,0.44,0.72,0.676,1.168,,,,2.97,,,3.074,0.884,,,0.569,0.112,,0.223,,,
1998,,,,1.338,2.485,,3.003,,,,2.402,3.795,3.541,,3.74,,,,3.458,,0.989,,3.226,,,,1.267,,,,0.256,,1.8611,3.331,,1.214,,,,0.734,1.18,,,0.901,5.754,,1.882,3.039,3.182,,,2.858,,1.0,1.313,,,2.913,2.947,0.021,3.615,0.357,3.355,,,1.899,3.852,,,,,,4.091,,,,,,,,2.21,0.242,3.083,,,,2.202,1.049,0.55,3.314,3.76,4.069,,1.009,1.89,3.437,,2.969,0.147,,1.041,1.269,,,,,,,0.346,,3.604,2.4354,2.681,,,,3.583,,,1.73,,2.24,,2.507,,,2.433,,,,,,,,,0.033,,,,3.166,0.04,,2.229,0.921,,,0.568,1.204,,,1.376,0.073,2.347,,,3.099,,0.5,,,1.864,4.603,,,,0.095,1.627,,,,,,,,,,,2.18,2.926,,,1.348,0.02,,0.291,2.039,,,,0.896,0.705,1.206,,,,2.99,,,3.047,,,,0.48,,0.33,,,,
1999,,,,,,,,,0.781,0.163,2.447,3.789,3.516,,2.801,,,,3.462,,,,3.2903,,,,1.364,,,0.051,0.3,,2.1,3.364,,1.244,,,,,1.218,,,1.719,5.859,,,3.088,3.217,0.129,,2.884,,,1.376,,,3.039,2.993,0.02,3.671,0.329,3.355,0.573,,1.913,3.927,,,,,,4.195,0.552,,0.869,1.084,,,,2.266,,3.106,,,,2.277,,,3.379,3.698,4.115,,1.957,,3.314,,2.893,,,1.027,1.315,,,,,,,0.375,,3.603,2.4878,2.677,,,,,,,1.732,,2.179,,,0.297,1.802,2.54,0.445,,,,,0.683,,1.982,,,,2.38,3.287,,,2.248,0.94,,,0.582,1.244,1.135,,,,2.282,,,3.121,,,,,1.917,4.632,,,,,1.343,0.129,,1.227,,,,,,,3.3192,2.123,2.969,,,1.345,0.029,,0.291,2.095,,,,0.882,0.73,1.261,,,,2.986,3.745,,,,,,0.515,,0.659,,,,
2000,,,,1.359,2.542,1.724,,2.616,,,2.491,3.878,3.545,0.052,2.825,,,,3.399,0.953,,1.306,3.2998,1.044,,,,1.379,1.006,,0.289,,,3.511,,1.268,,,,,1.26,,,1.308,5.943,,1.898,3.381,3.272,,,2.912,1.835,,0.816,2.118,0.042,3.122,2.942,0.021,3.746,,3.375,0.573,,1.994,3.924,,0.092,,,,4.281,0.54,,,,0.482,,0.552,2.295,,2.685,,,,2.239,,,3.439,3.693,3.442,,1.894,1.935,3.213,,2.796,0.169,,,1.302,,0.279,,,,,0.424,,3.526,2.1509,2.85,,,,2.427,,,1.644,0.471,2.186,0.044,2.565,0.302,1.825,2.651,,0.024,,0.888,,0.681,,,,0.269,,2.447,3.38,,,2.235,1.39,,1.5368203,0.595,,,1.219,,0.05,2.208,,,3.202,1.17,,1.697,,1.973,4.632,,0.694,0.158,,1.376,,,,,,,,,0.399,3.24,2.156,3.026,,,1.374,0.029,,,2.152,2.716,,0.499,0.957,0.752,1.33,,,,3.027,,2.588,2.944,0.782,,,,,,,,,0.127
2001,,0.208,,1.3,2.581,1.896,3.2481,2.55,,,2.566,3.99,3.512,,2.842,,0.04,0.247,3.384,1.016,,1.298,,,,1.181,,1.583,,,0.29,,1.8871,3.515,,1.287,,,,,1.285,,,,5.954,,1.906,3.443,3.327,,1.818,2.932,,,0.856,,0.039,3.127,2.783,0.028,3.827,,3.408,,,2.043,3.852,,,,,,4.33,0.538,,,,,,,2.341,,2.893,,,,2.394,,0.543,3.471,3.706,3.506,,2.058,,3.356,,2.686,,,1.065,1.396,,,2.621,,,0.819,0.443,,3.54,2.2172,2.662,,0.483,,2.285,0.087,,1.53,,2.172,,3.036,,1.853,2.685,,,,0.904,,,,,,,,2.525,3.54,0.052,,2.183,1.431,,,0.605,1.256,,1.221,,,2.243,,,3.252,,0.837,,2.217,1.999,4.635,,0.655,,,1.437,,,,,,,,,,3.225,2.182,3.121,0.172,,,,0.057,0.298,2.094,2.726,,0.339,0.922,0.777,1.38,,,,3.027,,,2.893,0.546,1.929,,0.53,,,,,,
2002,,,,1.17,2.867,1.917,,2.505,,,2.562,4.061,3.521,,2.852,,,,3.472,1.058,,1.296,,,,,,,1.151,,0.299,,1.8969,3.562,0.892,1.143,,,,,1.317,,,,6.005,,1.868,3.492,3.364,,,3.035,,1.118,0.853,,0.052,3.126,2.965,0.029,3.891,,3.435,,,2.114,3.992,0.09,,,,,4.537,0.536,,,,,,,2.362,,3.198,,,,2.425,,,3.575,3.716,3.563,,2.221,1.979,3.498,0.138,2.568,,,,1.499,,,,,,0.4391,,,3.626,2.2696,2.77,,,,2.327,0.133,,1.538,,2.215,,3.217,,1.843,2.735,,,,0.961,,0.723,,,0.033,,,2.59,3.218,,,2.126,1.471,,,,1.347,,1.112,,,2.279,,,3.285,1.202,,,,2.115,4.687,0.019,,,,1.443,,,1.321,,,,,,,3.203,2.238,3.212,,,1.461,,,0.296,2.005,2.697,,0.289,0.783,0.789,1.393,0.625,0.023,0.047,3.019,3.746,,2.829,,,,0.558,,,,,,
2003,,,,1.196,3.302,2.021,,2.404,,,2.631,4.146,3.508,,2.85,,,0.268,3.553,1.048,,1.329,,,,,,,,,0.288,,,3.659,0.946,1.19,,,,,1.348,,,,6.073,,1.849,3.509,3.401,,,3.078,,,0.813,0.507,0.039,3.22,2.996,0.027,3.996,0.443,3.454,0.537,,2.201,4.037,,,0.1,,,4.701,0.534,,,,,,,2.425,,3.251,0.132,,,2.594,,,3.613,3.715,3.624,0.85,2.293,,3.543,,2.541,,,,1.579,1.9,,,,,0.4673,,0.045,3.611,2.4011,2.824,,,,2.327,0.144,,1.589,,2.148,,3.082,,1.801,2.637,,,,0.944,0.011,0.735,,,,0.262,0.384,2.632,3.23,,,2.179,1.532,,,,1.352,,1.227,,,2.408,,3.137,3.336,,,,,2.017,4.733,,,,,1.489,0.13,,,,,2.605,,,,3.149,2.254,3.282,0.151,,1.39,,,,1.902,2.607,,,0.767,0.803,1.413,1.031,,,3.008,,,2.765,,,,,,0.267,,,,
2004,,,0.062,1.208,3.108,1.954,3.1857,2.408,,,2.708,4.233,3.512,0.028,2.859,0.039,0.053,0.277,3.484,0.963,,1.371,,,,,,,1.284,0.182,0.385,0.08,1.8971,3.697,0.984,1.22,0.112,0.186,0.107,0.213,1.387,0.198,0.493,,6.21,,1.897,3.499,3.426,0.158,,3.22,,,0.889,,0.051,3.441,3.024,0.027,2.81,,3.473,,0.279,2.331,4.027,0.148,0.11,0.103,0.14,0.185,4.853,,,,,,,,2.497,,3.341,,,,2.763,0.88,0.658,3.612,3.68,3.687,,2.06,2.031,3.528,,2.512,,,,1.576,1.5,0.347,,0.033,1.243,0.4203,0.538,,3.578,2.4568,2.917,,0.532,,2.247,0.152,1.0,1.662,,2.163,0.057,3.386,0.376,1.883,2.597,,0.026,0.106,1.042,0.021,0.72,0.308,,0.022,,,2.662,3.4,0.207,0.971,2.192,1.568,,,0.682,1.332,,1.109,,,2.266,,,3.411,,,,,2.262,4.768,0.049,,0.262,0.056,1.52,,0.03,,,,2.667,,0.514,0.783,3.151,2.298,3.369,0.16,1.429,1.432,0.036,0.044,0.29,1.911,2.55,0.082,,,1.295,1.433,,,0.081,3.013,,2.7,2.705,0.897,,,,0.141,,0.325,0.717,0.134,0.172
2005,,,,,3.196,1.628,,2.509,,,2.78,4.35,3.533,,2.86,,,0.304,3.605,1.029,,1.41,,,,,,1.815,1.064,,0.246,,,3.741,0.981,1.244,0.09,0.061,,,1.429,0.196,,,6.277,,1.879,3.539,3.448,0.169,,3.324,,1.03,0.907,,0.043,3.543,3.142,0.032,2.851,,3.476,0.559,,2.408,4.056,,0.103,0.1,,,4.999,,,,,,,0.354,2.506,,2.785,,,,3.56,0.882,0.66,3.609,3.634,3.707,,2.273,,3.546,,2.46,,,,1.636,1.8,0.268,,,,0.508,0.518,,3.664,2.56,2.968,,,,2.472,0.176,,1.775,,2.113,0.062,3.43,0.389,1.901,2.652,,,,1.067,,0.776,,,,0.279,0.498,2.717,3.563,,,2.107,1.663,,,0.725,1.358,,1.23,,,2.115,,,3.495,,,,2.533,2.247,4.8,0.024,,,,1.553,0.185,,1.715,,,2.654,,,,3.035,2.34,3.445,,1.211,1.52,,,,1.915,2.437,,,,0.907,1.468,,,0.12,3.017,,,2.655,,,,0.619,,0.265,,,0.056,0.124
2006,,0.166,,1.207,3.042,1.439,,2.531,,,2.842,4.478,3.511,,2.876,,,0.313,3.617,1.001,,1.462,,,,,,,1.07,,0.306,,1.9086,3.792,1.042,1.278,,,,0.205,1.467,,,2.026,6.349,,1.82,3.551,3.487,0.218,,3.411,,,0.9,,0.047,3.623,3.183,0.027,2.865,,3.469,,,2.46,4.12,,,0.102,,,5.366,0.622,,,,,,,2.547,,3.04,,,,3.662,0.531,,3.601,3.599,3.706,,2.259,2.083,3.635,,2.392,,,,1.7,1.461,,2.492,,,,0.517,,3.731,2.578,3.049,,,,2.5,0.166,,1.893,,2.492,0.058,3.804,0.426,1.946,2.743,,0.026,,1.107,,0.828,,,,0.344,0.491,2.799,3.731,,,2.274,1.788,,,,1.358,,1.236,1.327,,2.156,,,3.565,,,,2.279,2.245,4.899,,,0.365,,1.545,,,,,0.028,2.682,,,,3.169,2.354,3.533,,0.861,,0.036,,0.285,1.88,2.323,,,1.156,,1.501,,,,3.085,,,2.639,,,,0.629,,,,,0.054,
2007,,0.182,,1.218,3.184,1.476,,2.609,,1.756,3.008,4.545,3.648,,2.897,,,0.326,3.612,1.011,,1.543,,,,0.326,,,1.038,0.211,0.36,,,3.789,1.039,1.298,,0.072,,0.101,1.509,,,2.074,6.426,,1.971,3.561,3.533,,,3.447,,1.202,0.983,,0.042,3.559,3.26,0.022,3.004,,3.449,,,2.492,4.163,0.07,,0.09,,,5.609,,,,,,,,2.678,,2.807,,,,3.87,,0.528,3.61,3.563,3.773,,2.36,,3.585,,2.309,,,,1.752,1.879,,2.326,,,0.185,0.549,,3.835,2.694,3.178,,0.585,,2.543,0.177,1.698,1.937,0.574,2.425,0.061,3.293,0.45,1.951,2.816,,,,1.122,,0.876,0.385,,,0.373,0.525,2.792,3.844,,,2.299,1.884,,,0.703,1.312,1.649,1.242,,,2.168,,,3.651,,,,,2.324,4.942,,,0.364,,1.583,,,,,,2.751,,,,3.387,2.379,3.619,,1.031,1.429,,0.048,0.293,1.863,2.269,0.034,,1.114,0.998,1.538,,,,3.092,,,2.623,,,,0.647,0.114,,,,,0.0544
2008,,0.183,,,,1.664,,2.674,,0.54,3.018,4.61,3.612,,2.916,0.061,0.031,0.339,3.577,0.993,2.61,1.591,,,,,,,1.467,0.248,0.357,0.0405,1.959,3.822,1.042,1.347,0.136,,,,1.561,,,2.139,6.611,,2.005,3.557,3.58,,,3.573,1.091,,1.102,,0.042,3.544,3.343,0.025,3.07,0.376,3.443,0.589,0.0968,2.571,4.271,0.076,,0.096,0.052,,5.711,,,,,,,,2.686,,3.095,,,,3.985,,,3.639,3.524,3.761,0.407,2.198,2.147,3.639,0.169,2.313,0.243,0.24,,1.871,1.884,,,0.014,1.792,0.1588,0.615,,3.85,2.718,3.274,,,,2.54,0.181,,1.97,,2.571,0.064,3.324,0.487,2.078,2.879,,,,1.137,0.019,0.907,,,0.019,0.371,0.646,2.868,3.955,,0.98,2.464,1.959,,,0.721,1.389,,1.251,,0.047,2.139,,3.267,3.746,,,,3.192,2.44,4.919,0.052,1.673,0.337,0.062,1.621,0.173,0.0155,1.902,,,2.841,,,,3.367,2.386,3.677,,0.781,1.43,,0.056,0.313,1.899,2.228,0.037,0.533,,1.08,1.587,0.971,,,3.124,3.956,,2.595,,,,0.67,0.111,0.443,0.296,,0.062,0.0596
2009,,0.22,0.131,1.248,3.6,1.503,,2.697,,,3.121,4.703,3.596,,2.924,,0.043,0.353,3.661,0.974,,1.674,,0.767,,,,,1.14,,0.338,0.045,,3.837,1.033,1.423,,0.07,0.091,,1.616,0.199,0.487,2.197,6.636,,2.043,3.584,3.648,,,3.648,,,1.223,,0.042,3.597,3.28,0.025,3.129,0.413,3.394,0.1942,,2.653,4.511,0.082,,,0.081,,5.819,,,0.908,,0.214,,,2.696,,3.025,0.143,,,4.038,,,3.645,3.529,3.761,,2.164,,3.698,0.171,2.307,0.237,,,1.949,1.91,0.197,,0.023,1.888,0.1045,0.671,,3.833,2.709,3.176,,0.645,,2.613,0.177,1.507,2.004,,2.567,0.119,3.025,0.501,2.075,2.678,,0.046,0.134,1.152,0.019,1.082,,,0.027,0.373,0.7,2.922,4.048,,0.98,2.581,2.062,,,0.734,1.317,0.94,1.256,1.543,,2.148,,,3.853,,,,3.183,2.462,4.968,0.055,1.647,,,1.661,,,,,,2.872,,,0.683,3.303,2.403,3.748,0.158,1.132,1.371,,,0.334,1.621,2.215,0.044,0.579,1.422,,1.643,1.154,,,3.499,,,2.561,,,,0.703,,,0.297,,0.06,0.12
2010,,0.245,,1.249,,1.431,,2.775,,,3.364,4.808,3.582,0.046,2.925,0.054,0.044,0.362,3.671,0.971,,1.749,,,,0.431,,,1.421,,0.392,,2.0384,3.81,1.438,1.463,,0.086,,0.111,1.664,,0.56,2.283,6.776,,2.124,3.599,3.734,,,3.724,,,1.291,,0.041,3.758,3.244,,3.184,,3.397,,,2.656,4.751,0.091,,,,,5.803,,,,,0.689,,0.29,2.816,,2.872,0.138,1.449,,4.164,,0.631,3.588,3.519,3.784,,2.339,2.213,3.839,0.172,2.313,0.229,0.38,,2.014,2.47,0.332,2.319,0.022,,1.679,0.71,0.068,3.895,2.773,3.101,,,,2.645,0.19,1.452,2.026,0.599,2.646,0.099,3.054,0.535,2.022,2.774,,0.05,0.16,1.169,,1.148,,,,,0.724,2.963,4.114,,1.078,2.626,2.034,,1.4714894,0.745,1.413,,0.553,1.568,0.05,2.156,,,3.979,,,,4.038,2.497,4.997,0.055,1.92,,,1.749,,0.021,,,,2.916,,,,3.356,2.42,3.806,,1.082,1.397,,0.0506,0.384,1.677,2.196,0.079,0.54,1.703,1.193,1.687,,,,3.491,,,2.535,0.659,,,0.715,,0.329,,,0.061,0.126
2011,,0.259,,1.234,,1.499,,2.816,,,3.314,4.854,3.359,0.038,2.938,0.056,0.037,0.382,3.755,0.997,2.196,1.838,4.618,,,0.459,1.843,,1.514,,0.384,,,3.834,1.591,1.489,0.149,0.09,,0.158,1.752,,0.554,2.348,6.959,,2.209,3.637,3.822,,,3.785,1.513,,1.39,,0.042,3.836,3.294,,3.259,,3.171,,,2.691,4.806,0.095,,,0.062,,5.829,,,,,,,,2.87,0.14,2.964,,,,4.14,,,3.501,3.525,3.856,,,,3.861,0.177,2.272,0.226,0.137,,2.062,2.475,,2.702,,,1.842,0.723,,4.003,2.767,3.108,,,7.375,2.739,0.14,,2.129,0.623,2.694,0.114,3.114,0.564,1.993,2.895,,0.053,,1.407,,1.254,,,,,0.808,3.131,4.188,,1.359,2.655,1.973,,,0.767,1.505,,0.565,,,2.181,,,4.12,,,,,2.53,4.24,0.0129,1.966,,,1.826,0.197,0.025,,4.769,,2.941,,,,3.304,2.479,3.881,0.099,1.141,,,,,1.702,2.205,0.078,,1.712,,1.699,,,,3.492,,,2.497,,,,,,,,,,0.081
2012,,0.247,,1.278,,1.558,,2.867,,,3.311,4.905,3.409,0.051,2.954,,0.046,0.397,3.78,1.016,,1.912,4.697,1.148,,,,,1.466,0.269,0.377,,2.3962,3.916,1.753,1.565,,,,,1.811,0.18,0.487,2.433,7.256,,2.253,3.675,3.892,,,3.831,,,1.57,,0.047,3.825,3.283,,3.264,,3.188,0.665,,2.697,4.793,0.093,,,,,5.823,,,,,,,,2.949,,3.088,0.199,,,3.98,,,3.558,3.51,3.832,0.365,,2.284,3.831,0.185,2.258,0.165,,,2.098,2.433,0.321,,,,2.184,0.747,,4.115,2.806,3.115,,,7.32,2.805,0.139,,2.14,0.46,2.741,0.103,3.212,0.594,2.016,3.079,,0.056,,1.336,,1.305,,,0.053,,0.854,3.248,4.231,0.51,,2.714,1.995,,,0.796,1.605,1.132,0.576,,,2.201,,3.434,4.238,1.385,,,,2.6,4.022,,1.996,,,1.9,0.152,,,4.955,,2.94,,,,3.363,2.526,3.952,,0.976,,0.041,,,1.709,2.159,,,,,1.724,,0.031,0.098,3.495,,,2.441,0.944,,,0.826,0.179,,,,,0.08
2013,,0.291,,1.285,,1.83,3.9385,2.899,,,3.374,4.996,3.373,0.055,2.972,,0.046,0.418,3.864,0.994,,1.993,4.719,,,,1.876,,1.593,0.279,,,2.4509,4.041,1.887,1.661,,,0.087,,1.88,,0.571,2.516,7.393,,2.36,3.688,3.984,,,3.842,,,1.654,,0.052,3.812,3.335,,3.335,0.773,3.209,,,2.706,4.828,0.099,,,,,5.84,,,,,,,,2.995,0.233,3.209,,,,3.958,,,3.605,3.483,3.895,0.482,2.43,,3.878,0.194,2.266,,0.194,,2.174,2.45,0.326,2.341,,,2.489,0.781,,4.177,2.83,3.162,,0.63,8.107,2.985,0.149,,2.184,,2.761,0.116,3.351,,2.127,3.132,,0.058,,1.585,0.013,1.557,,,0.051,0.376,0.89,3.301,4.305,0.554,,2.824,2.01,,,0.817,1.588,,0.588,,,2.208,,,4.397,,,,,2.633,4.005,0.099,2.159,,0.3179,1.999,0.184,,,4.925,,2.94,,,,3.39,2.613,4.023,,,,0.043,,,1.693,2.135,0.613,0.514,,,1.747,,,,3.495,,,2.402,,,,,,0.46,,,,0.082
2014,,0.304,,,,2.081,,2.915,,,3.45,5.049,3.362,0.058,2.984,,0.047,0.484,3.898,0.976,,2.08,4.877,,,,,,1.486,0.331,,,2.4961,4.126,2.036,1.715,0.228,,,,1.955,,,2.617,7.551,,2.447,3.9345,4.064,0.203,,3.872,,,1.692,0.745,0.061,3.802,3.361,,3.383,,3.224,,,2.742,5.106,0.107,0.163,,,,5.883,,,,,,,,3.105,,3.323,,,,3.035,1.457,0.819,3.642,3.457,3.91,0.392,2.27,2.354,3.914,0.2,2.225,0.194,,,2.209,2.602,0.378,2.069,,2.148,1.894,0.819,,4.218,2.881,3.189,,0.912,7.756,3.02,0.177,1.848,2.256,,2.867,0.1,3.508,,2.16,3.204,,,0.162,1.88,,1.489,,,0.027,,0.885,3.407,4.429,,,2.894,2.158,,,0.841,,,0.603,1.405,,2.273,,3.496,4.561,,,,1.927,2.687,4.138,0.089,2.14,,,2.106,,,,6.018,0.023,2.903,,,,3.427,2.753,4.087,,,1.446,0.044,,,1.708,2.147,0.676,,,1.236,1.736,0.917,0.059,,2.99,,,2.373,,,,0.787,,,0.294,,,0.122
2015,,0.291,,,3.626,2.297,3.973,2.962,,,3.505,5.099,3.291,0.047,3.025,,0.064,0.481,3.968,0.932,,2.103,5.051,,,,,,1.754,0.338,,0.067,2.5388,4.197,2.159,1.8,,,,,2.015,,0.743,1.778,7.759,,2.566,3.9516,4.12,,,3.934,,,1.814,0.777,0.064,3.847,3.417,,3.413,0.814,3.239,,,2.773,5.341,0.113,0.084,0.095,0.198,,5.91,,,,,,,,3.156,0.086,3.097,0.273,,,3.143,1.106,0.714,3.772,3.451,3.87,0.429,2.741,,3.909,,,,,2.866,2.242,2.597,0.4,2.147,0.036,1.963,,0.845,,4.253,2.908,3.175,,,,3.085,,,2.358,,2.834,0.097,3.583,,2.35,3.256,,,0.175,1.972,,1.496,,,0.032,,0.92,3.471,4.451,,1.25,3.046,2.127,,,0.876,1.581,,0.622,,,2.294,,,4.75,,,,,2.753,3.942,0.11,2.237,0.415,0.2074,2.205,,,,,,2.904,,0.313,1.017,3.451,2.802,4.153,,,,0.049,0.048,0.455,2.082,2.128,0.689,,2.487,1.268,1.774,,,0.097,,,,2.419,,,,0.801,,,,,,0.177
2016,,0.284,,1.219,,2.468,3.987,2.94,,,3.577,5.108,3.227,,3.078,0.046,0.062,0.492,4.04,0.842,,2.141,4.277,,,1.558,,,,0.399,0.353,,2.3105,4.251,2.31,1.891,,,,0.102,2.079,0.29,0.731,1.924,7.949,,2.679,4.0194,4.187,,,4.014,,1.842,2.064,0.778,0.067,3.824,3.456,,3.422,,3.254,,0.343,2.783,6.386,0.122,0.082,,0.1,,6.137,,,,,,,0.586,6.394,,3.211,,,,3.219,,0.703,3.849,3.443,3.986,0.472,,2.426,4.127,,,,,,2.289,,0.372,2.158,0.05,,,0.876,,4.367,2.885,3.19,,,,3.252,,1.288,2.359,,2.943,0.12,3.727,0.633,2.552,3.301,,,,2.14,0.031,1.589,,,0.033,0.443,0.941,3.517,4.581,,,3.147,1.96,,,0.917,1.574,1.296,0.642,,,2.381,,3.689,4.936,,,,2.756,2.827,3.982,0.12,2.267,,0.078,2.27,0.191,,1.5662,,,2.783,,,1.099,3.473,2.978,4.22,0.094,2.02,1.186,0.037,0.045,0.435,2.068,2.123,,,,1.241,1.788,,,,,3.968,,2.673,,,,0.833,0.162,0.326,,0.765,0.09,0.174
2017,,0.245,0.212,,,2.548,3.979,2.972,,2.898,3.677,5.157,3.164,0.097,3.08,,0.082,0.536,4.122,,1.855,2.156,4.33,1.126,,1.008,2.158,2.55,1.587,0.31,,,2.6102,4.298,2.455,2.006,,,,,2.154,,,2.067,8.123,,2.751,4.0676,4.251,,1.136,4.129,,,2.234,0.757,0.066,3.878,3.468,,3.489,,3.274,,0.658,2.814,6.515,0.089,,0.097,,0.35,6.102,1.29,,0.286,,,,0.303,6.624,,3.325,0.377,,,3.282,1.078,0.794,3.871,3.452,4.025,,2.226,,3.939,,,,,,2.342,,0.441,2.261,0.052,2.157,0.655,0.911,,4.437,2.985,3.184,,0.732,,3.299,,1.837,2.42,,2.945,0.116,3.869,0.882,2.623,3.416,,0.076,0.19,2.261,,1.809,0.601,,0.022,,0.975,3.588,4.735,0.892,,3.299,2.011,,,0.961,1.59,,0.669,,,2.343,,3.671,5.115,,1.774,,,2.91,4.078,0.135,2.409,0.263,0.07,2.322,,,,,,2.783,,,1.15,3.421,3.054,4.269,0.181,,,0.043,0.074,0.788,2.097,2.147,0.751,,3.15,1.261,1.827,,,0.172,,4.961,,2.672,,1.664,,,,,,0.788,,0.179
2018,,0.304,0.211,,,2.664,,2.968,,,3.747,5.216,3.2,0.094,3.124,0.076,0.083,0.573,4.162,,,2.235,4.386,1.081,,,,,1.778,0.42,0.377,0.066,2.428,4.339,2.595,2.124,0.22,0.13,0.362,0.1,2.231,0.283,0.791,2.216,8.429,,2.908,4.074,4.311,,1.116,4.215,1.429,1.732,2.345,0.73,0.081,4.021,3.483,0.076,3.503,,3.276,,0.624,2.834,7.555,0.143,0.222,0.122,0.3,,6.161,1.314,,0.363,,1.804,,,6.766,0.237,3.384,0.425,,0.678,3.302,1.514,0.67,3.891,3.499,4.013,0.55,,2.498,3.931,0.161,,,,3.034,2.385,,0.362,2.425,0.142,,,0.988,0.454,4.479,,3.289,,,8.568,3.474,0.195,1.799,2.467,,3.011,0.123,3.916,0.69,2.74,3.53,,0.084,0.199,1.849,0.15,1.888,0.335,,0.036,0.376,0.664,3.661,4.857,0.738,,3.353,2.103,,,0.947,1.61,1.36,0.701,,0.065,2.324,,,5.294,1.462,2.168,,2.499,3.026,4.119,0.132,2.514,,,2.368,,0.072,2.936,,,2.801,0.04,,0.795,3.521,3.13,4.327,0.24,2.328,,0.052,0.076,0.786,2.09,2.162,0.726,,3.849,,1.849,,0.05,0.414,,,2.57,2.768,,,,,,,,0.759,0.225,0.201
2019,,0.214,,1.651,,2.759,4.0685,3.117,,,3.827,5.291,3.111,,3.157,0.062,0.091,0.627,4.19,,,2.318,4.434,,,1.078,2.303,,,0.335,0.368,,2.435,4.35,2.649,2.258,0.16,,0.167,,2.304,,,2.337,8.589,,3.066,4.119,4.394,,,4.265,1.433,0.987,2.32,0.709,0.071,4.404,3.469,0.051,3.567,,3.31,,0.61,2.942,7.503,0.103,,0.075,,,6.247,,,,,,,,6.931,,3.493,0.467,,,3.343,,0.873,3.891,3.542,4.051,,2.513,,3.948,,2.168,0.214,,,2.457,,0.364,2.617,0.147,,,1.137,,4.481,,3.263,,,8.865,3.327,,2.161,2.474,,3.059,,4.029,0.751,2.709,3.647,,0.085,0.205,2.538,,2.06,0.368,,0.038,0.367,,3.751,4.968,0.803,,3.39,2.086,,,1.084,1.638,,0.735,,0.061,3.256,,,5.45,,,,,3.162,4.187,0.116,2.633,,0.09,2.434,,0.032,,,,,0.033,0.489,,3.567,3.224,4.291,,2.107,,0.053,0.076,0.897,2.064,2.162,0.776,1.019,4.108,1.28,1.926,,,,,,3.518,2.788,,,,,0.158,,,0.799,0.239,
2020,,0.254,,1.883,,2.879,3.895,,,,3.906,5.324,3.093,0.07,3.208,,0.096,0.656,4.249,,,,4.47,,,0.952,,2.626,,0.484,0.402,,2.433,4.389,2.808,2.387,0.165,0.097,,,2.379,0.439,,2.451,9.188,,3.364,4.16,4.459,,,4.381,1.949,,2.308,0.683,0.082,4.577,3.48,0.104,3.611,,3.323,0.963,0.594,3.041,5.161,0.164,,0.076,0.191,,6.296,,,1.28,,1.405,,0.489,6.959,,3.139,0.627,,0.727,3.484,,0.913,4.317,3.584,3.997,,,2.614,4.028,,,,,,2.508,2.293,0.357,,0.153,,,1.212,,4.442,,3.345,,,8.889,4.057,,,2.441,,2.964,,4.187,,2.736,3.774,,0.083,0.208,2.658,0.049,2.228,0.416,,0.034,,,3.849,5.086,0.846,,3.448,1.994,,1.7118355,,1.629,,0.752,1.778,,3.281,,,5.615,1.133,,,,3.298,3.827,,2.648,,0.084,2.508,,0.07,,,,2.699,0.043,,,3.67,3.279,4.313,0.14,,,0.06,0.081,0.928,2.119,2.179,0.767,0.95,4.193,1.295,2.036,1.261,,0.158,,,3.555,2.784,,,,,,0.554,,,0.255,0.189
2021,,,,,,2.912,,,,,3.981,5.43,,0.065,3.241,0.212,0.101,0.67,4.29,,,,,,,1.269,2.142,2.881,1.913,0.56,0.392,0.021,2.464,4.443,2.973,2.518,0.18,0.124,0.177,,2.451,,,2.518,9.429,,3.552,4.254,4.518,,,,2.03,,,,0.079,4.48,3.438,0.101,4.381,,3.343,,,3.171,5.33,0.127,,0.102,0.22,,6.367,,,,,,,,3.61,,3.298,0.695,,,4.062,,0.972,4.405,3.654,4.097,,,,,0.098,2.145,,,,2.517,,0.327,,0.171,,,1.192,,4.497,,3.377,,,,3.246,,,2.559,,,,4.276,,2.768,3.874,,0.081,0.224,,,2.316,0.467,,,0.395,,3.906,5.168,0.867,,3.516,1.997,,,,1.734,1.646,0.786,,0.063,3.391,,,5.767,3.242,,,,3.471,,,2.789,,0.101,2.596,,,2.913,,,2.837,,,1.478,3.68,3.326,,,,,0.058,0.059,,2.133,2.144,,1.009,3.412,1.292,2.165,,,,,4.508,3.608,2.805,,,,,,0.548,,0.809,0.297,
2022,,,0.244,,,,4.082,,,,,5.508,,,,0.195,0.147,,4.896,,,,,,,,,2.965,,0.552,0.378,,2.497,,3.17,,0.175,0.135,0.187,0.175,,,,2.636,,,,,,,,,2.235,,,,0.071,,,0.108,,,,,0.477,3.174,5.613,0.141,0.021,,0.208,0.143,,,,,,,,,,,,0.69,,,,,1.012,4.524,3.713,4.248,,,,,0.102,,,,,,,,,0.18,,,,0.151,5.127,,,,,,,,,,,,0.195,,,2.752,,,0.082,0.236,1.197,0.049,,0.543,,0.023,0.394,,,,,,3.574,2.058,,,,,1.621,,,,,,,,3.882,,,,,,,3.077,,0.126,,,0.043,1.552,,,,,,,,,,1.591,3.819,,0.085,0.083,,,,,,,,,,0.133,0.168,,4.63,,,,,,,,,,,0.262,0.166
