Date,ABW,AFG,AGO,ALB,AND,ARE,ARG,ARM,ATG,AUS,AUT,AZE,BDI,BEL,BEN,BFA,BGD,BGR,BHR,BHS,BIH,BLR,BLZ,BMU,BOL,BRA,BRB,BRN,BTN,BWA,CAF,CAN,CHE,CHL,CHN,CIV,CMR,COD,COG,COL,COM,CPV,CRI,CUW,CYM,CYP,CZE,DEU,DJI,DMA,DNK,DOM,DZA,ECU,EGY,ESP,EST,ETH,FIN,FJI,FRA,FRO,FSM,GAB,GBR,GEO,GHA,GIN,GMB,GNB,GNQ,GRC,GRD,GRL,GTM,GUY,HKG,HND,HRV,HTI,HUN,IDN,IND,IRL,IRN,IRQ,ISL,ISR,ITA,JAM,JOR,JPN,KAZ,KEN,KGZ,KHM,KIR,KNA,KOR,KWT,LAO,LBN,LBR,LBY,LCA,LKA,LSO,LTU,LUX,LVA,MAC,MAR,MDA,MDG,MDV,MEX,MHL,MKD,MLI,MLT,MMR,MNE,MNG,MOZ,MRT,MUS,MWI,MYS,NAM,NER,NGA,NIC,NLD,NOR,NPL,NRU,NZL,OMN,OWID_KOS,OWID_WRL,PAK,PAN,PER,PHL,PLW,PNG,POL,PRI,PRT,PRY,PSE,QAT,ROU,RUS,RWA,SAU,SDN,SEN,SGP,SLB,SLE,SLV,SMR,SOM,SRB,STP,SUR,SVK,SVN,SWE,SWZ,SXM,SYC,SYR,TCA,TCD,TGO,THA,TJK,TKM,TLS,TON,TTO,TUN,TUR,TUV,TZA,UGA,UKR,URY,USA,UZB,VCT,VIR,VNM,VUT,WSM,ZAF,ZMB,ZWE
1990,34579.22,,7391.7524,5560.538,50036.3,108057.04,17007.285,6137.6006,21074.576,36205.273,43310.914,10776.067,1396.0776,41658.43,2207.0679,1107.856,2069.7822,14954.217,41856.543,33072.08,2413.1367,12351.636,8243.732,79747.484,5124.488,12633.288,16976.762,118163.68,3411.3838,10520.918,1481.2526,40475.113,64010.758,10952.655,1666.9277,5255.51,4517.6187,2172.0017,8699.526,9998.811,2380.9817,1848.7587,10953.426,,,27667.33,27918.137,42373.53,,11311.552,45821.082,7327.7266,11728.546,9104.816,8006.6216,31773.227,19360.027,874.3469,38807.117,8126.8906,38655.887,,3136.9514,23884.81,34307.938,12917.095,2785.6711,2105.7473,2653.783,1944.2279,1122.8176,26916.312,8889.363,38137.57,7594.7285,5074.431,31598.854,4427.04,23398.35,3946.3657,21297.0,4873.0537,2203.147,29593.922,9046.585,10735.094,40116.754,25335.271,42656.746,8742.165,7589.8203,35272.418,16837.691,4177.486,6095.681,2646.098,2213.5403,14326.041,13839.989,38932.945,2005.5005,5345.512,1866.4055,18121.816,17222.148,4561.579,1422.1505,20586.229,81450.57,17508.787,55242.965,4418.66,15902.895,1968.2723,8945.805,17169.592,3905.586,12903.776,1615.9192,18190.55,775.32825,,6637.8193,547.6228,5519.6104,8951.338,1047.4644,12013.697,7281.779,1411.8489,3650.673,4217.609,43128.312,57106.883,1808.2649,30546.293,30695.467,35201.55,,11218.697,3199.7297,11335.936,6317.079,4504.4624,17842.082,3164.149,12821.464,26738.814,27190.572,9962.48,,71584.445,16315.093,29643.596,1122.9913,65196.574,2460.1887,2923.3442,45567.79,2352.4197,2706.0315,5976.0176,,,,3883.2043,17137.65,17520.99,25351.412,40205.395,5522.299,,15478.848,5828.4053,,1705.0422,2171.196,8701.954,4173.046,7925.498,2144.817,4487.8193,11884.758,6742.5767,12010.248,2984.2856,1794.2046,1080.0383,22815.799,14060.846,44378.523,4214.584,7467.379,,2467.9646,3101.6807,3990.9268,10824.385,2425.1113,4013.296
1991,35552.086,,7218.4414,4027.6746,47624.97,103098.54,18295.61,5326.753,21424.291,35610.08,44356.434,10559.212,1435.8196,42264.715,2230.4604,1178.077,2101.3835,13827.556,47644.023,31148.826,2182.801,12197.788,9019.605,76365.05,5283.118,12546.561,16264.93,118220.69,3338.0095,11001.802,1427.6902,39139.312,62636.773,11607.53,1798.2761,5052.8516,4220.653,1923.97,8658.161,9996.098,2198.3203,1830.076,10920.1,,,27159.707,24734.77,44214.754,,11518.765,46368.742,7246.2466,11314.864,9292.618,7876.5527,32499.348,17900.922,777.52356,36326.082,7843.1626,38937.953,,3308.7458,24665.68,33824.715,10120.163,2859.827,2075.992,2623.6416,2000.3027,1070.8276,27419.604,8937.777,38162.934,7662.167,5396.4634,33124.797,4160.3857,18811.828,3939.535,18765.416,5118.468,2178.686,29992.049,9923.821,3819.1619,39565.79,25698.93,43283.02,9084.997,7134.29,36372.035,14877.527,4102.4766,5520.4297,2731.3796,2047.1538,14084.684,15180.669,28633.969,2033.5826,7828.172,1819.4978,20501.479,17080.799,4735.8193,1494.2404,19384.818,87313.72,15376.091,54545.016,4656.126,13342.06,1789.8417,8799.255,17511.73,3828.4636,12152.829,1770.215,18814.674,759.2828,,5874.2554,563.5121,5456.5557,9248.0,1104.3905,12795.05,7618.333,1362.7455,3568.2583,4113.6875,43833.484,58588.47,1874.2751,24171.635,28924.744,35574.676,,11126.794,3252.351,12143.149,6322.5747,4378.3955,18291.72,3358.1887,11879.754,27162.15,28443.795,10040.3125,,68122.93,14331.432,28066.922,1072.6971,67268.555,2591.8691,2917.0142,47251.695,2418.387,2737.4292,5960.059,,836.9666,,3844.8965,17493.496,14955.925,23080.46,39474.656,5398.2373,,15695.671,6081.089,,1784.1168,2094.8115,9294.031,3777.1074,7373.584,2319.9028,4766.388,12157.927,6859.7266,11885.787,3046.9717,1785.664,1103.229,20784.16,14474.732,43742.027,4094.2273,7524.585,,2560.8438,3120.6938,3891.63,10472.158,2364.8623,4126.402
1992,35947.37,,6578.0684,3760.9397,45246.53,101100.484,19476.283,3136.7244,21330.273,35364.43,44789.395,8050.2163,1412.0605,42737.895,2226.5667,1152.0448,2174.3823,12960.393,49511.95,29412.807,2150.1965,11002.602,9957.971,75766.695,5261.6616,12271.979,15286.356,111457.22,3624.598,11008.681,1294.2025,39023.184,61922.89,12735.602,2030.3864,4843.2935,3974.2776,1664.7537,8636.637,10196.433,2336.8347,1984.6807,11626.836,,,28932.646,24584.33,44763.664,,11747.612,47150.523,7900.768,11241.415,9291.371,8034.5625,32641.082,14371.319,680.8348,34926.383,8261.304,39331.902,,3373.9824,23268.998,33868.664,5533.211,2897.8354,2076.5505,2604.269,1963.6382,1390.4791,27401.424,8791.143,36343.125,7822.26,5799.2183,34895.875,4289.476,17019.229,3656.5833,18197.531,5357.376,2249.698,30784.021,10050.382,4916.264,37753.465,26752.4,43614.484,9171.616,7737.969,36563.62,14045.104,3946.8408,4701.991,2769.4883,2495.9963,14557.185,15955.001,43266.934,2088.02,8924.152,1115.0377,19532.996,18166.207,4866.2393,1571.827,15280.389,87729.4,10582.207,58591.65,4483.2495,9461.428,1757.2946,9120.992,17796.406,4029.3413,11486.096,1679.0481,19495.098,821.32776,,5324.488,510.8228,5350.118,9721.539,994.0365,13567.894,7911.0103,1347.3323,3636.7712,4037.2754,44245.527,60333.45,1896.9717,19895.855,28938.098,36841.402,,11088.845,3404.1213,12866.849,6161.6357,4293.7183,16719.492,3690.345,12141.235,28219.115,28776.047,9948.421,,73451.02,13193.625,23965.244,1112.5903,67183.91,2709.79,2874.003,48897.81,2644.5237,2259.4802,6275.1875,,803.49866,,3798.8835,17455.125,13946.136,21851.447,38789.125,5364.323,,16744.508,6662.243,,1846.8229,1955.3339,9886.899,2630.3865,6128.9155,2495.1008,4772.331,13285.0,7241.283,12273.284,3093.827,1751.9185,1102.73,18671.873,15536.487,44659.152,3547.3115,7984.0796,,2726.4736,3122.8894,3861.889,10065.916,2268.498,3649.8892
1993,36124.305,,4843.156,4145.682,42605.66,97429.164,20791.346,2958.8804,22051.438,36469.67,44655.582,6097.4863,1366.2921,42161.79,2254.2456,1162.6493,2234.81,12870.809,54433.137,28955.28,2281.132,10143.984,10356.671,77503.46,5378.544,12669.429,15362.728,107899.13,3850.5513,10902.951,1257.8284,39622.48,61284.203,13377.306,2286.7598,4645.4673,3556.3186,1389.9509,8302.697,10533.115,2363.5369,2111.6213,12144.449,,,28440.031,24573.992,44037.523,,11982.858,46956.617,8318.492,10743.706,9284.315,8079.0547,32137.314,13899.588,743.7085,34486.754,8383.651,39020.613,,3571.6292,23551.682,34628.816,3882.0203,2964.266,2115.8665,2586.1304,1939.7544,1487.812,26804.854,8553.276,34578.348,7915.4067,6247.866,36428.65,4440.229,15569.48,3390.8813,18113.336,5609.152,2307.6072,31455.295,9867.293,6105.0415,37862.387,27123.107,43216.11,9932.031,7675.4717,36277.92,12795.875,3844.9204,3973.8833,2714.5916,2455.45,15348.688,16879.959,56684.188,2152.2766,9695.315,718.6832,18429.79,18004.031,5114.4365,1602.5963,12861.695,90195.664,10255.142,59527.71,4379.764,9363.593,1740.2952,9378.522,17970.588,4207.4097,10764.109,1696.5719,20166.203,859.3455,,5162.1,549.04877,5439.8223,10095.199,1074.5848,14533.79,7541.561,1309.6112,3469.5803,3934.0928,44490.758,61681.805,1916.9435,16555.348,30438.627,37455.34,,11080.344,3369.238,13289.874,6355.262,4283.1597,14319.969,4206.429,12563.1045,29282.111,28153.615,10178.455,,70250.766,13413.578,21899.518,984.2175,64517.664,2777.275,2834.028,53139.844,2669.6992,2295.627,6553.0723,,812.26575,,3771.2861,16217.166,14157.153,22526.393,37767.883,5372.064,,17596.898,6861.795,,1520.4119,1670.4836,10538.816,2169.9675,6085.5254,2675.6777,4946.718,13105.5,7253.328,12986.378,3189.949,1718.3931,1153.9937,16012.372,15865.277,45286.934,3386.4622,8306.775,,2890.4243,3069.806,3986.4539,9989.177,2365.6296,3634.7476
1994,37118.273,,4751.4717,4517.5396,42716.367,99402.02,21711.844,3200.8965,23081.664,37557.84,45552.605,4830.699,1305.452,43388.41,2215.3662,1148.6072,2279.0942,13149.379,52886.58,29346.287,2656.9207,8967.73,10136.446,77470.3,5521.66,13202.931,15636.116,106239.234,4042.4941,10989.67,1278.915,40952.137,61569.598,13846.349,2556.6406,4502.4595,3522.7488,1273.9946,7617.6074,10927.938,2199.5344,2465.994,12385.454,,,29501.47,25279.791,45024.992,,11979.399,49276.137,8372.071,10414.035,9494.175,8221.047,32746.93,13966.819,741.17664,35699.72,8762.415,39801.39,,3487.1057,23794.314,35869.21,3532.32,2989.3474,2134.8977,2508.104,1940.8092,1672.3455,27204.396,8634.374,36428.914,8018.2793,6755.3286,37767.297,4325.2285,16300.787,2928.675,18672.707,5931.235,2411.4626,33134.938,9681.262,6044.871,38890.207,28393.0,44136.707,9966.491,7680.1406,36568.71,11334.983,3833.2236,3176.9238,1650.391,2468.7212,15955.838,18259.855,61753.848,2267.7822,10294.8125,563.6404,18439.658,18020.514,5322.7295,1675.5978,11686.438,92375.36,10656.608,60057.766,4771.093,6490.353,1686.3419,9866.075,18422.82,4396.9146,10650.152,1723.2076,21107.48,911.46844,,5213.846,546.2097,5097.2085,10366.591,975.8497,15474.015,7437.3354,1291.6816,3317.8074,3979.9854,45532.805,64432.074,2023.1152,15860.347,31574.357,37782.723,,11202.158,3395.5044,13389.874,6997.706,4374.0674,15000.668,4297.891,13200.161,30225.781,28348.865,10459.09,3966.6887,69119.95,13961.274,19153.363,575.36755,62403.695,2736.472,2757.8608,57213.098,2802.257,2242.3054,6795.506,,634.5,,3788.4836,16648.535,14976.548,23753.95,39006.305,5501.631,,16716.521,7142.9536,,1636.4435,1913.7184,11215.037,1678.3385,4929.734,2788.0085,5188.4395,13490.032,7350.648,12166.786,3487.0337,1679.6624,1187.3678,12410.525,16932.03,46537.355,3142.4329,8189.8438,,3089.6094,3269.6284,3854.0393,10143.206,2110.5833,3965.7278
1995,37009.65,,5284.703,5151.102,44375.023,101412.086,20819.5,3480.7559,21639.602,38585.17,46696.395,4211.721,1132.2188,44330.176,2300.141,1183.5286,2351.7039,13586.095,53537.684,30128.117,3089.3523,8061.196,9958.204,80427.24,5671.822,13550.439,15925.521,105043.85,4379.8706,11457.699,1334.1033,41617.723,61453.63,14908.035,2808.034,4638.7573,3526.5437,1230.7449,7701.3247,11279.0,2239.7168,2763.3972,12593.226,,,31394.148,26869.02,45568.676,,12343.899,50509.336,8685.017,10588.443,9525.177,8423.578,33501.73,14862.045,760.26434,37069.63,8936.778,40570.72,,3692.6062,24344.186,36680.137,3762.8115,3039.6887,2171.7256,2456.0007,1975.6958,1892.1166,27646.148,8756.181,37584.07,8195.346,7071.213,37905.715,4464.5796,17522.986,3157.7832,18977.244,6312.9346,2542.422,36141.523,9804.55,5969.6694,38724.902,29470.816,45410.14,10098.98,7829.081,37442.895,10600.33,3890.0986,2974.7117,1672.7393,2498.7876,16596.266,19815.074,64093.52,2368.0547,10762.442,534.8097,17718.604,18048.781,5523.312,1709.6943,12164.204,92391.34,10707.515,60142.367,4444.2285,6428.84,1661.2706,10894.173,17028.121,4703.433,10500.511,1701.7998,22290.281,962.2094,,5457.685,525.4187,5446.2695,10718.514,1140.7561,16568.516,7506.105,1280.3354,3229.124,4130.286,46720.29,66762.16,2043.6052,14563.427,32584.654,38946.773,,11375.804,3462.4734,13349.334,7372.0425,4477.323,16224.562,4008.722,14227.566,31310.18,29460.814,10908.272,4062.963,68732.53,14861.59,18363.713,931.3678,60058.316,2824.632,2835.0327,59483.637,2996.2979,2059.9285,7057.9204,,636.43365,9444.225,3802.2913,16368.312,15805.383,24724.23,40390.832,5771.75,,16552.455,7431.354,,1585.2584,1975.9492,11953.92,1439.5028,4493.4277,2893.247,5508.3394,13930.163,7406.231,12912.242,3286.469,1685.8511,1288.5089,10983.009,16600.04,47220.957,3052.4187,8815.849,,3328.2148,3226.915,4077.991,10331.469,2119.9565,3935.2769
1996,35997.855,,5800.9624,5563.474,46386.09,100563.695,21695.596,3717.3357,22597.314,39592.535,47666.676,4223.523,1040.9224,44828.293,2337.6304,1280.696,2413.543,14367.21,54289.438,30907.744,4567.466,8314.856,9773.262,82122.78,5810.6743,13641.63,16543.328,102522.125,4616.92,11832.938,1247.9688,41880.55,61471.168,15744.738,3055.9697,4807.4243,3577.592,1194.9591,7812.048,11303.131,2173.043,3022.8882,12467.621,,,31283.508,28021.67,45908.664,,12737.897,51678.668,9036.884,10808.879,9509.275,8662.331,34232.38,15828.491,826.99164,38301.51,9306.982,40990.74,,3559.5935,24595.973,37531.527,4339.005,3106.1855,2205.3237,2439.0454,2159.3997,3033.8403,27905.107,9082.281,38090.71,8222.065,7612.304,37804.145,4421.521,18850.234,3226.6687,19029.113,6695.4097,2680.2788,38502.76,10315.138,6419.3696,40275.477,30386.197,46008.24,9990.347,7731.4785,38528.793,10857.436,3941.4092,3138.6663,1643.0157,2455.501,17340.223,21175.9,62665.223,2473.773,11757.282,582.678,17804.465,18301.152,5624.024,1786.1823,12873.201,92416.516,11077.862,59053.855,4916.48,6063.1406,1643.3258,11495.099,17775.873,4174.814,10550.941,1783.0275,22980.889,1011.1599,,5494.3213,562.8575,5650.3413,11202.286,1200.3206,17771.71,7538.925,1239.4767,3277.7944,4311.493,48095.965,69764.38,2105.5083,12813.587,33231.45,39455.83,,11622.149,3526.1416,12327.852,7437.1924,4631.772,17446.217,4167.036,15083.098,31677.23,30378.756,10825.287,3932.227,69746.22,15486.895,17699.87,888.131,59612.812,2924.2908,2822.4683,61381.754,2957.845,2086.0571,7062.3003,,663.1131,10034.453,3801.0815,16184.5,16737.139,25460.516,41014.098,5875.988,,17942.174,7943.4404,,1550.1611,2072.0833,12456.329,1175.7941,4712.8335,3039.6829,5510.7085,14857.941,7821.7837,13657.735,3070.0393,1730.5546,1367.9457,9969.501,17433.693,48435.7,3046.5637,8923.705,,3584.029,3229.1023,4333.5127,10636.864,2197.1956,4271.4766
1997,37070.01,,6015.187,4942.7207,50032.35,100310.445,23172.158,3879.1794,23350.309,40699.117,48634.38,4425.5884,1024.45,46416.473,2399.786,1326.9423,2475.5957,12414.573,54512.855,30838.947,6018.9614,9301.327,9852.857,85380.836,5989.4146,13896.625,17320.367,106503.42,4778.705,12526.353,1278.4883,43241.242,62709.99,16683.906,3305.7905,5072.597,3641.7075,1109.8584,7599.0483,11483.505,2222.0212,3302.974,12856.583,,,31657.74,27884.74,46691.82,,13037.149,53094.992,9671.148,10725.968,9739.267,8950.654,35312.086,18099.44,826.0052,40630.92,9008.645,41876.934,,3332.9807,25359.66,39278.53,4951.813,3160.445,2272.411,2486.938,2256.3323,7296.1,28768.24,9473.579,38581.215,8364.161,8064.5674,39402.652,4497.236,20110.785,3252.0269,19635.295,6897.0024,2734.521,42319.918,10329.857,7545.73,42252.47,30707.006,46869.426,9785.762,7775.5425,38814.254,11298.58,3853.3713,3399.9343,1595.1713,2439.4102,18288.494,22272.732,62151.953,2589.2075,11668.4,1111.9376,18446.844,17920.033,5871.723,1837.6965,14045.005,96211.734,12215.016,58578.41,4766.1104,6185.8394,1649.4481,12210.969,18737.643,3867.3428,10786.937,1827.1327,24006.621,1054.7675,14618.041,5628.1064,612.3715,5302.3667,11692.097,1221.094,18604.514,7656.325,1217.3125,3287.37,4408.329,49881.875,73053.97,2166.3127,11650.291,33480.145,41191.03,,11905.861,3462.5815,13013.891,7773.827,4758.7085,17400.01,3864.2302,16031.721,32915.79,31574.402,11033.016,4311.5386,87140.125,14778.41,17977.352,874.6947,58875.547,3380.1868,2840.6082,64291.203,2848.3445,1938.2987,7234.9443,66923.03,647.78467,10964.87,3784.7903,16754.352,17622.746,26813.193,42246.93,5957.236,,19895.143,8126.3657,,1582.2268,2296.1765,11952.85,1181.2811,4105.369,3075.44,5455.9053,15915.638,8136.3286,14481.858,3356.3071,1755.8037,1396.6311,9754.05,18823.941,49984.27,3150.0852,9234.699,,3820.3025,3315.4814,4325.138,10783.461,2223.4575,4304.403
1998,36889.42,,6090.0957,5387.2593,51092.223,93224.22,23783.102,4211.5127,23996.115,42174.535,50277.92,4822.16,1052.807,47226.137,2419.1,1385.0931,2555.0613,12971.246,55638.695,31836.447,6897.0063,10128.156,9884.917,88034.81,6180.55,13737.703,17963.139,97171.64,4965.8765,12306.25,1302.7515,44553.28,64418.387,17156.973,3533.566,5093.132,3714.132,1062.5687,7711.6323,11343.88,2212.0952,3657.381,13481.06,,,33182.94,27801.44,47663.336,,13563.453,54133.195,10150.446,11094.888,9876.751,9245.479,36679.094,19067.197,772.7866,42733.445,9013.452,43162.543,,3418.5696,25585.508,40496.863,5233.2886,3229.4822,2311.3274,2502.765,1717.5686,8684.657,29592.525,10515.55,41500.23,8559.986,7915.2295,36776.43,4536.912,20576.25,3261.5867,20438.383,5897.6855,2847.9624,45552.105,10400.861,9871.734,44880.496,31246.857,47701.4,9475.902,7826.74,38217.195,11364.031,3871.8218,3419.2234,1602.3837,2502.862,17963.7,20978.281,62450.09,2642.5662,11885.308,1308.4056,17528.31,18786.998,6032.622,1856.6908,15202.912,101364.67,13138.401,55238.973,5033.9233,5783.486,1658.8885,12884.723,19573.066,3805.887,11092.218,1916.3242,25073.611,1102.791,15381.213,5735.8438,660.6502,5310.158,12272.319,1241.5243,16817.172,7709.89,1294.1619,3285.238,4502.598,51879.38,74558.3,2188.222,10275.95,33469.254,40574.676,,12030.494,3454.1768,13826.532,7603.809,4616.673,17349.436,3590.1,16766.648,34537.184,32925.664,10802.56,4805.1914,91901.16,14508.435,17052.756,913.7196,58306.62,3441.1792,2938.6917,60782.195,2805.2908,1953.5769,7381.1147,71024.56,662.4371,11597.684,3828.9983,16789.756,18272.486,27695.045,44016.176,6034.327,,19991.229,8456.783,,1634.9895,2180.6558,10897.153,1236.6755,4323.302,2932.8823,5541.683,17151.068,8417.976,14624.932,3855.6548,1773.7242,1422.2079,9646.055,19577.79,51619.87,3234.3574,9609.104,,3982.958,3285.1384,4386.519,10706.777,2157.5735,4342.855
1999,36842.957,,6021.229,6085.6597,52921.047,89303.77,22714.512,4406.9673,24462.203,43813.004,52067.934,5133.748,1017.4978,48787.28,2470.685,1444.5669,2624.0654,11948.973,56522.227,33657.72,7478.8203,10519.749,10450.553,90290.56,6099.5117,13602.414,18017.693,99083.32,5241.3667,13207.447,1313.2357,46464.547,65177.883,16896.125,3774.1377,4987.357,3780.0623,983.60223,7312.3267,10679.709,2214.8396,4006.4797,13760.924,,,34453.715,28213.455,48647.168,,13661.679,55555.363,10582.077,11292.037,9242.967,9588.859,38141.316,18930.328,787.67957,44505.71,9693.8125,44400.137,,3456.1533,22713.715,41596.47,5495.245,3290.2686,2346.2703,2589.9778,1968.6896,10492.465,30263.055,11165.327,42072.055,8668.427,8139.97,37339.953,4386.7114,20489.953,3288.6855,21128.889,5855.658,3041.4827,49784.297,10459.124,11237.854,46130.184,31465.613,48493.664,9501.015,7920.0195,38020.094,11815.773,3848.4646,3491.9377,1775.4124,2364.3462,18291.424,23218.229,59533.953,2786.5205,11617.25,1507.3147,17397.988,19039.463,6176.2354,1860.7006,15143.193,108180.41,13619.099,53292.54,5043.665,5597.4653,1681.3594,13449.203,19793.285,3718.811,11518.322,1970.034,26101.871,1209.0165,13973.575,5829.1665,722.30554,5359.989,12433.67,1249.7753,17428.625,7773.9434,1247.6471,3218.4636,4750.9487,54134.363,75583.836,2242.6501,9611.371,35084.293,40145.93,,12292.919,3484.4568,14261.741,7585.328,4650.7593,16085.198,3531.6594,17556.002,36216.84,34018.965,10435.398,5071.8213,90837.46,14476.495,18200.32,945.7332,55878.17,3459.23,3050.178,63746.48,2717.5508,1905.0393,7498.4673,76474.13,682.7341,10437.878,3878.131,16217.518,18167.46,29133.203,45829.6,6145.32,,19969.352,7951.39,,1567.7671,2172.4917,11253.388,1275.8225,4945.0854,2137.671,5632.7227,18464.234,8821.979,13959.867,3777.3718,1810.9716,1487.7579,9704.445,19192.717,53474.047,3326.4253,9853.348,,4119.0537,3228.5918,4448.32,10844.917,2198.1892,4238.192
2000,39244.83,1617.8264,6002.9893,6581.639,54809.145,92547.23,22281.38,4589.0083,25547.611,45013.01,53599.61,5656.9297,988.03687,50477.992,2536.169,1428.574,2712.935,12558.974,57968.996,34597.074,7827.902,11182.455,11352.719,98019.93,6146.0293,14005.348,18851.576,100323.44,5287.574,13185.817,1245.814,48399.305,67378.39,17525.271,4066.0364,4838.3403,3822.9443,886.72076,7570.583,10813.494,2408.417,4510.1357,14018.742,34307.125,,36122.703,29427.406,49979.133,,14054.655,57431.973,10896.318,11558.221,9183.052,9981.628,39945.9,20739.39,810.27075,46968.84,9426.114,45922.48,,3611.4495,21717.225,43247.637,5706.2725,3327.352,2358.2876,2658.6177,1950.8013,11767.471,31386.64,11632.175,44991.676,8770.404,8025.2935,39848.61,4579.6895,21302.537,3256.6294,22117.92,6056.382,3099.503,53744.543,10908.293,12702.164,47771.21,33275.062,50353.42,9518.231,8086.922,39005.914,12935.864,3756.6362,3638.4631,1922.0317,2481.4153,19840.58,25111.139,60585.3,2899.0195,11571.732,1868.1798,17742.348,18818.885,6428.6133,1932.158,15771.427,114141.586,14554.213,55936.242,5100.1157,5727.079,1701.4432,13738.281,20470.494,3772.2158,11987.585,1912.309,31038.125,1359.9304,14431.785,5818.243,711.9764,5008.608,13322.0205,1239.3917,18532.91,7858.3877,1190.5668,3290.7056,4878.2476,56016.87,77587.21,2340.8157,8969.125,35879.793,42086.043,,12708.0,3531.713,14572.976,7669.095,4740.439,15440.076,3326.7986,18566.355,37298.547,35069.83,9998.593,4520.89,93187.06,14852.005,20104.75,1016.662,55962.266,3575.852,3093.2878,68314.55,2276.8418,1983.2887,7545.4478,77149.414,702.5979,11105.329,3852.8904,16220.179,18335.648,30063.12,47875.086,6189.645,,20633.674,7807.93,,1501.1449,2096.8591,11622.525,1365.2333,5112.5293,3785.5923,5808.265,19662.75,9134.405,14737.441,3721.8994,1839.9366,1487.005,10364.0625,18752.059,55038.62,3410.6504,9999.059,,4349.2236,3342.1672,4638.594,11197.515,2220.5654,4071.0188
2001,40505.53,1454.1108,6049.163,7232.5757,59109.016,88045.195,21066.459,5044.1167,24014.775,45338.684,54098.027,6168.9854,983.39685,50857.824,2591.065,1477.2849,2803.5547,13301.355,57280.7,35072.277,7979.8687,11771.087,11555.907,104560.836,6144.9785,14016.132,18380.26,99680.766,5545.6304,12949.641,1272.857,48774.168,68008.34,17870.3,4372.157,4609.1445,3884.873,841.03564,7567.439,10823.45,2414.43,4540.907,14250.463,35339.062,,37147.91,30399.873,50711.68,,14091.549,57770.223,10991.137,11742.595,9405.117,10117.333,41224.293,22099.34,851.3134,48099.3,9516.328,46454.87,,3679.1907,21604.781,44189.855,6074.0864,3369.507,2412.7517,2737.696,2001.1652,18031.965,32675.93,11340.183,45405.855,8771.155,8212.043,39777.883,4578.9478,22826.932,3186.834,23069.21,6190.5195,3188.8103,55702.17,10998.129,12529.608,49032.37,32590.229,51332.29,9585.314,8339.786,39062.28,14612.029,3778.2585,3795.8906,2032.0809,2357.5818,20648.79,26128.39,59099.664,3015.6326,11817.931,1867.1191,17111.484,17993.637,6230.031,2004.0334,16933.023,116258.43,15695.906,57114.06,5417.5786,6090.0347,1748.5035,12977.999,20078.219,4000.7305,11571.174,2140.9927,30572.77,1498.3116,14531.922,5917.071,785.79016,4847.4106,13659.635,1149.5804,18186.441,7786.5415,1233.0651,3392.0354,4958.3276,56887.434,78791.305,2413.8142,8394.085,36885.645,43492.285,,12841.629,3559.7278,14427.83,7611.6665,4778.401,16295.897,3211.7593,18800.602,39568.555,35500.227,9749.259,3996.5088,92115.83,15846.603,21219.904,1093.1841,53309.113,3701.5488,3149.331,65784.4,2055.2922,1750.9247,7580.323,80420.77,723.1202,11878.513,3907.0193,16556.943,18906.564,30864.86,48396.45,6197.5034,,20147.418,7698.397,,1620.5527,2059.105,11901.318,1467.3988,5228.803,4040.3945,5860.0806,20392.883,9380.553,13718.278,3705.5923,1899.7454,1516.9642,11379.386,17986.9,55017.305,3509.7285,10177.81,,4570.2686,3148.3347,4941.115,11401.431,2268.9697,4102.0835
2002,39846.062,1774.3087,6645.4775,7590.0547,61188.637,84871.6,18571.701,5731.3535,23958.164,46609.746,54631.6,6701.0815,998.5613,51494.562,2630.1807,1494.678,2866.4346,14391.43,55096.656,35610.59,8363.914,12443.933,11816.598,102559.766,6193.2637,14265.905,18404.15,101571.586,5991.255,13479.696,1290.3832,49695.008,67446.41,18240.201,4744.3984,4368.928,3951.4194,839.76624,7729.3887,10925.148,2418.8342,4710.241,14495.992,35435.996,,38091.87,30919.549,50510.906,,13640.703,57848.844,11313.069,12213.126,9697.556,10143.506,41766.04,23781.652,838.29803,48792.49,9724.101,46610.78,,3696.5852,20981.48,44793.324,6464.325,3425.6182,2498.1318,2578.5571,2029.1843,20242.432,34081.027,11684.859,44793.27,8901.536,8314.027,40258.207,4627.023,24137.44,3163.5898,24229.295,6381.9497,3250.6956,58002.535,11788.8955,11144.051,48868.566,31897.584,51369.113,9716.8955,8638.08,38987.91,15960.874,3681.2568,3760.5325,2126.3416,2341.6956,20813.404,27984.639,59348.617,3143.2234,12053.834,1887.646,16625.059,17911.629,6409.863,2024.7872,18216.545,118757.53,17096.559,61564.926,5544.072,6580.2783,1486.4343,13689.807,19744.793,4121.84,11829.611,2139.971,31177.506,1661.7358,14749.374,6117.9824,842.64526,4806.8984,13784.199,1140.8428,18708.87,8017.2812,1248.8231,3806.2158,4935.4854,56664.414,79447.09,2380.2441,7593.0576,37959.066,42654.15,,13024.261,3563.6785,14507.144,7931.5796,4856.4995,16980.826,3100.7952,19166.914,39879.73,35578.52,9610.748,3409.1729,94111.69,17059.797,22319.678,1220.7395,50371.977,3814.3132,3075.2317,67744.27,1960.441,2091.141,7675.671,79649.53,749.6445,12661.232,3942.7605,16678.072,19748.893,31838.547,49337.934,6417.81,,19777.752,7811.816,,1697.9716,2084.2305,12512.184,1594.939,5138.871,3482.6528,6085.1133,21904.922,9407.547,14427.761,4042.9011,1982.6443,1598.5829,12092.789,16572.79,55436.117,3604.6934,10736.088,54299.23,4809.6216,2911.0413,5183.4546,11711.884,2299.333,3701.455
2003,39832.58,1815.9282,6609.215,8024.8213,63656.195,87150.88,20005.139,6569.2603,25136.002,47500.836,54986.742,7329.4062,955.6692,51811.69,2639.0437,1561.8331,2958.915,15265.574,54431.875,34740.676,8707.065,13413.927,12577.097,105642.98,6255.5156,14259.366,18689.342,103226.914,6323.541,13857.259,1191.8732,50139.785,66926.17,18902.871,5192.006,4060.0005,4054.7812,861.0816,7577.4565,11183.291,2422.5872,4841.2656,14891.34,34812.79,,38618.92,31949.297,50215.426,,14398.002,57946.176,11000.868,12835.182,9802.814,10250.377,42223.13,25749.28,795.77216,49655.547,9727.956,46730.977,,3760.1504,20875.455,45990.715,7227.737,3507.751,2473.2341,2682.48,1978.1233,21709.574,35970.703,12734.325,46649.047,8926.153,8267.429,41570.598,4714.867,25474.248,3216.8018,25255.871,6599.092,3445.926,58785.215,12666.201,6849.332,49571.195,31780.78,51126.258,10012.287,8800.497,39501.81,17344.752,3674.086,3982.9272,2309.8394,2258.034,19927.182,28716.17,67984.31,3282.9854,12272.344,1308.1509,18417.885,18522.514,6741.0127,2127.373,20302.984,120396.26,18717.668,67925.71,5810.053,7034.358,1584.7493,15316.119,19701.463,4040.655,12077.184,2262.0513,32117.344,1874.1713,15055.337,6463.7896,883.23914,5023.6523,14495.693,1176.1239,19329.006,8237.366,1231.2781,3974.7678,5000.612,56452.867,79728.78,2439.4949,7632.083,38976.914,41247.586,,13331.042,3668.7793,14957.554,8174.3794,5003.3833,16303.082,3064.444,19855.63,39876.066,35115.38,9903.45,3788.9265,93224.45,17585.574,24057.928,1220.4991,52234.65,3946.9226,3170.035,71877.53,2050.3267,2198.2573,7780.272,81688.375,777.60547,13272.949,4161.638,17383.502,20721.672,32835.992,50079.266,6621.4663,,18825.22,8177.545,,1871.6399,2168.6514,13287.305,1736.6404,5203.8545,3266.5073,6053.88,24942.783,9752.014,15083.136,3838.4036,2059.8374,1649.1483,13342.88,16694.44,56498.207,3711.7786,11475.331,54086.156,5090.29,2962.031,5425.444,11937.716,2383.8762,3036.0535
2004,41834.926,1776.9182,7074.026,8482.808,64353.484,90388.984,21591.45,7299.4,26303.617,48980.895,56048.48,7937.8594,965.2041,53430.254,2672.844,1581.2562,3071.838,16382.618,54045.094,34617.72,9341.728,15052.118,12794.806,107803.2,6407.838,14911.261,18845.24,101497.76,6517.997,13984.842,1236.2854,51210.68,68263.44,19961.984,5684.169,4088.945,4222.9663,892.4353,7577.446,11607.938,2422.7214,5268.303,15323.289,34288.74,,40021.074,33452.34,50810.145,,14962.246,59401.258,11131.2705,13226.765,10290.663,10451.821,42793.39,27665.307,877.1145,51494.707,10148.878,47720.44,,3656.054,20438.932,46853.793,7693.915,3607.3652,2477.503,2794.1936,1955.6943,28225.986,37811.492,12601.071,49742.06,9003.857,8404.2,44836.203,4885.343,26529.244,3120.844,26568.12,6843.5464,3656.1262,61638.33,12935.786,10210.563,52971.832,32675.209,51495.004,10085.591,9326.668,40351.777,18886.582,3743.5679,4211.5225,2491.3093,2199.6707,20661.346,30089.172,73298.06,3441.17,12882.076,1326.5356,18846.242,19715.83,7059.911,2178.6648,21867.287,123720.26,20574.12,83915.22,5996.39,7573.6177,1620.1195,15958.656,20127.225,4012.3445,12682.683,2224.144,32032.25,2110.2373,15693.857,7070.667,934.134,5139.2256,15028.817,1208.2197,20168.506,9130.824,1192.0824,4223.798,5204.382,57391.363,82440.95,2521.541,7302.046,39971.77,41351.77,,13838.768,3859.646,15875.112,8495.986,5229.4507,16807.617,3046.333,20878.654,43355.824,35658.13,10187.194,4503.0806,107023.68,19530.383,25894.146,1277.1927,54196.55,4041.0571,3240.302,78039.02,2168.5178,2262.872,7841.532,80724.81,802.77167,14193.572,4202.562,18585.518,21842.914,34306.74,51967.55,6820.126,,18356.47,8528.656,,2392.0928,2093.015,13997.001,1878.287,5360.224,3236.5225,5900.4575,26792.238,10263.794,16376.965,3704.9272,2155.2415,1709.3616,15021.066,17519.379,58131.633,3939.5305,11979.907,55883.453,5421.097,3005.7974,5568.347,12356.316,2471.7207,2828.8433
2005,40608.82,1908.1147,7845.89,8963.804,65114.805,89986.13,23262.408,8362.9,27692.635,49914.516,56959.637,10054.101,938.3816,54370.87,2632.4724,1664.9955,3231.6138,17671.193,53478.266,35365.38,9811.211,16579.873,12702.742,109335.38,6579.3125,15221.014,19488.002,99795.69,6850.804,14361.958,1219.594,52356.56,69692.59,20918.527,6298.323,4032.2458,4199.7227,918.53485,7876.118,11999.255,2441.1357,5565.7695,15703.963,33651.504,,41363.28,35535.746,51289.28,,15080.5205,60635.625,12022.508,13738.496,10660.205,10700.609,43570.766,30473.78,952.11566,52744.047,10127.111,48257.465,,3747.8838,20385.29,47804.785,8485.587,3721.3079,2501.2217,2653.6423,2035.6814,31302.957,38146.965,14220.552,52189.0,9099.723,8256.525,47938.895,5056.6753,27641.578,3163.1138,27765.79,7140.8545,3881.966,63771.594,13056.25,10078.443,55333.227,33512.89,51585.645,10119.534,9839.688,41075.824,20565.53,3844.7356,4156.9585,2781.8904,2183.7812,22612.713,31319.11,78193.9,3630.5588,13024.665,1335.6173,20644.027,19491.219,7452.742,2275.016,23944.701,124866.86,23213.354,87090.72,6103.4224,8161.4736,1648.1763,13942.875,20277.256,4075.1587,13353.726,2314.0151,32745.594,2377.9026,16325.787,7499.848,970.38995,5445.8296,15205.661,1214.7427,20767.586,9245.137,1233.8755,4372.9756,5356.9585,58422.01,84080.0,2580.231,7284.041,40848.297,41551.14,,14291.341,4042.1545,16867.96,8949.954,5386.8164,17382.299,3136.5857,21568.947,42555.707,35870.31,10290.101,4885.0728,107784.52,20568.717,27656.658,1360.2959,54931.793,4152.3228,3301.8208,81841.16,2287.26,2298.7239,8050.5347,81632.17,830.50916,15076.717,4371.497,19220.283,23257.13,35567.305,53205.88,7189.969,,19917.12,8828.946,,2695.812,1944.7795,14458.255,1965.3002,5945.9526,3265.505,5828.3706,29574.334,10529.148,17659.898,3488.5364,2253.0933,1765.0378,15610.573,18811.32,59604.754,4160.955,12320.071,57838.098,5776.3633,3089.437,5914.8896,12877.307,2564.4756,2642.1724
2006,40335.418,1929.7239,8435.455,9563.48,66390.3,92044.516,24877.25,9525.231,30827.342,50602.35,58531.51,13371.658,954.19086,55392.05,2652.2185,1714.7604,3407.4272,19017.182,52691.934,35789.043,10426.948,18349.871,12900.111,115170.9,6778.385,15657.4795,20571.81,102248.51,7140.856,15275.583,1251.8708,53195.78,72077.86,21968.537,7057.1,4049.2603,4241.5176,938.04114,8192.58,12636.625,2455.7153,5941.3823,16620.135,33334.855,92169.88,42596.426,37786.88,53326.977,,15727.705,62743.234,12961.918,13920.694,10933.49,11211.832,44572.68,33646.617,1024.7291,54653.98,10222.198,49223.246,,3767.9448,19224.127,48584.438,9337.989,3857.8616,2478.6133,2564.6865,2040.172,32251.768,40483.156,13602.686,55243.71,9386.001,8702.331,50981.76,5263.1504,29039.344,3164.8237,28903.047,7434.488,4129.7783,65171.504,13416.842,10568.914,57463.75,34770.027,52304.242,10359.316,9977.759,41613.15,22574.344,3970.7334,4240.1704,3041.1047,2264.1616,23258.984,32795.156,79521.35,3881.5374,13003.681,1364.6035,21539.627,20551.06,7970.665,2381.0203,26129.34,130284.97,26431.814,93724.984,6488.674,8577.028,1686.8634,16829.977,20965.826,4075.5764,14117.452,2388.3481,33388.703,2669.327,17702.305,8043.9966,1041.8047,6284.702,15871.303,1237.2739,21444.486,9773.298,1260.1205,4511.6396,5500.406,60391.543,85458.55,2641.348,7902.5073,41475.12,42540.44,,14845.036,4185.8667,18190.273,9547.913,5578.5723,17561.047,3202.4873,22921.197,42133.97,36387.535,10672.993,4714.3735,115383.74,22352.164,30022.672,1446.7109,54373.74,4299.974,3301.0315,86463.83,2340.6604,2344.8623,8404.247,83781.55,857.6858,15726.524,4644.1807,20113.67,25331.824,37548.883,55381.395,7582.758,,21341.86,8885.806,,2586.9878,1941.173,15051.061,2063.2886,6476.828,3040.4053,5670.914,33391.54,10983.91,18693.9,3532.3994,2334.1045,1898.9791,16901.508,19560.082,60676.566,4413.7227,13233.407,59911.723,6098.245,3270.7024,6017.477,13460.689,2673.4614,2519.8274
2007,41272.28,2155.353,9263.98,10262.378,65534.117,84581.87,26850.664,10898.849,33245.27,51562.094,60544.633,16587.365,951.2901,57008.6,2729.1375,1731.9304,3608.9155,20432.344,52731.793,35797.027,11174.76,20019.611,12962.467,118691.07,6967.57,16440.584,20899.99,96752.62,8195.07,15850.234,1284.5529,53761.863,74234.305,22878.883,8013.716,3999.691,4302.619,967.05414,7375.8247,13318.304,2426.5151,6767.4067,17743.623,33490.254,92300.48,43825.02,39629.008,54941.6,,16560.518,63082.246,13754.921,14114.675,10952.822,11782.006,45301.285,36359.465,1109.1433,57313.293,10050.951,50157.785,,3727.3374,19751.877,49472.984,10567.274,3923.1257,2587.005,2567.1572,2040.9401,35540.45,41796.234,14385.092,56763.24,9772.805,9354.08,53813.074,5461.9014,30512.174,3258.3665,29044.066,7802.464,4379.696,66676.46,14275.749,10853.816,60765.203,36317.85,52747.19,10457.972,10161.402,42182.176,24351.346,4116.451,4558.713,3308.1575,2286.4465,23330.045,34522.27,79474.76,4112.253,13941.562,1422.1002,22416.11,20759.305,8454.207,2470.3147,29370.773,138677.97,29423.736,102761.6,6620.5903,8854.834,1731.6176,17439.951,21102.27,4222.413,15117.411,2400.6528,34948.28,2968.3032,18881.762,8750.134,1095.1257,6002.7783,16703.99,1318.3319,22305.12,10162.24,1252.7483,4677.542,5697.211,62601.62,87043.5,2708.7144,6157.904,42346.09,43696.97,,15422.593,4257.926,20208.822,10286.3545,5840.068,18138.469,3345.8503,24484.066,41888.625,37226.47,11141.87,4769.5234,109579.79,24325.781,32630.37,1516.2675,53318.418,4415.785,3316.4204,90417.805,2384.3254,2379.9446,8548.835,86785.016,887.05096,17027.135,4698.084,20902.139,28064.191,40005.246,56745.04,7873.565,,23117.855,8829.309,21878.82,2608.2686,1863.2831,15742.655,2181.898,7060.1484,3258.1267,5506.652,34838.285,11613.912,19605.168,3737.8787,2423.616,1999.0625,18374.014,20803.893,61306.598,4764.564,13732.362,62332.945,6418.544,3283.3655,6013.2764,14033.4,2796.353,2395.9888
2008,41710.496,2191.5044,9916.909,11055.718,60691.605,77891.99,27658.484,11727.482,32756.307,52351.586,61232.55,17963.021,957.22266,56812.79,2777.6196,1779.3271,3787.9382,21837.502,52765.39,34497.95,11979.741,22137.947,12398.513,115942.73,7272.166,17113.367,20922.408,91275.5,8470.035,16040.315,1283.2728,53711.68,75355.2,23509.781,8743.745,4096.7236,4300.2666,996.74414,7587.288,13591.061,2473.089,7169.1396,18334.014,33795.13,89338.29,44296.902,40328.344,55547.312,,17738.041,62451.074,14030.141,14206.776,11474.525,12391.585,44926.348,34588.55,1193.7473,57494.586,10092.18,50068.297,53528.785,3669.0864,18493.092,48963.023,10856.104,4174.7812,2629.5398,2649.611,2080.143,39994.617,41709.387,14472.423,60506.195,9889.572,9546.709,54630.375,5566.7065,31116.53,3289.7053,29384.008,8165.0615,4450.39,62401.406,14138.801,11511.938,60963.543,36827.926,51806.39,10328.04,10641.59,41645.57,24895.664,4002.8835,4894.943,3501.9258,2172.3577,25898.783,35293.41,77036.51,4367.163,14955.142,1463.124,21909.43,21651.234,8897.827,2589.1663,30445.781,135812.22,28726.973,102355.89,6901.9507,9563.698,1794.4023,18344.486,20992.56,3903.3057,16037.158,2474.91,36252.895,3254.739,20209.646,9379.8545,1141.9425,5813.356,17540.281,1378.4288,22898.002,10286.513,1300.5542,4856.813,5809.0996,63678.402,86379.664,2852.6099,7421.0874,41561.184,46586.395,7098.403,15655.5625,4233.348,21867.818,11151.53,5987.0376,17406.168,3233.9182,25553.906,41358.07,37291.504,11751.14,4984.8057,109206.41,27036.697,34342.227,1641.7777,54407.707,4446.4097,3359.7056,87329.59,2489.7925,2406.8152,8704.806,85120.29,918.8023,17982.277,4873.181,21515.812,29544.033,41288.973,55784.93,7884.8647,,21990.37,8903.772,22689.316,2596.8645,1883.5494,15891.782,2308.0942,7944.996,3532.5703,5758.5684,35871.297,11990.183,19516.385,3933.374,2493.2593,2110.1006,18883.986,22249.383,60798.434,5115.644,13850.394,63057.625,6659.1357,3381.3857,6182.763,14315.189,2908.1436,1949.0349
2009,36590.56,2565.022,9629.092,11429.967,57203.973,69358.0,25747.197,10143.235,28405.69,52254.324,58882.14,19242.39,944.62994,55283.086,2758.0725,1779.323,3942.1362,21242.994,50665.75,32630.182,11822.724,22236.838,12024.196,108962.82,7392.1626,16939.441,19770.527,87875.83,9019.118,13489.951,1402.6816,51552.42,72709.81,23013.582,9518.433,4151.0537,4286.577,993.9978,8138.45,13586.752,2581.6624,6994.574,17932.615,33397.4,80594.08,42254.6,38175.14,52600.234,,17534.033,59027.766,13992.41,14104.428,11403.527,12728.081,42852.223,29585.145,1262.464,52599.15,9910.175,48404.965,50835.953,3742.8298,17911.146,46348.754,10553.09,4269.16,2537.3064,2745.3254,2077.5588,38706.605,39886.215,13471.83,61035.566,9740.709,9924.526,53172.305,5313.756,29026.732,3426.3892,27445.959,8435.456,4731.362,58623.117,14104.979,11470.518,56099.65,36403.164,48774.39,9838.251,10938.503,39279.5,24901.354,4012.1943,4969.9614,3587.609,2137.9658,24973.805,35390.562,67896.266,4625.072,16264.351,1492.9982,20513.562,20907.334,9156.319,2538.1934,26217.545,129002.24,24520.68,104764.71,7063.727,9001.234,1673.1555,16230.009,19385.543,4047.2268,16083.342,2506.5808,35478.56,3578.1743,18997.678,9095.977,1178.7091,5639.7876,18073.7,1449.7261,22106.643,10166.29,1277.6923,5102.9165,5538.3657,61029.73,83642.07,2961.839,6996.7593,41132.336,48304.117,7481.459,15356.328,4270.439,21822.988,11204.377,5965.307,16401.225,3349.6436,26204.41,40772.35,36092.812,11601.285,5270.663,108435.85,25758.863,31654.004,1699.9446,51760.766,4188.0547,3371.4617,84843.516,2514.886,2378.7207,8494.498,73093.83,955.87726,17487.146,4919.1953,21906.41,27880.357,37811.58,52957.883,7957.0938,50980.94,21361.13,9284.102,17512.197,2472.1787,1930.7802,15665.903,2349.5002,8264.865,3794.1714,5453.875,34256.164,12229.762,18320.45,3638.1875,2560.811,2188.299,16092.796,23138.082,58714.973,5439.551,13723.784,58895.305,6914.339,3396.736,6104.1274,13927.729,3065.8442,2176.8645
2010,35508.594,2848.5862,9672.839,11828.375,58285.06,68799.93,28056.258,10438.564,25826.61,52589.816,59803.37,19925.39,947.6214,56265.016,2733.574,1873.9714,4125.464,21715.879,50704.848,32711.377,12138.83,24012.613,11868.438,105968.875,7571.678,18062.158,19253.408,88586.516,9985.284,14545.02,1479.4137,52558.44,74290.266,24116.77,10476.3125,4338.6523,4286.583,1031.2501,8583.662,14037.064,2652.3555,7072.1216,18660.92,33004.555,76259.03,42103.492,39097.387,54865.43,,17516.787,59696.355,14975.001,14496.421,11665.698,13128.988,42695.527,30379.11,1381.1904,54017.945,10167.35,49130.42,50782.34,3842.236,18530.576,47013.883,11294.368,4495.689,2594.8306,2824.2126,2138.0269,33668.875,37566.75,13363.092,61863.28,9825.018,10374.395,56355.402,5396.0723,28704.527,3195.2483,27801.834,8848.225,5059.2827,59285.81,14737.156,11816.841,54588.973,37722.41,49301.695,9654.072,10953.538,40881.797,26374.84,4211.5244,4876.4795,3711.5376,2119.6401,24997.566,37610.973,62956.215,4946.1055,17390.758,1538.8508,21109.969,20849.055,9832.187,2651.378,26887.492,131432.06,24119.73,130596.31,7210.6367,9649.951,1635.2451,16730.014,20058.385,4269.3584,16730.168,2594.4155,37492.676,3893.7903,19481.406,9507.119,1224.2302,5605.7637,18819.998,1504.3751,23307.97,10614.62,1336.5641,5359.5186,5701.128,61518.555,83256.79,3085.314,6966.7856,41270.93,48191.613,7877.102,15944.813,4228.7817,22739.111,12059.018,6273.039,16530.846,3579.1714,27112.133,40777.688,36703.113,12738.576,5432.2437,129045.01,24900.23,33063.586,1779.1586,54911.547,4219.837,3403.5671,95456.19,2682.2854,2461.981,8648.93,68669.25,994.86847,17840.436,4882.048,22772.475,29745.861,38065.734,55527.94,8210.697,52140.6,21708.756,9546.561,17000.223,2717.5076,1988.9521,16730.37,2449.2737,8842.333,4049.185,5488.7505,35190.215,12458.258,19564.79,3506.0603,2654.8035,2244.606,16811.795,24879.836,59789.414,5760.805,13175.723,59272.246,7274.733,3359.8496,6427.3115,14182.334,3266.5076,2563.4783
2011,36435.555,2757.0525,9627.0205,12152.417,60470.465,70662.516,29425.76,10990.177,25023.918,53112.53,61346.96,19358.078,951.1885,56610.266,2732.0125,1939.8666,4352.4263,22312.395,53132.33,32535.58,12483.503,25404.756,11584.285,101989.93,7837.493,18627.81,19050.566,90279.664,10714.687,15236.719,1517.1484,53681.13,74800.89,25366.27,11405.018,4017.4077,4307.852,1066.5795,8492.421,14852.37,2752.953,7325.784,19254.914,32704.355,75059.66,41213.87,39708.164,57992.367,,17475.041,60230.355,15258.086,14641.964,12449.078,13082.427,42271.836,32789.434,1492.5339,55053.39,10412.996,50085.684,52716.934,3958.9321,19153.088,47178.918,12288.683,5005.367,2673.4087,2519.8398,2250.9204,34341.934,33906.492,13406.06,61170.92,10032.088,10958.86,58672.81,5488.4336,28775.648,3320.347,28415.117,9274.97,5249.5493,60001.08,14941.26,12267.585,55426.992,39075.375,49473.016,9778.694,10977.482,40967.344,27946.16,4307.106,5092.8516,3921.979,2150.383,25380.008,38698.46,64844.5,5266.879,17353.195,1601.0337,10739.093,21637.87,10618.492,2749.3196,29240.748,129885.37,25308.732,155185.4,7503.793,10217.309,1614.5514,17581.768,20457.6,4259.116,17200.29,2612.8481,37704.496,4078.6123,20080.627,10960.096,1275.5295,5653.2173,19556.049,1533.2289,24115.818,10965.273,1318.1013,5488.005,5976.253,62318.14,83092.44,3176.6504,7926.221,41814.887,44440.31,8359.937,16373.5625,4246.067,24999.46,12726.6,6388.313,17682.61,3514.8328,28521.662,40972.535,36127.293,13109.467,5805.3213,145591.02,26147.94,34444.645,1874.215,58645.465,4467.626,3362.8794,99296.76,2777.471,2592.859,8943.062,64214.117,1053.9839,17985.58,4876.473,23829.533,30468.766,38235.723,56853.836,8348.774,53786.246,24406.412,9648.824,17147.424,2742.6997,2048.8154,16766.348,2572.4807,9929.689,4191.8027,5847.444,34814.37,12068.7,21439.068,3687.4392,2779.7078,2384.4653,17783.957,26099.322,60245.484,6100.251,13168.896,54443.07,7652.619,3390.961,6616.771,14451.929,3335.6433,2875.902
2012,35530.26,2985.319,10051.34,12292.297,58172.133,69158.83,28825.967,11796.274,25592.906,54237.594,61451.55,19523.373,958.6574,56381.688,2779.7266,2003.6647,4592.0483,22610.057,54516.84,33667.496,12622.734,25879.133,11761.563,96711.07,8108.205,18832.219,18936.088,89718.46,11143.944,14957.619,1577.9806,54034.805,74883.62,26670.498,12217.8545,4234.1807,4382.1113,1104.6641,9079.687,15279.479,2868.4,7397.8223,19960.793,32320.877,73948.02,39191.348,39347.05,58158.137,,17431.129,60000.89,15487.277,14697.54,12961.026,13076.806,41034.047,34115.363,1576.7688,53957.668,10537.692,49935.625,56744.652,3878.1123,19450.402,47550.94,13193.96,5339.7134,2762.9036,2574.935,2154.3022,35711.492,31250.227,13169.461,62111.1,10126.828,11534.999,59015.305,5600.608,28260.836,3285.7075,28179.656,9708.612,5460.4375,59508.996,14202.551,13357.015,55719.26,39299.35,47795.957,9676.848,11086.03,41596.92,28881.242,4387.938,4993.3945,4159.1636,2242.0137,25114.057,39420.418,64908.26,5608.9697,17323.3,1668.9729,20595.58,21515.9,11447.693,2894.227,30920.33,128895.41,27496.545,164065.0,7628.644,10158.386,1617.7908,17390.148,20898.936,4244.0444,17189.049,2523.177,38899.99,4340.9995,19499.945,12078.919,1338.516,5716.252,20183.7,1518.1481,25006.36,11266.609,1403.1897,5563.6416,6275.7876,61480.812,84237.15,3316.5007,9766.465,42570.332,41964.082,8431.662,16673.617,4292.021,26926.885,13395.399,6697.556,18219.697,3577.4517,28952.916,41347.453,34804.633,12834.802,6009.1094,143830.72,26764.582,35740.7,1988.0122,59471.684,4145.9316,3405.1086,101187.83,2743.4534,2795.439,9165.42,58176.38,1114.4042,17992.81,4919.5527,24193.842,30894.252,37043.066,56200.902,8752.114,53357.004,24919.955,7144.3726,16024.691,2887.7483,2121.429,17869.637,2700.0955,10794.233,4299.9697,5907.267,36950.81,12436.382,22181.121,3558.1523,2822.4854,2405.0945,17848.74,26953.281,61134.53,6435.5645,13397.963,46422.414,7979.868,3350.771,6311.961,14581.589,3474.5525,3301.1663
2013,37255.35,3046.5798,10150.916,12525.081,57332.16,69806.95,29227.66,12194.019,25206.846,54699.35,60937.258,20398.646,970.37537,56287.996,2893.0466,2057.064,4822.726,22945.514,55376.402,32402.836,13131.355,26147.625,12026.071,96549.79,8524.032,19241.506,18695.684,86606.65,11212.4795,16369.425,996.89636,54712.18,75354.16,27291.357,13080.829,4597.1865,4473.5723,1158.282,8798.494,15912.247,3059.1162,7440.6626,20232.268,31753.385,72954.52,36694.83,39317.555,58223.65,4469.074,17282.637,60583.406,16054.768,14778.191,13689.152,13058.075,40594.914,34838.363,1696.8651,53183.43,11019.299,50066.53,60123.727,3727.426,19836.455,48083.805,13913.002,5593.775,2802.56,2572.4473,2166.008,32894.37,30762.443,13394.521,61659.64,10297.839,11896.907,60601.574,5644.134,28401.686,3376.64,28891.021,10121.814,5732.2417,60494.164,13804.791,13712.932,57707.42,40148.777,46833.363,9687.608,10799.354,42492.242,30177.488,4443.371,5418.5405,4419.399,2382.3704,26532.102,40483.254,62458.81,5974.4736,16396.496,1774.5206,16553.143,21029.29,12249.723,2914.3752,32474.64,129945.45,28375.184,174339.0,7839.032,11080.063,1610.6023,17986.89,20805.348,4469.8535,17757.25,2508.9214,40882.023,4666.9536,20154.08,13210.095,1385.8325,5769.7285,20811.494,1555.5061,25736.354,11593.575,1423.2617,5775.866,6494.1494,61281.29,84070.46,3426.5579,9882.093,43338.438,40854.484,8828.276,17005.91,4407.147,28135.328,14052.138,7016.5386,17783.629,3615.2832,29168.625,41556.785,34651.773,13700.703,6142.202,136454.0,26939.04,36260.066,2032.4048,57998.48,4130.486,3385.426,104359.03,2783.5945,3127.5396,9327.564,58467.977,1197.2919,18162.19,5072.112,24624.021,31078.123,36688.082,56360.707,9040.765,52801.402,24770.652,5530.9746,15461.873,2864.715,2188.07,18242.426,2828.3855,11633.291,4342.3535,5951.6943,38033.9,12587.981,23756.273,3690.242,2924.8633,2420.8882,17889.092,28119.482,61958.723,6797.775,13804.184,43563.887,8324.198,3292.2341,6262.3237,14699.066,3535.2246,3319.772
2014,36275.68,3017.9426,10250.593,12832.212,59929.246,69409.04,28200.814,12667.376,25557.525,55288.117,60919.84,20709.201,977.76587,57028.06,2987.3823,2083.1985,5068.6396,23446.406,55065.82,32712.662,13454.384,26564.436,12249.222,93042.27,8851.712,19183.172,18665.178,83310.62,11744.519,17052.193,1001.85596,55723.484,76189.6,27505.049,13968.581,4907.5747,4588.4863,1225.7021,9159.257,16480.363,3109.8958,7491.022,20724.922,31128.646,73017.59,36442.01,40158.016,59239.34,4705.0493,17520.855,61047.332,16993.588,15073.763,14064.799,13136.365,41339.41,36090.492,1821.3916,52710.734,11621.13,50326.566,63151.504,3632.2415,20008.99,49250.56,14475.313,5619.0723,2834.9663,2465.1096,2130.1912,31765.9,31213.377,14296.709,64799.305,10553.563,12030.053,61839.777,5705.1626,28460.73,3423.653,30264.95,10504.387,6079.8438,65660.18,14299.571,13536.823,58031.86,40872.582,46825.652,9719.304,10148.998,42674.7,30986.438,4558.552,5513.7544,4702.7305,2381.3484,28530.307,41518.094,60065.656,6341.2124,15205.873,1750.1438,12495.793,21214.477,12909.966,2930.6172,33975.086,130247.664,29243.742,162582.45,7951.7983,11641.121,1620.3579,18765.36,21069.766,4491.9917,18451.19,2615.6704,43121.61,5006.507,20475.518,13943.428,1449.9293,5837.852,21568.865,1597.5648,26818.432,11982.696,1462.8213,5980.192,6712.2173,62045.855,84830.26,3621.7317,11264.079,44255.504,39639.99,9150.75,17379.877,4520.235,28931.805,14244.566,7340.362,18561.441,3998.6182,30334.879,41593.68,35097.41,14219.3545,5990.427,128013.984,28153.107,35853.246,2106.2146,58872.266,4207.5005,3484.0122,107066.86,2716.418,2815.0586,9451.744,58743.586,1258.8225,17921.436,5223.0957,24414.355,31888.742,37664.652,57085.387,9119.664,52439.473,25379.418,5301.6255,16138.849,2821.2751,2253.4854,18324.615,2943.0886,12544.398,4447.4844,6096.869,39299.086,12823.989,24595.7,3695.9534,3027.569,2470.504,16978.812,28935.098,63018.805,7145.11,14054.756,42853.9,8751.883,3302.2917,6247.905,14661.263,3585.5774,3352.3813
2015,35682.3,2967.6921,9980.93,13156.332,62105.152,70234.734,28669.207,13112.76,25734.152,55691.7,61026.0,20678.754,918.5572,57534.4,2952.0022,2101.7026,5352.7114,24553.145,54149.914,32777.395,14219.543,25513.213,12339.48,93859.875,9141.929,18357.068,18464.664,81910.19,12400.298,15994.964,1043.9218,55660.867,76566.08,27811.375,14856.78,5110.8623,4698.667,1267.9055,8977.707,16821.38,3105.593,7560.1367,21254.783,30861.32,73281.05,37903.125,42066.574,59699.34,4961.868,16920.912,61893.246,17973.188,15239.518,13881.57,13425.912,43053.76,36729.81,1957.4146,52782.49,12131.092,50682.895,63139.805,3788.934,20147.71,49983.348,14936.844,5607.366,2869.8516,2495.9575,2203.485,27797.795,31347.977,15145.972,63364.055,10785.958,12040.083,62779.72,5812.5347,29471.752,3422.0974,31485.568,10893.662,6488.146,81053.35,13905.192,13516.027,59978.332,40967.37,47311.824,9778.118,9581.689,43386.71,30893.76,4679.622,5600.2144,4968.5728,2615.8413,28729.566,42459.902,57763.516,6703.741,14980.0205,1714.0905,12192.139,21142.973,13329.779,2986.9587,35251.297,130097.26,30599.613,123396.17,8198.809,11691.08,1627.5806,18829.447,21408.928,4670.1094,19214.016,2686.5598,46127.62,5313.886,21138.977,13974.597,1512.5997,5969.5425,22335.283,1597.6914,27699.627,12166.565,1471.6614,5985.094,6939.0327,63081.395,85550.3,3745.2617,11344.103,44963.832,39813.79,9824.991,17746.664,4645.286,29933.156,14542.793,7691.763,20021.314,4154.5234,31700.37,41737.605,35803.355,14427.601,6072.6504,123070.89,29178.744,35037.152,2238.5393,58498.54,4159.1943,3593.7947,108953.73,2664.7305,2630.535,9646.154,59647.66,1343.443,18246.79,5210.2036,23327.525,33507.727,38537.094,58975.977,9253.291,51375.6,27032.209,5302.074,17201.771,2823.3606,2317.5479,18811.998,3041.4448,13057.83,4469.936,6194.639,38951.926,12802.761,25746.432,4088.7659,3111.4446,2520.02,15403.71,28941.629,64359.473,7529.7637,14523.581,42739.082,9248.024,3357.639,6432.36,14559.475,3576.9255,3366.6338
2016,36021.832,2958.7854,9381.81,13692.479,64402.81,70573.99,27802.105,13192.994,26627.715,56341.52,61647.78,19822.41,897.45905,57927.043,2962.6638,2162.7258,5682.5356,25626.824,54107.074,32172.229,14873.068,24846.83,12062.798,93265.07,9390.791,17620.928,18754.666,78880.625,13320.976,16905.588,1073.9448,55606.156,77301.21,27958.729,15772.765,5320.8467,4767.132,1253.1582,8001.8257,17003.244,3127.132,7881.303,21925.6,30209.787,73907.23,40209.863,43069.465,60578.285,5226.5005,17364.078,63299.336,18968.975,15511.686,13586.516,13727.32,44274.668,37854.844,2084.8406,53984.633,12419.826,50984.074,63286.586,3794.7454,19988.176,50540.88,15442.956,5666.078,3099.7888,2478.4604,2265.5718,24435.064,31468.62,15650.412,66245.73,10872.594,12420.473,63749.383,5926.49,30824.86,3435.7312,32378.967,11319.663,6940.626,80997.586,14915.594,15016.092,62880.26,41963.676,47987.84,9886.552,9321.904,43736.13,30758.322,4770.3105,5715.0103,5283.7295,2761.9336,29867.027,43538.02,56936.62,7063.2554,15572.361,1653.3105,11828.711,21775.475,13845.614,3057.261,36618.15,133661.66,31668.516,120754.93,8141.9404,12377.366,1648.9122,19345.18,21578.264,4896.522,19824.68,2759.1096,46922.188,5580.9897,21737.994,13898.1455,1537.9086,5866.2812,23182.043,1593.5955,28425.371,11846.788,1500.0085,5744.558,7158.758,64267.74,85787.62,3743.7446,11630.96,45626.684,39860.99,10434.889,18110.506,4886.6123,30765.236,14917.449,8131.825,19902.982,4275.7485,32675.305,41858.26,36636.297,14826.664,6464.1333,120054.41,30185.906,35005.45,2316.6372,57308.465,4174.561,3710.0554,111579.74,2715.234,2734.719,9863.761,60669.82,1383.6586,18888.326,5388.5093,21950.412,34116.383,39677.418,59608.086,9629.556,50817.68,29905.135,5022.113,17625.72,2623.1206,2355.2683,19370.61,3169.9668,13552.848,4517.581,6639.1367,35955.5,12803.874,26246.494,4333.249,3214.2468,2554.2278,15856.8125,29332.566,65017.656,7839.978,15212.62,43502.434,9743.188,3397.7673,6887.305,14519.031,3598.1716,3345.315
2017,38558.004,2952.999,9042.117,14155.04,63239.656,68871.85,28334.904,14243.875,27199.195,56684.65,62612.14,19659.004,880.99347,58555.152,3041.7793,2232.2878,6005.707,26681.43,53859.773,33049.87,15554.06,25503.98,11574.452,96437.195,9642.813,17724.48,18740.35,78966.87,13482.343,17352.896,1103.8661,56612.33,77626.91,27892.994,16757.973,5556.114,4797.9756,1253.1874,7372.7705,16986.033,3236.986,8234.56,22622.553,29729.102,74564.74,42128.566,45177.523,61991.496,5421.9565,16314.2295,64815.73,19501.875,15427.664,14179.153,14018.36,45446.25,39939.457,2222.8281,55637.227,13090.501,51895.566,64574.492,3811.7896,19555.707,51601.14,16237.624,5993.631,3332.7659,2533.1868,2314.158,22250.44,31995.41,16301.473,66297.18,11005.459,12801.641,65662.81,6099.6074,32351.873,3474.347,33828.715,11772.574,7326.607,87942.445,15108.109,14417.631,63999.16,42947.06,48849.22,9964.391,9339.811,44505.277,31524.441,4846.8623,5861.222,5632.0312,2822.6692,29948.92,44787.65,52285.586,7432.4595,16128.584,1661.3029,15424.056,22422.598,14572.485,2924.681,38774.49,132169.83,33036.39,133500.28,8450.009,13118.822,1669.7277,20036.717,21777.523,5199.344,20119.943,2816.1934,51578.98,5877.8745,22740.387,14401.537,1532.0073,6050.6216,24073.232,1613.0593,29551.545,11408.726,1520.0016,5651.7344,7391.197,65666.0,87194.11,4071.7043,10763.823,46193.29,38691.11,10856.29,18588.984,5031.5605,31979.812,15069.522,8584.136,19237.926,4322.2227,34354.598,41479.996,37943.113,15320.337,6426.7954,115064.945,32849.11,35570.39,2351.597,57942.547,4061.0183,3871.4514,116471.82,2703.6606,2755.9043,10064.794,59524.56,1527.1122,19437.904,5521.2026,22070.514,35042.72,41703.305,59883.668,9696.552,46088.36,31595.668,4977.792,16498.691,2496.4927,2389.2124,20094.678,3312.712,14107.667,4292.078,6862.6685,34153.883,12953.523,27851.982,4464.259,3319.3767,2543.8477,16310.36,29762.434,66155.555,8047.0537,15533.222,43277.156,10290.549,3465.9197,6919.0156,14591.437,3612.5059,3453.5059
2018,39419.555,2902.392,8620.215,14710.982,63048.598,68854.97,27367.115,15037.045,28878.607,57450.383,63855.78,19781.852,868.5555,59383.88,3155.4512,2316.3943,6392.5933,27739.502,54893.074,33650.24,16348.134,26363.463,11486.803,95639.23,9907.0625,17917.75,18484.697,78099.05,13854.8545,17825.02,1125.7009,57337.492,79261.36,28492.662,17806.791,5670.2,4851.48,1282.4823,7029.3364,17104.13,3303.2568,8531.13,23005.312,29256.814,76088.9,44227.91,46301.082,62495.5,5590.5044,16877.125,65694.76,20662.848,15343.426,14083.507,14488.209,46325.21,41273.2,2311.165,56226.336,13612.952,52560.953,65297.312,3796.946,19225.598,52071.27,17228.68,6234.512,3455.645,2651.4329,2344.8694,20165.48,32722.33,16975.248,66887.68,11192.372,12980.357,66993.93,6219.28,33730.875,3485.6968,35798.043,12262.231,7714.34,93214.336,14642.498,14456.235,65354.26,43814.297,49133.145,10137.111,9311.531,44848.49,32330.227,5017.668,5951.8286,6050.591,2877.6016,30576.248,45890.43,51623.81,7775.086,16290.052,1647.9745,16380.852,22981.918,14759.825,2846.4182,41019.79,131733.89,34729.707,139787.66,8611.75,13895.504,1678.7863,21072.58,21997.773,5635.3076,20804.775,2862.4062,53367.95,6201.263,23877.725,15230.241,1538.8351,6153.6377,25024.135,1638.9166,30459.965,11214.386,1574.3384,5628.7407,7049.0273,66758.266,87338.47,4371.3857,10490.855,46947.938,38673.605,11188.225,19062.96,5255.0635,32681.447,15386.26,9016.286,19256.928,4211.1455,36500.41,41119.31,39123.613,15592.984,6342.9375,114909.945,35065.18,36536.695,2493.44,61359.465,3816.66,3998.2864,119927.766,2686.12,2769.8696,10297.203,59194.043,1504.4391,20453.082,5674.7236,22938.535,36415.723,43371.98,60318.46,9632.162,42154.1,32841.426,4956.093,30286.12,2552.6062,2442.647,20879.902,3479.6924,14648.136,4210.4907,6896.042,33753.594,13163.591,28305.46,4575.869,3392.6887,2613.88,16978.984,29757.94,67719.766,8348.961,16139.066,44205.406,10936.894,3482.0227,6805.0454,14571.376,3646.9597,3572.9814
2019,38435.426,2927.245,8274.543,15078.507,63215.9,68887.84,26629.553,16215.36,29651.863,57837.062,64688.145,20101.492,855.7327,60506.66,3281.1047,2391.5364,6838.326,29199.834,56749.96,33202.355,17028.643,26798.82,11803.088,95519.92,9985.23,18018.621,18572.51,80228.16,14555.188,18106.01,1145.0956,57583.848,79596.7,28218.535,18820.514,5894.879,4882.3555,1296.9476,6939.369,17336.771,3357.898,9111.63,23364.783,28659.656,77440.555,46195.594,47763.617,62970.715,5809.3047,17619.434,66580.19,21451.287,15199.199,13870.489,15026.568,46896.418,42652.535,2437.9705,56922.49,13567.474,53448.555,67210.43,3938.5571,19491.406,52645.543,18186.88,6508.2466,3557.4624,2750.8213,2418.104,18446.592,33502.75,17047.355,68534.945,11466.376,13402.422,65388.332,6264.019,35123.49,3381.5847,37662.676,12757.785,7930.0913,96369.65,14040.665,14910.225,65122.754,44580.81,49690.63,10216.065,9288.527,44730.91,33298.21,5171.7124,6087.602,6448.885,2927.4849,31512.193,46757.26,51380.645,8075.275,15659.566,1575.7666,14333.423,22738.248,14637.444,2773.2864,43062.324,132724.75,35208.195,133549.16,8768.176,14621.24,1707.8315,21855.502,21704.186,6405.0757,21765.686,2916.1707,53342.215,6562.989,24835.375,15790.696,1528.8899,6162.2104,25739.355,1687.2894,31300.508,10813.305,1612.6373,5628.1777,6756.5938,67847.85,87725.73,4607.5244,11273.141,47277.664,38292.387,11774.118,19424.516,5295.953,33163.727,15463.543,9452.294,19312.791,4301.6113,38181.62,41656.33,40188.285,15321.324,6269.891,113160.98,36633.363,37319.32,2667.4646,62647.715,3625.5232,4070.6123,120114.13,2661.5999,2855.229,10543.938,60171.047,1491.1075,21539.922,5702.0835,22966.74,37194.137,44580.777,61232.484,10123.316,45996.793,34346.07,4825.4062,30611.213,2604.9163,2501.0308,21277.84,3649.8838,15231.306,5096.4517,6875.0254,33793.707,13249.224,28132.053,5292.0303,3484.6326,2689.4102,17636.555,30010.574,69112.6,8755.126,16365.325,45632.637,11628.614,3512.072,7033.521,14370.238,3591.5642,3294.804
2020,28521.69,2769.6858,7556.968,14662.796,55488.492,65784.68,23877.094,15052.936,23930.672,57059.742,60349.902,19126.098,833.9202,57358.836,3317.8596,2380.9316,7015.1978,28545.709,53814.246,26452.525,16746.39,26731.496,10032.545,88618.086,9000.976,17327.516,15749.038,80280.9,12979.937,16289.392,1136.5706,54092.88,77324.89,26248.562,19215.154,5787.8154,4763.482,1277.6328,6350.5093,15861.5,3424.5398,7207.8687,22211.861,23751.498,72149.33,44203.89,45119.938,60342.664,5791.4775,14919.531,65204.55,19545.41,14194.155,12440.326,15309.236,41553.45,41340.766,2516.549,55424.86,11254.97,49311.332,65136.57,3850.5305,18681.484,47144.723,17031.145,6412.6855,3630.9934,2702.319,2413.6792,17089.154,30487.113,14656.721,68533.734,11097.15,19234.13,61328.54,5603.264,32493.625,3229.4756,36119.52,12388.545,7399.531,101970.81,14397.153,12827.635,59627.242,42915.94,45505.07,9178.32,9022.64,42992.48,32011.549,5057.4014,5537.7954,6128.782,2834.6858,26736.928,46361.598,49372.574,7995.595,12507.437,1497.377,9976.037,17142.045,13886.651,2517.1104,43091.797,129865.63,34225.9,59791.473,8054.563,13559.26,1545.7272,14242.975,19728.482,6417.1846,20970.287,2796.4104,50392.96,5926.8345,21039.322,14801.342,1466.1248,5963.2354,21994.666,1656.4398,29200.453,9652.248,1615.6927,5410.6934,6523.3696,64862.19,86096.055,4412.542,11441.259,46104.605,37560.6,11137.503,18698.06,5135.0146,26881.799,13609.6,8455.185,18160.254,4077.6313,37852.8,40171.387,36852.227,14991.66,5423.6826,103061.914,35482.195,36376.336,2520.3174,57420.734,3401.2498,4018.0413,115893.04,2515.1284,2755.1025,9692.449,55998.07,1396.0535,21477.877,5742.9473,19091.361,36201.414,42474.227,59572.477,9727.514,39265.76,30056.2,4633.3496,19702.537,2513.0159,2490.053,19957.258,3724.749,15791.178,6598.0347,6995.3174,30723.404,11955.566,28378.553,5154.4595,3449.8215,2678.009,17092.54,27788.186,67342.07,8727.411,15763.705,45055.78,11851.396,3259.9954,6745.306,13266.786,3391.5955,2987.2683
2021,35696.31,2144.1665,7408.1265,16126.777,59332.203,67401.125,26300.273,15921.705,25745.496,58182.336,62968.94,20111.375,836.6656,60669.215,3464.2886,2486.431,7441.0693,30971.914,54954.676,31064.682,18285.672,27611.18,11677.461,92319.67,9454.198,18075.705,15683.885,78248.8,13458.8125,17960.625,1128.5524,56995.117,81001.414,29089.85,20843.297,6045.2046,4793.556,1313.6182,6263.2114,17383.09,3449.0435,7685.4194,23852.926,25163.867,74150.86,48781.277,47796.035,62530.766,5960.108,15808.975,69715.18,22053.459,14496.865,13507.444,15579.016,44251.664,44251.54,2588.413,56790.375,10685.197,52517.336,67770.49,3944.7058,18523.58,51004.426,18915.654,6607.503,3738.8052,2777.7961,2483.8506,16821.45,33531.156,15298.123,69302.01,11825.141,22865.928,65884.94,6202.981,36930.47,3134.9502,38887.19,12757.074,8050.0186,116903.61,14951.895,12731.754,61610.215,46162.082,49825.395,9577.164,9182.496,44355.348,32945.85,5338.8525,5736.479,6225.5327,3020.494,26896.617,48419.645,50651.957,8080.4355,11599.775,1539.2089,12641.51,19101.166,14316.135,2544.7825,45873.527,136772.44,36912.01,74177.78,8623.266,15682.07,1577.4325,19052.623,20782.588,6705.8755,22142.973,2796.228,56802.01,5178.4473,23842.062,14792.251,1457.2354,5836.566,22737.572,1687.5936,29822.85,9709.1,1585.5992,5491.7,7119.1694,68573.56,88984.14,4546.2295,12196.6455,47996.68,38719.457,12362.421,19751.975,5367.2734,30932.764,15280.551,8857.79,15663.172,3976.9038,41059.586,40559.477,38657.668,15406.167,5663.1216,116832.57,37730.37,38638.43,2733.4355,62690.496,3248.9756,4173.6772,132617.36,2518.4216,2851.9521,10809.714,64745.133,1392.4642,23404.998,5732.6943,18458.234,38346.094,45914.06,62731.7,9946.041,40507.066,29979.828,4592.8384,25056.488,2435.0728,2577.202,20242.77,3985.9126,16434.14,6824.7925,7034.925,30424.664,12444.326,31338.266,5352.9785,3493.083,2684.9204,17846.408,29431.885,71307.4,9247.644,16200.899,46893.55,12048.902,3135.8367,6214.017,13711.294,3503.035,3184.7847
2022,38877.676,1981.7102,7397.4863,17111.953,63913.383,68867.83,27627.963,17886.178,27941.785,59883.65,65661.45,21051.244,829.38715,62744.203,3588.3252,2466.0532,7888.164,32433.15,57572.996,34342.79,19297.072,26537.508,12569.818,98145.17,9681.707,18554.047,18469.576,76357.83,14061.3125,18647.373,1136.8018,58321.062,82777.3,29569.479,21499.383,6272.264,4843.6504,1385.4647,6205.105,18458.72,3478.1736,8850.106,24831.719,27587.244,76359.09,51588.445,48390.66,62931.97,6180.68,17550.8,70233.64,22986.959,14782.2,14186.639,16360.391,46649.562,43690.414,2655.5928,57068.305,12762.347,53691.617,69370.95,3813.3384,18662.049,52982.176,20966.527,6728.454,3792.0107,2863.1804,2564.424,16932.771,35906.613,16386.463,70681.23,12147.931,37068.2,64036.668,6352.587,39861.79,3047.6519,40656.97,13334.266,8594.392,124489.375,15331.333,13433.397,65475.41,48098.188,52333.33,10072.049,9266.575,44972.344,33506.26,5491.694,6139.778,6458.368,3107.7761,29712.686,49777.93,51379.883,8183.0327,11474.751,1578.9984,11456.077,22962.281,13249.065,2577.5454,46651.215,132574.0,37681.047,60089.832,8666.079,15358.016,1602.7136,21357.81,21392.111,6844.3345,22820.977,2808.5225,57781.5,5350.4766,25429.025,15310.435,1476.6656,6053.2617,24788.766,1659.9594,32079.152,9953.098,1717.5189,5552.838,7277.8228,71324.04,91051.086,4763.3877,12458.74,49618.523,39780.21,13022.463,20281.531,5526.2793,33833.027,15559.821,9457.104,15477.553,4125.493,43405.023,42310.957,41070.86,15259.1455,5753.084,114740.125,39377.973,38214.496,2892.4597,67178.59,3132.0771,4228.734,133571.97,2517.9255,2937.3735,11085.618,70887.57,1387.8137,24633.07,5632.1387,18742.588,38623.67,47064.152,63215.438,9955.709,43877.25,27978.178,4454.8535,28209.625,2655.71,2662.2593,20762.795,4213.7563,17119.574,5347.008,6901.7383,30793.4,12702.453,32748.318,5498.1846,3546.981,2724.906,13787.121,30804.703,72679.26,9607.562,16835.023,46479.3,12979.764,3222.836,5843.772,13777.192,3585.1238,3323.1184
2023,40516.81,1983.8126,7250.403,17991.016,64631.297,68577.54,27104.98,19402.752,28474.045,60461.156,64394.09,21310.738,828.58295,62920.645,3721.2126,2482.0723,8242.398,33139.938,57819.906,35221.31,19803.846,27782.438,12455.296,103052.35,9843.97,19079.812,19224.463,76616.7,14645.266,18932.48,1132.6764,57517.44,82302.05,29563.678,22687.076,6511.751,4870.571,1456.4824,6172.2876,18382.998,3516.4817,9280.9795,25979.629,27675.572,78109.35,52190.875,47509.523,62686.54,6545.1035,18278.225,71454.52,23282.49,15159.324,14343.019,16691.387,47341.17,41706.52,2757.9592,56246.44,13652.491,54017.875,70428.96,3814.1697,18702.691,52502.914,22590.53,6808.5376,3904.824,2932.2805,2619.4136,15688.238,36854.504,17128.697,71037.54,12384.948,49312.36,64428.73,6467.88,41135.086,2956.4622,40368.59,13889.975,9301.756,115505.336,15912.03,13202.323,67177.2,47527.152,52725.746,10332.055,9381.3545,45858.66,34703.234,5682.9893,6575.7754,6695.292,3140.5833,30966.332,50414.207,47777.402,8372.156,11330.269,1616.9237,12478.144,23403.744,13024.94,2595.8296,46159.707,129021.65,38796.55,104961.92,8868.712,15990.4795,1629.4609,22286.98,21905.178,6786.696,23343.602,2854.8271,59293.297,5364.138,27043.328,16222.864,1511.6365,6258.711,26060.732,1648.4365,32812.3,10137.673,1689.5642,5593.0566,7496.5293,70673.97,90085.555,4861.2305,12461.136,49083.508,37709.066,14240.203,20785.27,5439.1797,35863.88,15327.582,9898.533,15796.535,4205.8477,43672.766,42738.645,41571.02,15826.088,5361.131,116159.14,40301.5,39887.34,3062.999,64481.844,2181.079,4304.7617,129555.24,2523.619,3037.6765,11424.6455,,1402.47,25740.203,5541.302,19043.705,39497.535,47868.387,62845.484,10201.638,44894.695,28635.355,4189.8374,31839.371,2641.4329,2767.5166,21191.453,4472.324,17866.404,4330.464,7075.556,31193.916,12622.96,34282.535,5812.3994,3620.7935,2791.0557,15916.958,31059.254,74158.72,10007.686,17858.244,,13545.935,3118.396,6340.608,13690.39,3673.4841,3442.2488
2024,,,7344.1455,18919.807,65928.305,68584.66,26547.05,20078.785,29561.807,60082.004,63314.46,22072.105,835.62085,63083.184,3901.326,2547.9326,8486.785,34083.234,59129.14,36244.035,20428.525,29037.53,13277.936,105322.914,9844.276,19647.91,19945.736,79184.09,,18068.506,1111.6533,56691.906,82026.41,30182.787,23845.62,6733.154,4919.1416,1504.1438,6181.4707,18503.67,3567.514,9907.589,26973.436,,,53252.46,47961.81,62829.797,6841.1665,18739.363,73709.0,24229.469,15442.124,13935.539,16798.152,48373.047,41546.12,2884.2646,55628.68,14104.443,54464.98,,3823.604,18923.09,52517.984,25000.633,7061.934,4028.4834,3030.974,2685.6174,15454.429,37752.633,17742.176,,12640.887,70297.41,66171.36,6585.8555,42631.316,2800.6611,40702.152,14470.4375,9817.071,115337.164,16224.035,12725.043,65645.09,47338.844,53115.137,10259.995,9520.251,46097.43,35905.44,5823.4077,7046.31,7011.5815,3257.1362,31270.69,,45426.945,8610.901,,1658.26,12275.91,24252.469,13752.837,2637.9165,47169.008,128181.7,38936.047,112843.96,9065.914,16465.928,1657.0497,23351.055,22033.275,7212.3345,24463.984,2910.8154,60469.78,5276.2944,27852.041,16801.307,1495.3224,6396.991,27317.186,1635.8569,34071.945,10281.336,1772.7245,5665.4517,7661.602,70901.836,91108.234,5046.816,12604.0625,48162.86,36654.23,16380.868,21267.674,5530.996,36426.008,15661.75,10375.94,,4300.726,45112.598,44124.54,41883.85,16296.283,3845.503,110945.88,40608.418,41704.71,3264.6445,62676.7,1871.5891,4495.895,132569.53,2527.075,3092.8306,11669.082,,1408.2783,26884.463,5480.435,19413.297,40346.574,48495.89,63258.906,10367.269,45821.81,29241.775,,33390.527,2605.7717,2849.6038,21737.178,4755.933,17953.846,4186.215,,31689.732,12713.55,35294.395,,3713.263,2881.866,16319.845,32038.773,75491.61,10450.205,18714.2,,14415.216,3169.2324,6894.8896,13598.789,3716.0374,3450.1296
