Date,AFG,AGO,ALB,ARE,ARG,AUS,AUT,BDI,BEL,BEN,BFA,BGD,BGR,BOL,BRA,BWA,CAF,CAN,CHE,CHL,CHN,CIV,CMR,COD,COG,COL,CRI,CUB,CYP,DNK,DOM,DZA,ECU,EGY,ESP,ETH,FIN,FJI,FRA,GAB,GBR,GHA,GIN,GMB,GNB,GRC,GTM,GUY,HND,HTI,HUN,IDN,IND,IRL,IRN,IRQ,ISR,ITA,JAM,JOR,JPN,KEN,KHM,KOR,KWT,LAO,LBN,LBR,LBY,LKA,LSO,MAR,MDG,MEX,MLI,MNG,MOZ,MRT,MUS,MWI,MYS,NER,NGA,NIC,NLD,NOR,NPL,NZL,OMN,PAK,PAN,PER,PHL,PNG,POL,PRT,PRY,ROU,RUS,RWA,SAU,SDN,SEN,SGP,SLE,SLV,SOM,SWE,SWZ,SYR,TCD,TGO,THA,TTO,TUN,TUR,TZA,UGA,URY,USA,VEN,VNM,ZAF,ZMB,ZWE
1980,-0.70077723,-1.009019,-0.70358485,-0.87978184,0.4675534,1.1388592,0.75166535,-1.5286824,-0.8287276,0.1269548,-0.5457815,0.33337715,-0.16189544,0.8175472,0.5365867,-0.55174494,-0.62926775,1.4248226,0.82444793,0.99871105,-0.84159976,0.06687556,0.48517212,-0.8531272,0.35783124,1.0135655,1.2008812,-0.8485925,0.95308113,-0.69227123,0.34995052,0.6624943,0.4578114,1.0998735,1.7407591,-0.695666,1.6244652,-0.6119235,1.4683356,0.158129,1.1142169,-0.105723545,-2.906104,-0.6826892,-1.9263744,0.6254718,0.41626695,-0.65526235,0.71031004,-0.68836635,-0.8333083,-0.8289872,0.40637165,0.5233706,-0.2208857,-0.9110319,0.19554509,1.1264709,-0.114376545,0.54482895,1.6602733,0.6168699,-3.0302274,1.7444941,-0.23266612,-2.775144,-1.0403459,-0.6906793,-0.68541914,0.09193194,-0.6157974,0.7476097,-0.56766737,0.65909415,-0.6401727,-2.2454133,-0.5800628,-0.63470733,-0.6109191,-0.62056756,0.80417234,-0.63748264,-0.6299297,0.1606147,1.292055,1.5448251,-0.26224384,0.67445725,-0.5800517,0.7912366,0.65978956,0.42592397,0.91059226,-0.61856216,-0.69128203,1.3084077,0.28784937,-0.7079778,-3.1689463,-0.6058944,-0.29016784,0.41311857,0.56120354,1.0668594,-0.64742655,0.670607,-0.67706984,1.7348832,-0.6780025,0.39907593,-0.71100026,0.4633527,1.1943209,0.7860208,0.9781457,-0.096907616,-0.6871291,-0.6726819,0.4350285,1.5262833,0.66257584,-1.0801945,0.2684144,0.27241963,-0.16681772
1981,-0.69982374,-1.0441676,-0.70352226,-0.88658476,0.68415797,1.8743875,1.2805033,-1.654684,-0.82908183,-0.022511538,-0.55206054,0.55963814,-0.0991512,1.2577221,1.2796028,0.09950166,-0.64799243,2.2343624,1.3644197,1.412576,-0.83865064,0.49653798,0.31268546,-0.85516447,0.11544481,1.0122551,1.7803084,-0.86032546,1.4454194,1.3589722,0.49923334,0.8900581,0.6301345,1.6030622,3.0285585,-0.039544366,2.570636,-0.6124703,2.3159914,0.39877465,1.684933,-0.07738238,-3.902208,-0.68815583,-1.9821837,2.1993508,0.9578899,-0.6347138,0.8795614,-0.6810941,-0.8336542,0.25659385,0.58590126,0.80286825,-0.6605672,-0.92964953,0.28612727,1.8664737,-0.045483466,0.8620171,3.0120187,0.90315396,-5.151999,2.9317253,-0.22128293,-3.7290602,-1.0688871,-0.6921927,-0.68775266,0.35456133,-0.6197327,1.1173238,-0.5712988,0.9717098,-0.65658385,-0.68246233,-0.5727746,-0.63257694,-0.60431683,-0.62154096,1.205212,-0.60881144,-0.5915307,0.17012012,2.029387,2.5131252,-0.2412345,1.2903626,-0.5775562,1.1111233,1.1860397,0.22474578,1.4186225,-0.5739983,-0.6910186,1.8485426,0.54655075,-0.7091353,-7.9545016,-0.5969771,-0.29534557,0.56997734,0.75702256,1.5371647,-0.6502379,0.6098417,-0.6768871,2.738533,-0.6788111,0.5802631,-0.70421886,0.6002739,1.7930235,1.1596432,1.2422986,-0.02164311,-0.6880381,-0.6732988,0.62941164,2.4196196,0.9388616,-1.1250966,0.41437885,0.268168,-0.08305717
1982,-0.7192622,-1.1059659,-0.7033468,-0.88749045,0.9440529,2.0698948,1.6079472,-1.7101603,-0.82962847,0.25071445,-0.55324507,0.56169635,-0.0917175,1.3227056,1.4235361,0.121912606,-0.6478156,2.562112,1.5503198,1.5144665,0.19479243,0.5019211,0.74431247,-0.85618764,0.12465831,0.90405506,1.9847995,-0.85852915,1.5381554,1.2762148,0.5483908,0.9310779,0.6424408,1.7849052,3.4492905,-0.02119952,2.967737,-0.6184149,2.7501683,0.42762798,1.9665387,-0.0776592,-4.1796026,-0.6319464,-0.6968161,2.4608204,1.0377879,-0.6534615,1.0894861,-0.6885909,0.7833103,0.75455546,0.42494985,1.0077887,-0.6634676,-0.9330761,0.29103437,2.3366637,-0.071881056,0.9988868,3.2830718,0.9231575,-5.8702245,3.3228154,-0.20823604,-3.9515126,-1.0495558,-0.653169,-0.6908133,0.17979394,-0.61900884,1.210665,-0.577379,1.0176325,-0.64191484,-0.6766078,-0.5700212,-0.63610345,-0.6036865,-0.62526864,1.2993588,-0.63966954,-0.6282673,0.2692683,2.2789028,2.8042066,-0.25836393,1.1897883,-0.5810875,1.1548016,2.2731433,0.6398758,1.6633985,-0.57215375,-0.69135904,1.9735131,0.89265597,-0.7072603,-10.110036,-0.6035519,-0.6489314,0.55356914,0.3191906,1.632796,-0.6498773,0.65326864,-0.6747354,2.9381702,-0.6792801,0.685525,-0.6533123,0.26621607,1.9243765,1.3641573,1.2404197,0.18235496,-0.694965,-0.73893857,0.65975684,2.6992276,1.0493466,-1.139451,0.43469316,0.2636137,-0.03349487
1983,-0.7210303,-1.1023245,-0.70245135,-0.8724445,0.96232384,2.1073453,2.1846623,-1.6910632,-0.8262063,0.010026498,-0.5410991,0.8821333,-0.08821213,1.3613429,1.4827693,0.2126213,-0.64992696,2.703197,1.7621868,1.6914165,0.43496072,0.5053687,0.3124049,-0.85581213,0.48563096,0.93436843,1.9544231,-0.8597646,1.5432392,2.6540253,0.59038615,0.88545597,0.64158255,1.7723383,3.6155171,-0.006008035,3.0521972,-0.6173574,3.3407762,0.4110587,2.4594884,-0.118723005,-4.101718,-0.63261837,-0.696102,2.983736,0.66659635,-0.65149957,1.0658641,-0.6880188,1.0393568,0.522657,0.62132293,2.1055586,-0.66244113,-0.92911756,0.36455777,3.6065097,-0.04135305,1.3252227,3.2847724,0.95474553,-6.0049424,3.4557278,-0.068498105,-3.3216095,-1.0585613,-0.6505573,-0.68557364,0.113173485,-0.61409074,1.2437339,-0.5742084,0.98068136,-0.6618027,-0.6932867,-0.5705551,-0.6359921,-0.6050413,-0.6170738,1.2923234,-0.64258385,-0.5704412,0.35554796,2.6133456,2.9371002,-0.23823981,1.0619208,-0.57964045,1.1579103,2.5757878,0.6392251,1.7815446,-0.5813274,-0.6906819,2.056786,1.017786,-0.7074485,-10.826692,-0.60468507,-0.6631104,0.21872103,0.2467161,1.7529582,-0.6258689,0.74356157,-0.68430775,2.9828293,-0.6786941,0.99808234,-0.63486624,0.5642258,1.904551,1.4350462,1.1785083,0.16287746,-0.69454473,-0.73949486,0.88351476,2.8093264,1.1552892,-1.1214577,0.4481652,0.22637138,-0.039886806
1984,-0.71862453,-1.0875463,-0.61225843,-0.9063071,0.87924975,2.074088,2.4126651,-1.5499743,-0.8265919,0.062422764,-0.60530865,1.5791336,-0.09495371,1.3617798,1.473569,0.41898897,-0.6508911,2.7442803,1.8383535,1.7310988,1.0494274,0.20868425,0.26035956,-0.8560815,0.5879379,1.1246951,1.8209096,-0.85647213,1.6621895,3.0068183,0.3477828,0.9406808,0.65817225,1.5606556,3.7676632,0.067905866,3.0768988,-0.6199617,3.4138026,0.041679088,2.8245835,-0.15141574,-3.8338726,-0.6852067,-0.6960154,3.0936449,0.5041107,-0.65128165,0.8912986,-0.69390976,1.0307826,0.5528285,0.6730028,2.543942,-0.6668092,-0.93578506,0.36669666,4.1306577,-0.029333888,0.9857864,2.6908088,1.0029399,-5.890307,3.671859,-0.21773684,-0.7096246,-1.0672718,-0.65087855,-0.6886448,0.61378354,-0.614944,1.2489611,-0.5681852,0.9725081,-0.6600079,-0.6763232,-0.56443894,-0.6350374,-0.60373116,-0.6268104,1.4413301,-0.63935435,-0.5933765,0.24644555,2.4685688,2.9226506,-0.23005599,1.1647223,-0.5746534,1.2517571,2.7297754,0.64218205,1.739172,-0.57097566,-0.68119407,2.1055994,1.0275422,-0.7078263,-10.870081,-0.6017723,-0.662232,0.62614805,0.2602609,1.7150978,-0.620048,0.8065089,-0.6844488,3.0006678,-0.6795177,1.0641266,-0.633349,0.24161825,2.0389473,1.5577537,1.1774532,0.17148077,-0.6952887,-0.68651026,1.3403308,2.878708,1.5514301,-1.0860192,0.42804798,0.20008168,0.27976722
1985,-0.71858907,-0.6537892,-0.6099052,-0.9115829,0.6320633,2.0783353,2.704294,-0.67043954,-0.8262834,-0.09340781,-0.56649446,1.5132163,-0.06227285,1.4197433,1.5003471,0.56655717,-0.6511925,2.747486,1.857086,1.784238,1.2340124,0.46098912,0.3320727,-0.8495164,0.6435758,1.5086136,1.9047732,-0.86089486,1.8301555,3.1658995,0.45535982,0.9606762,0.64185303,1.0189108,3.9869719,0.033804003,3.115157,-0.61630553,3.6304734,0.008707693,3.073211,-0.33508486,-3.0929947,-0.68617374,-0.6965171,2.9531956,0.5157128,-0.68444425,0.78806865,-0.6935011,1.0362717,0.91532004,0.67577714,2.6601353,-0.66563433,-0.92896694,0.34755737,4.398996,0.04560116,0.9701764,-0.6858895,1.0085286,-5.7229176,4.063593,-0.4032956,-0.70549846,-1.0452813,-0.6675644,-0.6883072,1.1657975,-0.6210087,1.2912602,-0.56211966,0.960239,-0.614634,-0.56323165,-0.5522973,-0.63386047,-0.6021892,-0.6220867,1.5386363,-0.6425023,-0.594951,0.2572809,2.7287936,2.6966257,-0.21227689,1.3708022,-0.5735487,1.5393124,2.992785,0.8418302,1.8380862,-0.57776266,-0.63940185,2.3690877,1.1186541,-0.70736444,-10.262079,-0.5991332,-0.6538212,0.6528045,0.33927616,1.8488349,-0.6476366,1.0281961,-0.68545365,3.0612037,-0.6805728,0.71763086,-0.60624576,0.22396809,1.9748294,1.66696,1.1900778,0.1875724,-0.6966202,-0.6624241,1.0850255,2.954527,1.6339096,-0.9559844,0.32239842,0.19334418,0.30897555
1986,-0.7320044,-0.65634114,-0.6098529,-0.9098042,0.6404406,2.167413,2.7475686,-0.6653421,-0.82564354,-0.10041843,-0.5991134,1.5708677,-0.033182424,1.4258122,1.1869154,0.252382,-0.6453537,2.7863631,1.9068103,1.9032968,1.3166645,0.12816085,1.0969447,-0.8490545,0.60416883,1.3526447,2.2594845,-0.8587215,1.7824388,3.399744,0.31083664,0.9809068,0.74155295,0.96161824,4.51973,0.051922143,3.115718,-0.62576395,3.7493265,0.0061152484,3.448315,-0.36158565,-0.6559245,-0.6865096,-0.7449916,3.080817,0.64257807,-1.5991085,0.81083786,-0.6938258,1.0338836,1.0018054,0.73293227,2.7804172,-0.6602424,-0.93155885,0.36269253,4.314131,0.059417207,1.3791305,-0.68725866,0.9716416,-5.3777437,4.17125,-0.24286175,-0.70545226,-1.075259,-0.66691774,-0.6853276,0.869054,-0.61348236,1.2629418,-0.6149262,0.9594802,-0.6084029,-0.5457195,-0.53842,-0.63180655,-0.60452235,-0.6206956,1.5299429,-0.64113444,-0.62278813,0.2075144,2.68939,1.6442667,-0.23345672,2.4994347,-0.5437731,1.8188204,3.073144,1.1331433,1.8690712,-0.5673082,-0.63902867,3.1113775,0.97968876,-0.7076877,-9.430484,-0.6020321,-0.6610317,0.13688396,0.82910854,2.2488923,-0.65075433,1.0211959,-0.7480149,3.1357684,-0.68088067,0.6522433,-0.6076464,0.6680355,2.1465778,1.6482605,1.1648444,0.10387798,-0.6945146,-0.69039744,1.462519,3.129044,1.7114056,-0.9284341,0.3006572,0.2836749,0.30686942
1987,-0.7322745,-0.65652364,-0.61061066,-0.9082161,0.6790457,2.7407956,2.7607405,-0.66568613,-0.825369,-0.11761887,-0.6091975,0.9278885,-0.037009668,1.4402634,1.2220435,0.22212197,-0.6480965,2.7914433,1.9277462,1.8466293,1.3818108,0.0927592,0.90895015,-0.85697055,0.17043091,1.6577659,2.7184844,-0.8594613,1.8187636,3.555444,0.22625753,0.97447854,0.9344285,0.9388515,5.1768055,0.1167853,3.153436,-0.63097435,3.8053536,0.017675474,4.0423865,-0.3447483,-0.64064395,-0.6274836,-0.7447256,3.1595345,0.879118,-1.6885471,0.7362608,-0.6936639,1.0593661,1.0071907,0.86273414,2.8586612,-0.6612593,-0.93074393,0.36015782,4.167805,0.055483256,1.3865783,-0.68376875,0.97085965,-4.7390375,4.1447554,-0.24399656,-0.7064508,-1.0621918,-0.69977134,-0.6898616,0.8117895,-0.6162392,1.3254404,-0.6168618,1.0198302,-0.57014805,-0.5526631,-0.536847,-0.62719256,-0.60238,-0.6085495,1.6892706,-0.63925004,-0.6007064,-0.021941653,3.567356,1.7125068,-0.27936947,2.7967033,-0.5430864,1.8917968,2.9802852,1.2951745,1.8019291,-0.56652045,-0.6078981,3.28254,1.0369626,-0.6840317,-9.062584,-0.5980942,-0.662795,-0.008026689,0.79104155,2.4033403,-0.649586,0.76550525,-0.7482178,3.7052636,-0.6807952,0.5472186,-0.6043457,0.80218285,2.5820112,2.0336008,1.1406997,1.1004262,-0.6881076,-0.7407224,1.4920665,3.0587504,1.8503506,-0.93708843,0.30773008,0.21721908,0.007240803
1988,-0.7315554,-0.65710557,-0.608098,-0.9100857,0.5730824,2.924448,2.785416,-0.66665775,-0.82569075,-0.056449667,-0.6041403,0.91539437,-0.03858156,1.476254,1.5536466,0.19278598,-0.6770012,2.832802,1.9707861,1.8341408,1.3357582,0.0557939,0.4879375,-0.8563025,0.12416011,1.6131401,2.8808773,-0.8597321,1.8306707,3.5559554,0.20661387,1.0475695,1.3959002,1.124503,5.558259,0.016672231,3.1659486,-0.63528514,3.9516625,0.024939047,4.4459715,-0.3520663,-0.6500352,-0.6266296,-0.7441153,3.0925107,0.6379563,-1.8065976,0.7607467,-0.6864317,1.0535934,1.4303923,0.8927048,3.1227434,-0.65619236,-0.93150616,0.37521377,4.315214,0.06550427,1.0063564,-0.68373185,0.85795385,-4.552308,4.3023086,-0.11959904,-0.68035555,-0.9292439,-1.9975827,-0.6880947,0.77531,-0.6105595,1.3716125,-0.6090942,1.3397131,-0.6133945,-0.54914445,-0.5409755,-0.6257271,-0.54917973,-0.62127787,1.6421874,-0.6402916,-0.6336062,0.23919712,3.859495,2.8404925,-0.40481952,2.907219,-0.496987,1.8251064,2.857933,0.9918035,1.81557,-0.56877106,-0.60695666,3.3398921,1.1240518,-0.68390244,-6.9642663,-0.59472376,-0.65408254,-0.01812662,0.40483403,2.5038562,-0.6491994,1.1350001,-0.7481627,3.9583986,-0.67989045,0.217209,-0.606864,0.78956914,2.502541,2.164436,1.2969044,2.2162693,-0.64265233,-0.7405718,1.5125372,3.0225742,1.8026894,-0.9275693,0.33597636,0.25719646,-0.03986253
1989,-0.73288834,-0.6564564,-0.61031234,-0.8732415,0.6076553,3.2672799,2.8210154,-0.64708066,-0.8275564,-0.051041212,-0.6085323,1.3660136,-0.00925251,1.9242437,1.7264854,0.16956463,-0.62505776,2.9025292,2.1178958,2.0530794,1.3338552,0.056932773,0.95999837,-0.86293733,0.039945107,1.4750539,3.0445306,-0.8504301,1.8527076,3.456786,0.041598316,1.0808884,1.4609382,1.664969,5.8235416,0.029542161,3.2567835,-0.6233388,4.0655074,0.010296361,4.778864,-0.37830082,-0.62651926,-0.6246304,-0.69544506,3.073248,1.007696,-1.811005,0.9269231,-0.69266355,1.1515646,1.6322877,0.8429653,3.2622218,-0.062464114,-0.93473184,0.36996916,4.17251,0.08449899,0.9382304,-0.6839017,0.44024497,-4.4802012,4.675623,-0.25785542,-0.7011249,-0.90522295,-2.2964902,-0.68973446,0.8389251,-0.61266035,1.5820874,-0.5945609,1.3522826,-0.6671497,-0.53003776,-0.4495922,-0.6307089,-0.55298615,-0.64692867,1.6774591,-0.6374881,-0.63047063,0.31941918,3.914303,3.3092928,-0.4028285,3.0179722,-0.6288486,1.8703799,2.5509112,1.3049783,1.8087262,-0.5642026,-0.6000388,3.3257713,1.3209597,-0.6643783,-2.8543634,-0.5665647,-0.6532976,0.047296606,0.86360747,2.4098437,-0.6479489,1.3095317,-0.7489255,4.1677775,-0.6797611,0.8856653,-0.6035478,0.7677652,2.9479792,2.282199,2.0578103,2.6127548,-0.62794423,-0.74027336,1.3651253,3.100978,1.9347936,-0.87710035,0.37885094,0.24268802,-0.035695963
1990,-2.9190083,-0.42536896,-0.64968395,-0.9061443,1.5214376,3.3780687,2.8285913,-0.64321893,-0.8259308,-0.03291831,-0.60841584,1.0180415,0.096862964,2.084065,1.9848293,0.24470508,-0.6429962,2.9948585,2.5934627,2.4521816,1.3680747,0.03877053,0.98643845,-0.8594631,0.022258839,1.757894,3.1246274,-0.85838246,1.9162754,3.3745983,0.11819386,1.0052325,1.8156589,1.7973508,6.1122036,0.06178076,3.410247,-0.6204619,4.124821,-0.044521015,5.0300694,-0.35285467,-0.6243947,-0.6226289,-0.6931366,3.1079242,0.97883344,-1.6500262,1.8174449,-0.6851105,1.3007988,1.4649283,0.85661125,3.5509737,-0.025838211,-1.0561571,0.39268962,4.3179626,0.1158433,0.84446955,-0.68138486,0.7674017,-4.2522035,5.078303,-0.38976592,-0.70012224,-0.9045678,-2.7474422,-0.6469688,1.0388864,-0.6160255,2.4423184,-0.52514356,2.4233553,-0.5596771,-0.5229633,-0.43304133,-0.62728596,-0.37407446,-0.62162995,1.6853535,-0.6338654,-0.62894005,0.43615445,4.1317134,3.4941108,-0.24529299,3.2744327,-0.16779731,2.1257281,1.4820496,2.1625063,1.8687861,-0.5318248,-0.43284735,3.6242988,1.965378,1.0583769,-0.8663987,-0.60121024,-0.65195405,0.012230789,1.0319265,2.1033034,-0.6485334,1.3689743,-2.895755,4.498794,-0.58449244,0.63816124,-0.6178813,0.7389613,3.0973332,2.3990054,1.5134442,2.8561378,0.045005683,-0.7397917,1.4143757,3.3373792,2.007523,-0.8729168,0.36651367,0.72114354,0.2944387
1991,-3.8558064,-0.53152305,-0.51881284,-0.87182575,1.730135,3.5186799,2.865415,-0.64874554,-0.82667255,-0.006097487,-0.60849166,1.0827026,0.34078962,2.0798674,1.2398628,0.3071004,-0.6434002,3.0117202,3.597939,2.1959147,1.35424,0.03393786,0.39355418,-0.8617108,0.0019194785,2.2528508,3.2154262,-0.85401845,1.9025161,3.4870396,0.72263724,0.7389419,1.9107091,1.8147768,6.209244,0.1426243,3.6114628,-0.6283499,4.172344,-0.05856876,5.19814,-0.35477644,-0.60349935,-0.6272248,-0.6956124,3.0501077,0.97829026,-1.4688326,1.8435059,-0.60823244,1.1654721,1.4507226,0.9877481,3.6924176,-0.6673544,-1.0879765,0.38891038,4.6032643,0.31348705,0.8025975,3.4176188,0.87154436,-3.605028,5.1859846,-0.3382458,-0.6927188,-0.9043329,-2.53484,-0.63026845,1.0815661,-0.61561793,2.611709,-0.5394855,2.8648283,-0.6015836,-0.68705785,-0.43171242,-0.62835,-0.5218529,-0.62964225,1.9482352,-0.6354037,-0.60030204,0.45724514,4.210801,3.5404975,-0.13802068,3.634114,-0.14944357,2.0382779,1.8688945,2.4476824,1.7924842,-0.5834336,1.1379261,3.9184942,2.1769824,1.8617545,-0.86232305,-0.5991201,-0.6521032,0.006989753,1.1813558,2.373403,-0.64996845,1.5662934,-4.9203963,4.655673,-0.6050112,0.43904942,-0.6081731,0.64689875,3.1902015,2.5456758,1.2581836,3.1408641,0.4914039,-0.69234055,1.5326195,3.3568661,2.007027,-0.8766852,0.3224453,0.29820192,0.3466867
1992,-4.4046235,-0.53555065,-0.3000458,-0.8733096,1.9854025,3.5861661,2.923959,-0.6471244,-0.826793,0.415438,-0.61088085,0.67424875,0.6340508,2.07154,2.0645483,0.2771124,-0.64532155,3.0287108,3.8936148,2.4083354,1.4516652,0.058412172,0.2812878,-0.8598319,0.05806379,2.727748,3.1842782,-0.8544611,2.0193233,3.2574785,1.1968832,-0.8301438,1.8963274,2.028344,6.2957406,0.120280504,3.6326473,-0.6307048,4.259133,0.20630305,5.137724,-0.029672418,-0.6080741,-0.6252187,-0.69528985,3.0377219,0.6142557,-0.6472525,1.8274435,-0.61639845,2.356756,1.5727451,1.0631882,3.7466211,-0.668114,-1.0993459,0.37708202,5.243158,0.5313204,0.82987046,4.3728848,0.8483675,-0.7286851,5.178355,-0.17186885,-0.69001013,-0.89714193,-2.8847682,-0.65135574,1.1656498,-0.6182338,2.4373653,-0.54629964,2.2911017,-0.60162246,-0.37147528,-0.4271084,-0.64132184,-0.49150324,-0.65315676,1.8060585,-0.6351512,-0.6319812,0.65378946,4.182253,3.6304173,-0.23746556,3.6199665,-0.31404087,1.9495999,2.4960854,2.37253,1.7434224,-0.5822257,2.2100923,4.163804,2.323479,2.205093,-0.8417568,-0.60834706,-0.6514274,-0.23826437,1.0011116,2.5406473,-0.6503237,1.5718791,-6.083676,4.740255,-0.5995074,0.6786038,-0.60653424,0.15541711,3.17195,2.6197238,1.2207476,3.3452237,-0.02004194,-0.6897644,1.6054381,3.2041204,2.166105,-0.86355406,0.93447465,-0.84975016,0.38958192
1993,-4.366425,-0.5624283,-0.22032137,-0.8746829,2.5452034,3.8027246,3.063692,-0.6239217,-0.82526934,0.44087255,-0.6075443,0.64817905,0.51782197,2.14956,2.1630242,0.25491422,-0.6302363,3.0995405,4.162361,2.3284814,1.5230204,0.08926278,0.20539366,-0.8453093,0.37506694,2.9104707,3.2752082,-0.85099983,2.020274,3.591128,1.3513503,-0.83529216,2.1218233,2.4866798,6.4073505,0.63459384,3.848814,-0.63059276,4.3369427,1.3105402,4.9026136,-0.36447078,-0.6059755,-0.6096522,-0.6952599,3.6683881,0.7308831,-0.65619636,1.2801946,-0.61474764,2.692222,1.4508643,1.2645699,3.8331294,0.03533706,-1.0762057,0.41942477,5.937927,0.6648286,0.8751066,4.760547,0.88769954,-0.68238163,5.2390585,-0.13547406,-0.68886465,-0.8939986,-3.0005586,-0.6499449,1.6192063,-0.6113733,2.5834277,-0.49490124,2.9261534,-0.6035174,-0.21807134,-0.41362205,-0.64280766,-0.5276531,-0.65187466,1.6980387,-0.6373726,-0.6314972,1.1105468,4.351963,3.688221,-0.23327665,3.5838761,-0.19052275,1.7393013,2.7705545,2.4781382,1.8061671,-0.5868289,2.573285,4.466355,2.348946,2.6066837,-0.8340721,-0.62234426,-0.6496764,0.24841653,0.8318452,2.6127064,-0.6508445,1.578466,-6.61762,4.9041,-0.6027418,0.59676373,-0.5574758,0.11865591,3.1007783,2.7873578,1.2911406,3.442864,0.13320257,-0.61101425,1.7200415,3.4960058,2.2792943,-0.86275053,1.1512693,-0.8398602,0.33501357
1994,-4.4965734,-0.56464374,0.17299381,-0.91300154,2.792192,3.8754327,3.3439233,-0.6321879,-0.8241379,0.56991446,-0.58530074,0.39590892,0.5484869,2.1926496,1.3196179,0.46892977,-0.70277756,3.211083,4.2552633,2.4517345,1.540997,0.15851997,0.28872198,-0.8445052,0.45362595,3.062664,3.3687878,-0.85335565,2.026299,3.8295286,1.4130882,-0.8332897,2.3062341,2.769704,6.3764477,0.62087595,4.0825567,-0.62052953,4.363823,0.6549219,4.911506,-0.37907854,-0.5782375,-0.6254999,-0.6956609,3.7920387,1.1973635,-0.65541905,1.8687763,-0.68241936,3.7926896,1.0246928,1.7428498,4.00972,0.16509314,-1.0975577,0.59501487,6.279741,0.63690484,0.8413485,5.3333225,0.9308326,-0.67871165,5.220248,-0.039545853,-0.69049406,-0.84878886,-3.0437825,-0.65125304,1.6091115,-0.6163651,2.679432,-0.53364795,2.5192006,-0.60380083,-0.24762492,-0.23398153,-0.64114004,-0.4759269,-0.65501034,1.4215882,-0.6398293,-0.63155043,1.1810629,4.506987,3.827936,-0.21200985,3.9445312,-0.31298214,1.1203756,2.9569693,2.692434,1.9173992,-0.6075276,3.7068968,4.551386,2.2706738,3.779084,0.8992772,-0.77063,-0.6517622,0.41305852,0.7782651,2.6724641,-0.65124506,1.7515322,-6.8458395,4.9916406,-0.5935152,0.71472704,-0.6088591,0.62675005,3.1043746,2.8495584,1.716832,3.5230527,0.19813481,-0.5581128,1.8493935,3.936855,2.5894926,-0.8619233,1.3362895,-0.8447622,0.32904088
1995,-4.6784334,-0.6531528,0.30632642,-0.878658,2.834425,3.798607,4.2330966,-0.6339906,-0.82529444,0.46719474,-0.9384627,0.69836324,0.6896274,2.3003397,2.2154572,0.32096148,-1.2677869,3.5275018,4.198254,2.235019,1.5371616,0.61732817,0.88415414,-0.8466107,0.5350904,3.2085688,3.6111815,-0.84509176,2.0047183,3.744929,1.4107563,-0.8324896,2.3883693,2.724219,6.2391386,0.6804169,4.8105416,-0.64673173,4.400376,0.24293494,4.888854,-0.3826212,-0.54914504,-0.5868168,-0.6883602,3.870386,0.7303124,-0.65269655,2.0729935,-0.6611007,5.395997,0.9491895,1.3927475,4.2224655,0.14308406,-1.1077119,2.2305605,6.357354,0.62728965,0.7436029,5.344361,0.90508896,-0.10915076,5.1586714,0.7675511,-0.67978585,-0.8488172,-3.0428777,-0.6537861,0.93171954,-0.61208004,2.597858,-0.53491956,3.683856,-0.607181,-0.20137796,-0.22521009,-0.61290824,-0.43573555,-0.6545553,2.2984843,-0.6074338,-0.6329837,1.631681,4.7531123,4.2163687,-0.2155934,4.156523,-0.26675206,2.3118784,2.861924,3.0134006,2.0178008,-0.60662496,4.1233926,4.5150733,1.9108157,4.5442953,1.369395,-0.6281069,-0.65108263,0.48740152,0.3474071,2.7704093,-0.6501742,2.2447472,-6.955564,5.4521527,-0.58532554,1.3215014,-1.018753,0.7839217,3.1038606,2.8410397,1.4729102,3.445554,0.4871945,-0.5493437,1.8283832,4.0427337,2.595792,-0.849995,1.2687104,-0.8346596,-0.8370904
1996,-4.900529,-0.404992,0.7823489,-0.9151928,3.2138834,3.265019,4.5167494,-0.64093226,-0.825363,0.6719156,-0.9494831,1.7834098,1.7039021,2.376373,2.2996728,0.45552528,-1.3701782,3.5490143,4.0836782,2.6440623,1.569811,0.7725275,1.2404691,-0.85667574,0.17035653,3.3435972,3.7573476,-0.8434543,1.4480655,3.4675684,1.451348,-0.8343931,2.3659425,2.3589344,6.0905576,0.35793483,5.1538463,-0.6499345,4.358999,0.61733884,4.9039974,-0.20948486,-0.5564308,-0.5862223,-0.689853,3.8102725,0.68932456,-0.65022486,2.1189885,-0.659365,6.1273417,1.0886409,1.2904736,4.2782764,0.6342851,-1.0714753,2.7497995,6.392561,0.5583756,0.42633376,4.364636,0.9182512,-0.113039546,4.9467926,0.83595294,-0.68908864,-0.84837025,-2.954436,-0.6517025,0.8013933,-0.6138692,2.341967,-0.5284245,4.105297,-0.5382471,0.10579008,-0.26303235,-0.61787266,-0.46053135,-0.6632216,2.4212534,-0.60334474,-0.5976393,1.6510684,4.673206,4.642627,-0.17210504,4.3229375,0.629002,2.3646274,2.834156,3.3426437,2.1509514,-0.6094573,4.4915957,4.445399,1.7630072,5.1786404,2.8918922,-0.52907413,-0.65079945,0.60167146,0.88246185,2.752479,-0.6591226,2.4735801,-7.0522866,5.685295,-0.590305,1.1049268,-1.1260308,0.89104575,3.3674595,2.8203392,1.4333969,3.144031,0.556588,-0.5585499,1.2149115,3.89667,2.8836303,-0.70015186,1.2179778,-0.8298457,-0.84301513
1997,-4.931673,-0.49509117,0.8863171,-0.91078824,3.7124825,3.3432403,4.40816,-0.6439164,-0.827397,0.75983894,-0.9589451,1.0352392,2.1628878,2.246479,2.0195777,0.26098225,-1.367067,3.4183624,3.8001375,2.8114066,1.6127471,0.83249646,1.0020361,-0.85717064,0.059394114,3.2665567,3.7174368,-0.8438805,1.3955705,3.0686152,1.3427384,-0.8320038,2.4119716,2.7947476,5.965815,0.6776717,5.223306,-0.6538201,4.019802,0.66280335,4.9087667,-0.18344826,-0.5595057,-0.6053882,-0.69237643,2.9759586,0.69325894,-0.60944635,2.1134908,-0.66203856,6.809455,1.0003122,1.3388894,4.223367,0.7451111,-0.9566756,3.0317483,6.1281095,0.5348998,0.8111022,4.3355465,1.0385106,-0.039682627,5.0914245,0.8533084,-0.6897225,-0.83588654,-2.5855303,-0.6303861,0.62467784,-0.58802265,2.5565138,-0.53012544,4.364956,-0.52036977,0.20551497,-0.2638816,-0.6477125,-0.46641833,-0.66600424,2.5174904,-0.60444224,-0.6005211,1.7060561,4.3934307,4.8907104,-0.19165829,4.323301,0.3874538,2.627274,2.7986488,3.4180677,2.3722079,-0.61074877,4.913627,4.245305,2.318538,5.4902163,3.4457593,-0.57078564,-0.638119,0.68900144,0.9506501,2.7413154,-0.65886766,2.503267,-7.0037117,5.921599,-0.57025373,1.3931208,-1.1040727,0.8655191,3.4745717,2.75365,1.5539296,3.271068,0.90107983,-0.5497607,1.1191422,3.7355974,2.946037,-0.69271743,1.3330178,0.5933966,-0.8388991
1998,-4.8537207,-0.47579703,1.0073406,-0.91162616,4.3185887,3.34013,4.389008,-0.6180391,-0.8294605,0.7683732,-0.9404806,0.9324049,2.3970191,1.7188547,2.1028435,0.5759507,-1.3487873,3.5709372,4.0585423,3.1220171,1.574574,0.8244937,0.67379177,-0.8569979,0.07952127,3.6033466,3.7701504,-0.8436692,1.523326,3.5817428,0.8985028,-0.8348208,2.7163057,2.913007,6.4543524,0.7393123,5.47978,-0.64999604,3.568944,0.61590856,5.2153387,-0.16218266,-0.55438954,-1.0236925,-1.7691108,-0.8207973,1.2756088,-0.62778085,2.1463783,-0.68634653,7.649641,0.8769256,1.2758237,4.436144,0.72112817,-0.9434125,3.3052616,6.523164,0.49163795,0.87903,4.9429383,1.1131388,0.58337307,5.5978312,0.7803187,-0.6824211,-0.8377579,-2.1860635,-0.6314764,0.8630358,-0.61569047,3.4924233,-0.5274484,4.6924586,-0.5161136,0.24636723,-0.35889018,-0.63040215,-0.4636574,-0.6648163,2.7324007,-0.60515,-0.60334903,1.8444324,4.095217,4.978058,-0.15641114,4.0282,0.3635086,2.6108713,2.7958937,3.6228096,3.154087,-0.5564337,5.371575,4.456686,2.5737264,5.931419,3.553248,-0.5742346,-0.6065035,0.6510232,1.0737559,2.7096865,-0.65834284,2.760807,-7.017063,6.3134956,-0.59212756,1.095556,-1.1111821,0.8204243,3.5692868,2.7947145,1.2692835,3.4971163,0.99398774,-0.5565274,2.34396,4.0589194,2.888486,-0.69042486,1.7415823,1.6373519,-0.86154574
1999,-4.632993,-0.46980864,1.1449527,-0.87098515,4.6455255,3.8162546,5.326321,-0.6318207,-0.8246587,0.8271026,-0.92516536,0.63159263,2.8369532,2.9907048,2.4892554,0.4586635,-1.3026825,3.5768733,4.3132668,3.1800594,1.5374128,0.9339461,0.737584,-0.8519902,0.11709097,3.9389267,3.905297,-0.83261806,3.3932843,3.8324378,0.86129254,-0.833537,2.9964838,3.0953317,7.2540216,1.0312222,6.121769,-0.6475342,4.5973053,0.7527997,5.5393543,0.10239262,-0.57246685,-1.0373142,-1.7839118,3.6975055,0.9045991,-0.6227094,1.9279858,-0.681803,8.4789715,0.9216732,1.4805185,4.626282,0.7948451,-0.92389804,3.6756837,7.3043213,0.62505364,1.1793197,5.26357,1.3725684,0.31400934,5.8277993,0.80058914,-0.68036276,-0.8367066,-1.8678176,-0.6444912,1.1847101,-0.5663022,3.7897925,-0.52639353,4.9148397,-0.5149825,0.2883341,0.40628576,-1.1332762,-0.4542336,-0.6522106,3.2037046,-0.60340995,-0.59499604,1.935627,5.021695,4.9825525,0.1479605,4.3645635,0.37028262,2.5887723,3.171833,3.639446,3.6056142,-0.61144686,5.6832933,5.0154834,2.8042455,6.4608073,4.223127,-0.5477149,-0.57114625,0.78876334,1.0726405,2.5501637,-0.6595081,2.7758455,-6.854179,6.817145,-0.5846091,1.52052,-1.1190919,0.89470613,3.6295896,3.1745193,1.5258567,3.8422575,1.1089752,-0.60481423,2.7428281,4.284301,3.0638316,-0.69236857,2.1747875,1.253602,-0.8332448
2000,-4.2685266,-0.29588288,1.292505,-0.8558062,4.8700514,4.053382,5.665882,-0.5909435,-0.8230904,0.84137994,-0.5205846,2.2670388,4.670745,3.4599972,3.234538,1.4955155,-0.99757546,3.578908,4.468509,3.1890454,1.516983,0.9281678,1.1686946,-0.849009,0.16937155,4.296622,3.906172,-0.8332494,4.435893,4.343624,1.1194873,-0.8329612,3.0445044,3.171008,7.7823534,0.7688745,6.534313,-0.5617429,5.150014,0.7317671,5.7249146,0.3849113,-0.5560053,-0.9975643,-1.2575892,4.8083816,1.4330769,-0.575247,1.2483197,-0.6707214,9.124461,1.146439,2.0549147,4.622338,0.57666975,-0.8792307,3.8718505,7.7814293,0.9752129,1.7052845,5.891345,1.219334,1.9829103,6.5271955,0.84003806,-0.6098804,-0.83648413,-1.2636453,-0.6072255,1.1796219,-0.5626982,3.4752097,-0.5207302,5.1081834,-0.51941717,0.9688152,0.80894816,-1.028991,-0.39862478,-0.62528116,3.506025,-0.56068796,-0.5654908,1.9436082,5.387635,5.0274725,0.310582,4.559097,0.70709276,2.9630346,3.4085047,3.6543665,3.894372,-0.5420862,5.9644866,5.3708806,2.8441653,7.109641,4.7181616,-0.58329487,-0.5682696,0.8594722,1.2112584,2.354147,-0.5947156,2.8181057,-6.747314,7.2629967,-0.5161637,1.6987823,-1.1139867,0.9066486,3.6081614,3.2425997,1.6125791,3.9956448,1.369311,-0.6020682,3.5156455,4.4841347,3.0429254,-0.690416,2.7986455,1.8252625,-0.8450073
2001,-3.420415,-0.4726722,1.5101941,-0.86083865,4.8901196,4.232826,5.918891,-0.628496,-0.8199638,0.7284463,-0.52564025,1.3962977,6.1962404,3.4023724,3.9413543,1.7397813,-0.9758737,3.452686,4.511931,2.9769268,1.5827538,0.8233553,2.001819,-0.8471765,0.11864836,4.511392,3.799854,-0.8341434,4.954319,4.3885627,1.858931,-0.82566667,3.0088663,3.327055,7.926431,0.7214006,6.768507,-0.6160811,5.6039367,0.71650344,5.6517987,-0.043142807,-0.5494699,-1.0441792,-0.6710207,5.2453165,1.2424483,-0.59423375,1.8781805,-0.6738915,9.703083,1.8184428,1.6229185,4.9970894,-0.82899076,-0.8821558,4.0583825,7.712179,0.74655426,2.128088,6.0905437,1.1477281,2.106977,7.19113,0.87968487,-0.5987498,-0.8335469,-1.2489154,-0.6344917,1.4700317,-0.5560751,3.547581,-0.51086754,5.50972,-0.5248019,0.26316708,0.9612695,-1.0459993,-0.43228516,-0.65390617,3.651808,-0.60954386,-0.5952021,1.472398,5.630504,4.964859,0.013191069,4.572572,0.44954628,3.1061356,3.6003985,4.0250864,4.4033504,-0.5732681,6.2432547,5.5933785,3.4438732,7.6099253,5.07254,-0.5609028,-0.5675389,0.91402465,1.7265593,2.4209208,-0.65226865,2.8672292,-6.6728086,7.508825,-0.5226977,1.9824876,-1.1052797,0.90416133,3.4300315,3.1538281,1.6270708,4.1393538,1.9095643,-0.59882104,4.0561924,4.6350837,2.9044843,-0.69110626,3.0617607,1.0851036,-0.8466076
2002,-2.987547,-0.30103517,1.4195671,-0.8861747,4.786769,3.8699555,6.2529283,-0.63580185,3.6034958,0.7642738,-0.5334661,1.4890243,7.076413,3.292401,4.233984,1.3597494,-0.983922,3.4863641,4.5655494,3.4140472,1.59034,0.8698072,1.3053688,-0.8460217,0.17170493,4.786083,3.3271089,-0.83346385,5.360847,4.1759906,2.4090877,-0.8320687,2.693792,3.35417,7.86307,0.78517425,6.886228,-0.61911553,6.042124,0.6730441,5.6412373,-0.23484468,-0.5998106,-1.0203328,-0.6571136,5.290437,2.028377,-0.6082942,2.065797,-0.68574244,9.960821,2.7201326,1.519767,5.4740543,-0.8327975,-0.88334024,4.082746,7.4661255,0.6587209,2.445349,6.310992,1.2810471,1.1279211,7.629331,0.94064283,-0.5896758,0.47159737,-1.2358752,-0.43068194,2.0445662,-0.5574467,4.11326,-0.51593983,5.765873,-0.5297678,0.14829639,1.1860073,-1.0464376,-0.43379346,-0.65583575,3.7628345,-0.62089837,-0.591586,1.3245564,5.970545,4.997255,-0.14901419,4.7738,0.441062,3.521778,3.5665205,4.101392,4.647139,-0.5725774,6.5845704,5.679778,3.6808553,7.954667,5.2154527,-0.5573217,-0.5693551,0.9525799,1.126215,2.4159873,-0.67229635,3.0584993,-6.637051,7.544778,-0.5229563,1.7412871,-1.135468,0.8068758,3.3809059,2.9502811,1.6240833,4.31456,1.2716241,-0.54804116,4.1230884,4.7170663,2.855699,-0.68993646,3.3557005,0.92542565,-0.84153616
2003,-2.7192566,-0.30174455,1.4462264,-0.885579,4.887606,4.2072797,6.427009,-0.6248347,4.967666,1.0659366,-0.4227051,2.4134161,7.7737536,3.0066788,4.192724,1.7417859,-0.9786425,3.3623073,4.57215,3.6757243,1.6358793,0.61060625,1.213062,-0.85168517,0.14589871,4.82817,3.6036768,-0.834372,5.585577,3.7632387,2.6193163,-0.8246003,2.869063,3.3884132,7.547896,0.985739,6.865904,-0.6158193,6.6204042,0.6811924,5.5860624,-0.15158215,-0.63045543,-0.59047854,-0.6880902,5.5359693,2.1337986,-0.62710166,2.0904348,-0.68530643,9.932711,3.2014499,1.6343976,5.7171516,-0.8332694,-0.9730676,4.1158986,7.059359,0.56703204,2.6428702,6.382344,1.3230419,1.0613685,7.9293327,0.94912684,-0.59628093,0.7756328,-1.1960443,-0.35666203,2.1880708,-0.55513597,4.257913,-0.37925184,5.845432,-0.55963767,0.4078374,1.65517,-1.0434918,-0.42358094,-0.60488707,3.8360727,-0.6210577,-0.5911931,2.1356661,6.2141542,4.9434485,0.04289568,4.7331786,0.37142575,3.8425384,3.128433,4.424078,4.7623653,-0.5671245,6.886076,5.774059,3.7022734,8.317635,5.895741,-0.56345105,-0.60659146,0.8909892,0.9415489,2.3367522,-0.6425095,3.128467,-6.6109624,7.3971863,-0.52113456,1.326794,-1.0877017,0.80033374,3.646119,2.4351382,1.5510527,4.4780307,1.1334479,-0.52829146,3.9369965,4.7631907,2.8487175,-0.6904965,3.8499818,0.89933187,-0.8663851
2004,-2.6298344,-0.29085794,1.3249297,-0.8859124,4.886712,4.3032947,6.4342456,-0.6228842,5.6441426,0.6270481,-0.5294223,1.6856257,8.027384,2.8490605,4.4262877,1.3892535,-0.9830314,3.3810174,4.5849295,3.8537676,1.519198,0.52697444,1.2489558,-0.8511094,0.13745731,5.332714,3.732247,-0.8327549,5.671557,2.909573,2.8231688,-0.82077587,3.0639138,3.4080951,7.277454,1.6541119,6.7531366,-0.59329545,6.778646,0.71187776,5.5727844,-0.3079916,-0.64966404,-0.5568715,-0.68355864,5.346253,2.0685537,-0.61542475,2.0342538,-0.5950733,9.981103,3.6288705,1.9126207,5.935011,-0.8320884,-0.8616184,4.08984,7.20483,0.54032224,2.690945,6.397628,1.4964088,1.1073781,7.9782004,0.4938086,-0.5973147,1.2089328,-0.6355735,-0.3735738,2.1573224,-0.531983,4.2148404,-0.5134449,5.8981867,-0.47827217,0.33642012,1.3087277,-1.0246663,-0.23780529,-0.59817475,3.8663085,-0.62755084,-0.69822615,2.2978003,6.266309,4.8217316,-0.21884009,4.762996,0.2537552,4.159512,2.968368,4.576943,4.671635,-0.5700946,7.251104,5.950205,3.5826516,8.345117,5.817015,-0.56119806,-0.589886,0.92908233,1.0162103,2.1055672,-0.6315792,3.0429647,-6.5634265,6.9801264,-0.48236075,0.8498673,-1.0827384,0.7689328,3.7609081,2.2937198,1.5457704,4.622483,1.1298676,-0.4957137,3.4810913,4.7482734,2.7653232,-0.6902857,3.6533825,1.0415021,-0.83781725
2005,-2.4694734,-0.2750047,1.2357246,-0.84532386,4.9049516,4.4561634,6.469293,-0.6073389,6.0180244,0.45079488,-0.59807205,2.5900764,8.215762,2.768295,4.3758645,1.8770001,-0.97865987,3.503188,4.540112,4.0667996,1.5481479,0.5096468,1.3490777,-0.84915483,0.38887498,5.6395016,3.62142,-0.83286524,5.6422586,-0.6790844,2.8332124,1.285626,3.1250172,3.3830044,7.0774136,2.108454,6.500974,-0.58377427,6.5868373,0.93210405,5.4784217,-0.1107064,-0.6436065,-0.56225896,-0.68367976,5.299008,1.3224676,-0.61380684,1.9683918,-0.5880617,9.895385,3.8243077,2.47873,5.9335093,-0.8263117,-0.63030255,4.0801744,7.2246876,0.4802745,2.65796,6.342754,1.7611254,1.0668954,7.781161,-0.043072127,-0.56813663,0.92494875,-0.6328036,-0.4444739,2.1200814,-0.5873574,3.9262848,-0.3970105,5.8200583,-0.550941,0.43746674,1.2981492,-0.970843,-0.24092713,-0.6026118,3.742096,-0.5917982,-0.6213044,2.4160018,6.215163,4.5656514,-0.233774,4.701219,-0.21476598,4.160247,3.4258237,4.6139846,4.4684687,-0.6542242,7.473267,5.9646096,3.4416556,8.295471,6.3247414,-0.5414603,0.3334597,0.90777314,1.2605602,1.533119,-0.6543376,3.0519266,-6.530983,6.2032623,-0.47716162,0.9471913,-1.1033442,0.65121764,3.7369199,2.1076133,1.5987152,4.7143974,1.3000988,-0.4549754,4.216171,4.7733936,2.7418041,-0.69756407,3.3184316,1.3939987,-0.84715134
2006,-2.1530087,-0.27162328,1.1906826,-0.89232516,4.84671,4.373199,6.4230785,-0.6096512,6.225477,-0.05322152,-0.6328444,1.4682889,8.170631,2.8304274,3.8824725,2.3123827,-0.972592,3.4773722,4.463368,4.3450804,1.649347,0.5468493,1.2643514,-0.8468157,0.095707275,5.734919,3.5598018,-0.8329329,5.4119153,-0.6828592,2.8501055,1.3847783,3.0044987,3.198808,6.9087734,1.3994673,6.226204,-0.6034733,6.430744,-0.8324204,5.3721642,0.29460695,-0.6394813,-0.5673967,-0.69730794,4.7989335,1.5472221,-0.61686915,1.8363044,-0.40382355,9.535626,3.7587962,1.5384697,5.70969,-0.82766026,-0.60816175,3.976582,7.1612024,0.3754606,2.669126,6.2084804,1.4411799,1.003029,7.44271,-0.1318743,-0.59738326,1.0512519,-0.6290765,-0.4395668,2.2905557,-0.5842927,3.4398658,-0.92484266,5.7013464,-0.48642135,0.4560068,1.3375834,-1.0069208,-0.24618982,-0.60097647,3.7833066,-0.68123543,-0.58093166,2.3313386,6.1241455,4.1187944,-0.2349289,4.5211377,-0.2600756,4.2976837,3.5702617,4.5993,4.2571983,-0.65358406,7.351882,5.916636,3.4211876,7.865242,6.7523184,-0.57190436,0.7646122,0.87413,1.7583051,2.2082074,-0.6543721,3.1378512,-6.432766,5.623797,-0.47784454,2.0478113,-1.179533,-0.10353737,3.786721,1.637941,1.272287,4.884898,1.9850718,-0.5106866,4.1653123,4.7174797,2.779016,-0.6942723,3.370729,1.060506,-0.8477876
2007,-1.9989454,-0.27832717,1.3385544,-0.86376536,4.32564,4.0157194,6.231109,-0.6588434,6.128859,-0.16572915,-0.67946255,1.1585922,7.94991,2.4482524,3.9125109,1.4421681,-1.0196422,3.2891872,4.3692203,4.3044667,1.6362435,0.5232078,1.0118206,-0.8460675,0.18925482,5.5733304,3.4410348,-0.8413511,5.0748897,-0.6853093,2.8631706,1.3997567,2.6147618,2.9469898,6.6147027,1.1619433,5.963084,-0.598742,6.1648774,-0.8370133,5.2135744,0.050045814,-0.6062745,-0.55958015,-0.69182706,4.305867,1.1783526,-0.61409795,1.5148337,-0.38595015,9.0715685,3.571939,1.222199,5.4980063,-0.83106685,-0.59477603,3.6938424,6.910886,0.45713645,2.8092058,5.8894496,1.2405337,1.1704063,6.797578,-0.18682168,-0.59739673,1.4591064,-0.5807999,-0.4663149,2.2907948,-0.5967304,3.2192516,-0.94549143,5.248118,-0.54845536,0.59720385,1.3081307,-0.9687011,-0.25658405,-0.6011575,3.7539942,-0.6838107,-0.5802673,1.8261199,5.9499044,3.2269838,-0.240004,4.197956,-0.26382768,4.0723963,3.5923913,4.4310594,4.0128655,-0.6546316,6.8804073,5.737022,3.658067,7.5234814,6.148982,-0.5724856,0.79561955,0.6450478,1.1344414,2.5467916,-0.6544174,3.0634477,-6.2193513,5.4250503,-0.4996379,2.2705305,-1.648927,-0.15591115,3.7042449,1.5874726,1.1577023,4.799389,1.2408252,-0.51941675,3.7448745,4.544333,2.3570783,-0.69727165,3.9114316,0.9567871,-0.8591136
2008,-1.5791457,-0.23890164,1.54627,-0.8465733,3.8269374,2.958838,5.8904324,-0.65689766,5.7288766,-0.19773006,-0.6816691,0.4460727,7.344907,1.410844,3.5277882,1.1433276,-1.011073,2.7790651,4.223795,3.8627448,1.5552588,0.4835444,0.008000173,-0.84558105,-0.8360978,5.2919517,3.1828632,-0.8408189,4.3745155,-0.68473023,2.3339107,1.2031068,2.3642588,2.181582,6.2069163,1.0642791,5.6214695,-0.6180341,5.758066,-0.83773506,4.955617,0.055185013,-0.6043807,-0.56640196,-0.6941275,3.530327,1.081028,-0.62665766,0.33913252,-0.38759285,7.9811053,3.124344,1.1500647,5.1805325,-0.8546417,-0.60413146,3.0059738,6.383989,0.39969555,2.7284994,5.185469,1.1662145,2.0912368,5.827803,-0.20959654,-0.5920335,1.1148715,-0.61178094,-0.4709236,2.2132099,-0.5411189,2.7901306,-0.94081295,4.62068,-0.6803043,0.23540053,1.2122073,-0.95144796,-0.30329666,-0.6021174,3.2451954,-0.68316287,-0.58885384,0.91867995,5.583105,2.9221609,-0.1954825,3.6692548,-0.29783908,3.474543,3.352716,3.968033,3.4847243,-0.65818095,6.3700924,5.561203,3.1501005,6.715914,5.330633,-0.5786705,0.14235027,0.7302827,1.0417205,2.6151662,-0.65288126,2.8635063,-6.4529576,5.2485104,-0.59643143,2.2541566,-1.7385005,-0.28076252,3.6764147,1.2711495,1.1872816,4.620175,0.9906117,-0.5112659,2.6559265,4.131067,2.420336,-0.69695973,3.8358753,0.8651206,-0.85757375
2009,-1.5396099,-0.24495707,1.5128311,-0.8902061,2.9144685,-0.6835038,5.2384562,-0.6578252,4.948929,-0.29084814,-0.68265206,0.40528876,6.3710713,1.1282375,3.0379994,1.1132337,-1.0187049,1.3111551,3.863699,3.2160435,1.2398406,0.34444362,-0.0917849,-0.84721005,-0.8408477,4.724497,2.222924,-0.8794624,3.2191794,-0.6847327,2.0685492,0.98974574,2.042268,1.6499814,5.520361,0.870896,5.008408,-0.67728627,5.001235,-0.83886635,4.4076557,0.06611862,-0.6359401,-0.57110834,-0.6979334,3.09378,0.98694813,-0.62529725,0.5455863,-0.40231147,6.4786453,2.9974332,1.2028624,4.5583806,-0.8799138,-0.6238108,2.2777538,5.511771,0.17621207,2.3864365,3.3154075,1.1369455,0.9821706,4.06387,-0.5565595,-0.59766203,1.1376206,-0.65972114,-0.6443677,1.8256505,-0.57374424,1.7426281,-0.9580822,3.359965,-0.69123113,0.20945282,1.1855067,-0.9689978,-0.32365003,-0.6083328,2.0264375,-0.6855878,-0.58859855,0.6442465,4.937176,2.704683,-0.053636964,2.2417896,-0.5940161,1.7526919,2.8314052,2.7995245,2.491989,-0.65837026,5.5472608,5.080026,1.7141603,5.973535,2.3213248,-0.5816763,-0.041790467,0.015869115,0.810194,2.2321408,-0.65332264,2.4229598,-6.5780587,4.975778,-0.59079933,2.0282657,-1.7068111,-0.2927838,3.075843,-0.5601463,1.0661241,4.239441,0.91170466,-0.4730541,1.9951382,3.3478322,1.7841523,-0.6972809,3.2643807,0.7677635,-0.8594878
2010,-1.5354216,-0.23457576,1.2194806,-0.88921666,1.3625884,-0.69428575,4.7932916,-0.65832347,4.273834,-0.5361655,-1.216952,0.37182865,5.635727,1.0196458,1.5949526,0.9622426,-1.1997147,0.92336035,3.5889063,2.4191194,1.1631823,-0.24520448,-0.10565463,-0.8457818,-0.8404511,4.4590645,1.4486125,-0.88181037,2.7678626,-0.68517184,1.5249532,-0.34379515,1.2412012,1.4665186,4.93453,0.65427476,4.5213704,-0.6802496,4.3363595,-0.8489003,4.013797,-0.04770431,-0.64187527,-0.5765994,-0.693903,3.2746322,1.0233337,-0.6242737,0.190235,-0.58784455,5.481002,2.5132477,1.5444918,3.966829,-0.9080296,-0.63489616,1.2419084,4.83011,-0.048689064,2.0392332,3.1480038,1.0631496,1.114254,3.2573268,-0.63209194,-0.5939404,1.1478064,-0.6434035,-0.6974349,1.0910352,-0.6144626,1.301884,-1.2793643,2.8401802,-0.6815601,-0.029415004,1.1906158,-0.9516208,-0.327543,-0.6538845,0.95197684,-1.2664119,-0.58595073,0.7683471,4.4026465,2.4232821,-0.41436073,-0.171723,-0.6396092,1.3352613,2.0055482,1.8989164,1.5574756,-0.65934366,4.8835144,4.651997,1.5000572,5.0181823,1.3972485,-0.6546119,-0.51561177,-0.3146699,-0.0211631,1.222648,-0.65358734,1.4746742,-6.675819,4.6646466,-0.5867355,1.7731493,-1.7172389,-0.25637734,1.8647442,-0.6104643,0.87316984,4.021607,1.0230798,-0.5129299,0.6163981,2.872639,1.2847921,-0.6991281,1.9043282,0.77227336,-0.8586964
