Date,ABW,AFG,AGO,AIA,ALB,AND,ARE,ARG,ARM,ATG,AUS,AUT,AZE,BDI,BEL,BEN,BFA,BGD,BGR,BHR,BIH,BLR,BLZ,BMU,BRA,BRB,BRN,BTN,BWA,CAF,CAN,CHE,CHL,CHN,CIV,CMR,COD,COG,COK,COL,COM,CPV,CRI,CUB,CUW,CYM,CYP,CZE,DEU,DJI,DNK,DOM,DZA,ECU,EGY,ERI,ESP,EST,ETH,FIN,FJI,FRA,FSM,GAB,GBR,GEO,GHA,GIN,GMB,GNB,GNQ,GRC,GRD,GTM,GUY,HKG,HND,HRV,HUN,IDN,IND,IRL,IRN,IRQ,ISL,ISR,ITA,JAM,JOR,JPN,KAZ,KEN,KGZ,KHM,KNA,KOR,KWT,LAO,LBN,LBR,LBY,LCA,LIE,LKA,LSO,LTU,LUX,LVA,MAC,MAR,MCO,MDA,MDG,MDV,MEX,MHL,MKD,MLI,MLT,MMR,MNE,MNG,MOZ,MRT,MSR,MUS,MWI,MYS,NAM,NER,NGA,NIC,NLD,NOR,NPL,NZL,OMN,OWID_WRL,PAK,PAN,PER,PHL,PLW,PNG,POL,PRI,PRK,PRT,PRY,PSE,QAT,ROU,RUS,RWA,SAU,SDN,SEN,SGP,SLE,SLV,SMR,SRB,STP,SUR,SVK,SVN,SWE,SWZ,SXM,SYC,SYR,TCA,TCD,TGO,THA,TJK,TKM,TLS,TON,TTO,TUN,TUR,TZA,UGA,UKR,URY,USA,UZB,VCT,VEN,VGB,VNM,VUT,WSM,YEM,ZAF,ZMB,ZWE
1997,,,,,,,,,,,,,,,,,,,,,,,,,,,,,,,,,,,,,,,,,,,,,,,,,,,,,,,,,,,,,,,,,,,,,,,,,,,,,,,,,,,,,,,,,,,,,,,,,,,,,,,,,,,,,,,,,,,,,,,,,,,,,,,,,,,,,,,,,,2.27555,,,,,,,,,,,,,,,,,,,,,,,,,,,,,,,,,,,,,,,,,,,,,,,,,,,,,,,,,,,,
1998,,,74.10339,,13.12183,,,0.37825,2.4669,,,5.33418,,25.18686,,,,,5.2993,,,1.89152,,,0.78553,,72.54028,,23.48004,,2.50937,5.86363,1.18582,2.21327,,,,,,1.37343,,,,1.37865,,,,1.97311,,,3.2405,,,,,18.02326,1.45206,7.21304,6.73486,3.65931,,2.28413,,,1.39371,,,36.72631,,,,14.99778,,,,,2.73634,7.9848,2.31337,1.02083,,13.59491,,,27.96296,4.51599,1.96485,,,1.43284,,,4.07727,,,2.35265,,14.73817,,,,,,,,3.75943,318.2714,3.74183,,14.00147,,,8.67418,,0.8638,,7.23602,22.34419,7.38875,0.42483,,3.47913,,27.21861,,,,13.43937,36.05139,,,,2.41951,6.00188,,,50.58009,2.19237,,2.73263,,0.24576,,8.09413,1.12123,,,2.67693,,20.08426,12.64261,3.08522,0.57546,,3.42138,,,,,1.48011,,,,,3.77093,2.24584,4.40701,,,,,,62.2213,27.20989,1.42483,,,,,,7.79571,2.12233,19.63209,,0.981,1.3596,0.3013,,,,,1.07035,,65.58704,,,12.3695,
1999,8.78285,,80.66284,,12.46688,,,0.36973,2.29141,,,,,22.11634,2.78634,19.56636,21.29986,1.13504,5.16149,17.26104,,1.79529,,,0.71558,18.25018,60.72874,65.24679,24.76436,24.65885,2.5053,5.8896,1.09424,2.16277,6.57213,21.03973,8.70055,83.94474,,1.40624,646.07086,298.86685,,0.93769,,5.6962,126.1022,1.85967,,1362.2858,3.2635,,3.79811,,0.42565,14.52178,1.46543,6.97971,5.99178,3.65172,,2.37934,1.19205,45.09568,1.27951,3.80597,,,74.93584,,,15.72788,,,,,2.50824,7.51285,2.03975,0.96674,,12.70172,1.37484,1.80731,27.16852,4.40886,2.09104,19.5696,,1.47421,6.33587,,4.00771,,,2.35226,15.33947,13.24942,7.6985,3.28783,0.54753,,,,31.38903,3.31319,287.63504,3.2398,10.5122,13.16334,,9.0005,8.65584,,0.83025,,5.95601,16.67024,8.40202,,,3.06563,18.97888,24.62277,,41.24711,76.43913,11.57583,,,3.23683,,2.46592,6.57343,,,,2.14267,,2.59093,0.59787,0.2301,,7.97811,0.96155,,,2.72962,1.57118,17.11023,12.91667,2.72515,0.53397,54.35012,2.82191,,19.45535,,,1.45834,,,,,3.64891,1.9589,4.03851,22.9918,,,,,,,1.21835,1.49151,,,282.54773,48.49445,6.98105,2.05804,16.80712,6.55564,0.94853,1.52465,0.31461,4.79891,,,15.65421,0.99806,121.76475,52.43185,3.8522,,17.58583,
2000,10.8365,,,,14.68518,,,0.39275,2.35374,,,,,18.26706,2.88395,17.40603,,1.20261,5.58187,,21.90691,1.76556,,,0.66694,17.71825,55.21013,,27.55367,32.8162,2.56662,4.65443,1.16928,2.12943,,21.9062,,57.19348,,1.5213,583.1428,265.16855,,1.12139,,4.20561,160.74847,1.78924,,1286.0464,3.38601,,,,,16.56676,1.49614,6.63931,4.85142,3.65986,,2.48003,1.36452,,1.05064,3.73808,,,,,130.44308,13.69055,,,,,3.05767,7.94903,1.93115,1.09445,0.71128,10.95215,1.24151,1.71502,24.37231,5.71723,2.21647,14.05999,8.32967,,4.89108,12.0359,1.93897,7.4275,,2.31302,,8.89462,7.78991,1.46432,0.58809,,,,40.13423,3.28777,293.85074,3.02462,10.34667,13.55447,,9.16221,9.02986,,0.81162,,11.75228,16.29944,9.59394,,,2.98495,19.16909,,,45.12739,63.50673,8.34873,,,,,2.31034,6.93562,5.33654,,,2.10383,,2.4703,0.82558,,95.52525,,0.90782,,,,1.3337,16.13119,,2.90304,0.50006,35.36716,2.68288,,,,14.35875,1.84497,75.05308,,,,4.25348,6.5781,3.53707,29.08119,,,,,51.3677,,1.109,1.42937,,,199.39249,52.74423,6.4587,,16.42841,4.90158,1.28725,1.64583,,4.56544,,1.61535,15.93333,1.27134,119.81192,83.10974,,,,
2001,9.3059,,,,18.03464,,,0.37745,2.93334,,,,,19.08825,3.00828,14.48218,18.01574,1.19193,6.41244,,21.45218,1.58673,20.31472,,0.63965,17.9677,45.78489,,51.49892,,,5.02589,,1.95933,,21.49079,,68.58522,,1.71182,,351.36664,,0.80266,,13.53346,140.37364,1.91619,,521.48376,3.22425,,2.79372,,0.46549,14.6607,1.49736,6.98375,3.63526,3.50841,,2.59477,,41.1259,1.20654,3.61162,,,,,,11.76463,,,,,,7.64696,1.89375,1.20772,0.85677,9.32201,1.11626,,25.61511,6.27521,2.20458,12.51685,,,,13.01777,1.76705,6.99616,,2.43855,16.81851,6.80875,7.66186,,0.69577,,,,41.67002,3.60244,290.70578,3.02903,5.97671,13.80222,,8.07302,9.63765,,0.91954,,11.02864,16.33693,8.2217,0.38807,,3.02661,20.27709,28.72014,,34.20082,58.83779,8.2784,48.8114,,,,2.19372,7.65697,5.74941,,,2.0774,,2.52714,1.0924,0.24237,71.5253,,0.87785,,,,1.91965,14.7775,16.36832,2.91693,0.45727,27.37549,2.75901,,,,10.23832,2.21739,,5.27378,,,6.13219,4.08729,3.92186,,,,,,50.3712,,1.10375,1.58467,,,232.59058,48.71306,6.02939,1.9973,17.7668,4.64842,1.18259,1.74649,,3.65168,,,22.22222,1.431,119.09654,,,,,
2002,20.35176,,56.58878,,20.25882,271.25467,,0.39114,2.46458,,,,,11.56675,3.00137,12.70732,15.79496,1.44852,7.53659,,18.08371,1.83207,16.07495,,0.6064,,45.97871,,57.62369,,3.0127,5.29422,1.27633,1.88304,,19.4791,,79.85139,,1.98801,,167.35497,,0.78633,,23.80478,101.83123,1.90402,,383.0537,3.26997,,2.73824,,0.42795,17.08681,1.47787,5.7481,3.09717,3.53574,,2.72479,,,1.2892,3.41314,,,,,,9.36036,,2.18205,,,,7.16998,1.83756,1.22642,0.98305,8.62531,1.14993,1.56924,25.2004,4.35639,2.13219,12.34068,7.68497,,,13.706,1.71409,5.96495,,2.58961,16.8883,5.08117,8.23428,,0.7198,,,,74.28571,3.54408,252.37814,2.73899,4.50757,15.35503,,7.84926,10.72424,,1.00091,13.52436,9.83671,17.55091,8.83829,,,3.26206,18.26052,31.07511,,46.19703,57.0588,7.49081,57.6361,,,1.99641,2.16155,7.92569,6.00655,,,2.10384,,2.41097,1.28572,0.25839,86.43743,,0.87782,,,,1.78003,13.66967,16.47945,2.92356,0.44723,24.70148,2.78938,,,,9.90187,2.21214,,5.8447,,20.46134,7.16377,1.93093,4.00516,40.35434,,,6.33299,,,,1.18634,2.0371,,6.49221,196.24435,35.57492,6.01877,2.01107,19.48219,3.69448,1.05383,1.98679,,3.8891,,1.36684,43.60158,1.59819,92.71923,,4.11323,,,
2003,8.85167,9.72414,16.34636,532.7381,25.87283,295.95587,,0.44441,3.09907,,,,,,3.19556,12.73548,15.0642,1.83743,7.96728,13.60321,19.53997,1.50856,18.72456,,0.56854,,43.10324,,52.24243,,,5.14824,1.35513,1.8953,,20.63858,,85.4253,,,250.77332,163.58633,,0.79259,,29.6875,93.55141,2.04036,,324.39185,3.24436,0.76014,3.09792,,0.45555,,1.50745,6.21162,2.15864,3.52296,14.27689,2.68368,,46.89838,1.29797,3.44345,,,,,,8.03664,,,20.50226,23.52317,2.50735,6.98893,1.67775,1.12248,1.06283,8.70673,1.12382,,23.25456,4.20628,2.12748,12.94216,6.65187,,,,1.43512,5.28262,,2.7136,15.35921,5.31277,8.92769,,0.70532,,146.59091,,77.12017,3.57551,250.55075,2.88947,3.65218,15.38822,,7.63415,11.76095,1673.4834,1.04485,,11.04222,,6.73964,,,3.40599,14.64674,30.49203,,48.60231,55.9335,6.90882,63.69674,36.82603,2.28007,,2.20517,7.2205,6.50794,,26.92478,2.10522,5.57722,2.34111,1.49768,0.28438,,,0.94626,,,,2.29066,12.00857,16.57262,2.84117,0.42387,17.84477,2.28821,,,,,2.40745,,5.00848,,,8.75814,2.06132,3.54872,,,,6.04148,,45.50337,,1.16384,2.00516,,,154.68518,40.16688,5.59559,1.75217,15.0103,3.49575,0.97925,2.2184,,3.63958,,1.37004,,1.83642,92.97293,,4.18531,,,
2004,14.55399,9.44669,21.6055,446.93878,25.39579,372.3565,,0.38842,2.68913,,,,,7.48686,2.64498,12.51429,,1.82949,8.18716,,17.46067,1.97724,19.79294,,0.52118,,40.03675,,52.2756,30.97639,,5.10619,1.17912,1.84158,,19.97958,,,,1.88182,,133.62154,2.05877,0.33403,,,91.63098,1.75723,,271.18015,2.40596,,3.43026,,0.42214,16.60927,1.34859,4.96037,1.87399,1.93179,12.73681,2.13186,,,1.03887,3.63265,,22.67138,76.21255,,,7.05949,,,15.94599,22.90352,2.49527,6.75793,1.42466,0.93034,1.14284,9.24424,1.06623,1.0136,14.7577,3.70037,1.61777,13.79107,5.74987,,,13.20542,1.57476,5.21789,,2.77147,18.01054,5.58649,8.55672,,,47.97593,128.00752,,,3.07156,,2.48645,3.46968,12.76124,,7.70964,9.63709,,0.98139,,12.39122,,8.79987,,,3.385,12.16403,31.52873,,46.89975,49.03312,6.67265,,39.67388,2.39933,,1.40083,6.20708,5.92175,,26.07554,2.01023,4.5713,2.27279,1.47985,0.2986,,,0.88189,,,,2.59385,10.38212,14.60311,2.67801,0.41736,13.92919,2.09076,,21.17026,,,2.27969,,4.15618,,,8.86781,2.11023,3.00725,40.19439,,,5.56991,,33.68279,,1.11901,1.82222,,,,33.55237,5.09315,1.68866,10.90554,3.46214,0.92444,2.25036,,4.65317,,1.22149,19.54225,,89.06192,,4.74583,,,
2005,7.46718,,18.93488,302.684,23.75081,320.70905,,0.39431,2.99044,,,,,6.971,2.59569,12.71206,11.10717,1.62759,7.94425,17.72616,16.84874,1.98494,17.87277,,0.50312,,49.527,29.55334,47.93503,,,4.89493,1.38173,1.77854,,17.82097,,,,1.76272,,116.19171,,0.30153,,,106.79635,1.72996,,197.02982,2.28188,,3.12098,,0.41531,,1.36556,4.87207,1.77138,1.866,13.36151,2.22969,,,0.98835,3.42052,7.88064,17.81108,,44.21474,,5.80102,,,15.77364,22.31191,,6.44428,1.44491,0.87012,1.25245,10.24462,1.09476,1.25864,15.16038,3.91272,1.58547,14.22311,5.74186,,,12.39509,1.39873,4.20424,,2.9291,,4.75893,7.82626,,,51.46696,131.6888,,52.65924,3.026,,2.48104,4.2152,11.14901,,7.59541,9.44447,,1.01294,,13.0868,,8.24217,,9.37245,3.30489,10.66154,32.04329,,40.46229,50.37239,6.84431,51.83714,34.3285,2.47599,,1.65246,5.75311,5.55716,,21.17627,2.00804,3.14337,2.45403,1.59418,0.30987,,,0.9421,,,,3.00983,9.68562,18.99791,2.48854,0.40889,13.00337,2.10805,,19.7433,,,2.30668,,4.28189,,,9.68815,2.08542,3.08689,49.7399,,,4.73958,,28.32627,,1.05512,2.07133,,,,,4.72535,1.67843,9.16178,,0.91069,2.42377,0.3437,8.83666,,,,1.49276,,,4.7661,,,
2006,8.955,,19.35819,53.00912,23.45617,79.08978,,0.37283,3.01375,,,,2.67523,7.49588,2.58831,11.50835,11.60904,1.40611,8.01459,18.67268,15.75936,2.14529,16.3673,89.6606,,,42.61631,30.82245,37.37108,43.92831,,5.05297,1.20978,1.60339,,15.58907,1.64667,,,1.66127,,109.26082,,0.22445,,63.49206,93.72662,1.86648,,191.359,2.24224,,3.05901,,0.42381,,1.37791,4.75456,,1.95314,,2.43034,,,0.97809,4.32554,8.44579,11.82187,,41.33284,,5.21276,,,15.66452,20.28367,,6.39296,1.46373,0.84805,1.14928,10.62247,1.04312,,15.42523,3.99601,1.5503,13.32824,5.9564,,3.09665,,1.5617,2.66187,,3.10856,,5.12598,7.90934,,,66.47471,135.22012,,46.88962,2.99924,291.4283,2.63613,4.42403,10.92028,,6.65017,8.76377,,1.02042,,14.27448,,10.5974,,7.99814,3.33519,6.81951,31.37625,,38.8507,46.89864,6.67318,61.45926,38.31891,,,1.73269,5.56462,6.14383,,18.83341,1.95716,3.214,2.40959,1.77411,0.31327,,,1.06919,,,,,9.16842,17.80853,2.46232,0.42865,10.4388,2.20631,,19.62909,,,2.35847,,4.59752,,,11.01131,2.03264,3.1693,55.98629,,,3.96947,,,18.49847,1.08455,1.80915,,,,,5.00087,1.52305,,3.44122,0.8911,2.57068,,10.43753,,,,1.65475,,,4.82545,,,
2007,7.9649,,,126.74603,22.94526,,7.81049,0.37197,2.93556,,,4.32758,2.83022,7.73879,2.64235,9.15504,10.87554,1.39657,7.41864,,14.62708,2.52808,14.89516,115.67068,0.49662,13.20492,48.48616,32.67076,32.83522,,3.19465,5.07598,1.08875,1.6248,5.59407,14.82883,1.66732,,,1.67895,189.30913,103.08123,,0.18419,,59.10543,104.37274,1.84635,,125.38104,2.16989,,2.56108,,0.44195,,1.42702,4.61746,,1.98248,,2.52238,,,1.03601,5.09329,6.54199,7.9558,,,,5.2581,,1.25292,19.68195,17.27502,,6.30523,1.55578,0.89393,1.11081,10.11794,1.0395,,15.66295,3.85404,1.62703,,5.87026,,,,1.70626,2.4278,,3.30612,,4.56094,7.27608,,,88.43446,132.98663,,,3.12447,,2.91724,5.23127,10.6973,,6.7903,7.29808,34.00997,1.04474,,11.32855,,10.3135,0.73694,6.7118,3.88153,4.15744,28.74663,,37.15716,49.0108,6.56367,,40.82834,,,1.7846,5.51779,6.41278,,16.78277,1.98384,3.00025,2.53883,,,,,1.20296,,,,3.50995,8.7506,17.94302,2.24403,0.43847,9.71942,2.82823,,17.17761,10.48252,,2.44582,,4.87118,,,10.9245,1.968,3.42122,,,,3.68042,,,15.84859,1.04991,1.87625,,,,,4.96402,1.53762,9.32982,,0.90411,2.82901,,11.11218,,,,1.80866,,,3.97746,,,
2008,5.90404,,,280.50266,23.16781,264.61874,7.88483,0.40636,3.83543,,,4.11528,4.1687,7.85133,2.51139,9.0657,9.03609,1.29608,7.41724,,14.13558,5.34809,15.52587,110.82418,0.47166,,52.15165,30.91254,24.09933,21.14336,3.16655,4.77675,1.1803,1.67507,5.90909,14.34761,1.4588,,,1.70073,,52.74593,,0.17969,,39.14474,95.25469,2.31136,,110.62523,2.19169,,,1.92241,0.48982,,1.30828,5.01267,1.61959,2.15124,,2.18136,,,0.94764,5.91082,4.81573,7.19525,,,,,,,20.73065,13.35508,2.42713,6.23812,1.63854,0.79631,1.08216,10.11279,0.97715,,14.48743,4.17742,1.63957,9.99071,5.5089,,,,1.59002,2.21868,58.87854,3.47711,,4.26007,7.21232,,,46.72746,108.5,,,3.25735,229.86668,3.17603,5.41898,10.18068,,10.46625,6.84795,41.85701,1.01775,,8.84617,8.22311,10.65295,,27.76521,5.15185,2.6609,29.72928,112.85714,33.65155,,6.10907,45.9087,34.15852,,,1.38543,5.28989,7.06606,,16.8213,2.01405,3.20161,2.722,,0.33026,,,1.25687,,,,3.26178,8.66824,17.15937,2.07181,0.47208,9.54333,3.51551,,13.65933,9.5402,,2.43573,85.62971,4.77851,,,11.37807,1.97471,3.44201,,,,3.53562,12550.0,21.89848,,1.06359,2.81961,,,,,5.05501,1.59603,,3.64773,1.11142,2.74334,,10.52008,,0.7633,,2.20123,,,4.22588,,,
2009,11.79889,5.80629,,,24.20631,,7.73329,0.38055,3.79818,66.13686,,4.08608,5.70788,7.48149,2.50272,6.10026,7.60846,1.22299,7.63555,,11.6025,5.04651,13.118,84.34196,0.51768,9.59183,51.08643,38.82893,18.81286,18.10471,3.24824,4.81964,1.24092,1.7356,5.93137,12.52597,1.25858,51.90816,,1.75961,126.90972,40.17344,,0.20111,,,83.28101,2.48279,,94.0357,2.25781,,1.96172,,0.4935,8.89947,1.33351,5.43374,1.27906,2.42405,,2.46134,,,0.9876,8.68487,4.53124,6.74615,,,,,9.50717,1.39777,23.77575,13.08044,,6.62813,1.82414,0.75303,1.1138,10.11318,1.18578,,15.56042,3.96309,1.82748,9.60607,5.62796,,,8.3026,1.67541,2.259,,3.68668,,3.71549,6.91807,,,44.77453,119.52444,,,3.54057,,3.43223,5.43308,9.95486,,9.43231,6.3231,,1.02623,,8.66509,7.40118,10.90841,,22.68857,5.4487,2.7305,29.99198,96.42857,28.71947,,5.97869,,26.44326,,,1.82505,5.63671,8.71851,,13.41724,2.0469,2.85796,2.7151,,0.37938,,,1.32451,,0.36646,,3.26814,9.34484,18.35987,2.09626,0.50539,8.50897,4.17386,,12.9754,9.42419,,2.57057,,5.18879,106.13809,,11.94685,2.1095,3.53145,,,,3.40028,,20.68502,,1.09646,3.28544,,20.26459,,,5.07339,1.50191,,3.58256,1.17622,2.85807,,9.6632,,0.78118,30.4466,2.46852,,,4.18464,,,
2010,21.75168,,,,19.24862,,7.75355,0.39033,4.36842,55.50811,,3.75941,7.99362,6.33909,2.57349,4.49518,7.69702,,7.77102,,11.40631,6.04542,12.97381,91.8107,0.51594,9.88513,57.80208,39.7746,19.27481,19.608,3.27862,4.67698,1.21164,1.8699,6.56197,10.1972,,,,1.8013,142.3587,36.50132,,0.28677,,,84.23246,2.59336,,93.50075,2.29666,,1.99844,,0.52729,8.77975,1.34883,5.78063,0.93629,2.47906,,2.55762,,,0.99379,7.78415,,6.82401,33.81251,,,4.50843,,1.38694,11.49068,12.46818,2.32409,6.23304,2.01602,0.75105,0.99609,10.27361,1.17448,,15.39695,3.83668,2.05528,8.03073,6.29757,,5.18914,,1.91434,2.12188,,3.61521,,3.22762,6.45953,2.3472,,61.38654,123.32953,6.32947,,4.23896,136.16238,4.51768,5.93372,9.57554,,11.62748,5.87898,,0.98398,,8.36257,7.65562,11.19586,,20.72708,5.86687,2.10534,28.60329,98.42492,24.67306,32.67244,5.58442,,26.51223,3.7659,,1.94334,6.18756,7.26762,,13.12395,2.08783,,2.68977,,0.42803,,,1.29887,,,,3.75462,8.5051,19.66368,2.51127,,7.93443,5.21329,,13.71524,8.76097,,2.53636,85.78898,5.45645,75.70293,,13.05055,2.12841,3.51035,,,,2.74891,4212.103,19.78436,8.83923,1.12393,4.30391,,20.07108,,,5.27968,1.2898,7.88889,3.54336,1.33635,3.21121,,8.42053,,,,2.34138,,,3.39069,,,27.27247
2011,8.55397,9.68886,6.88753,,18.76693,,7.27397,0.35357,4.98204,60.02345,,3.75728,10.56499,,2.68595,4.68013,6.71149,1.14236,8.3043,9.97403,10.67146,6.88451,12.18974,93.58044,0.52867,10.00242,51.6845,34.70344,17.88405,15.61274,3.16723,4.66017,1.23606,2.02949,14.70048,10.0132,1.32103,40.58571,,1.75298,104.78872,32.95627,1.37435,0.35875,,,84.48278,2.69153,,64.59888,2.38121,,2.01984,,0.6758,,1.4243,6.19094,1.10261,2.52826,,2.66841,,,1.15563,7.50058,3.58548,6.98857,24.3201,,,4.45271,,1.0816,21.02551,11.60228,,6.12787,2.12167,0.69347,0.75961,10.45355,1.2329,,14.35274,3.87145,2.24713,6.9254,6.45867,,5.31666,,2.17453,1.90022,,3.49974,,3.28649,6.03543,,,45.53289,100.05005,6.77282,,5.44803,,5.8161,6.01609,8.65423,,13.73605,5.63646,,0.93984,,,8.85575,10.92179,1.08887,18.66843,6.06366,1.91492,26.20078,,21.78252,29.80319,5.70448,,26.06988,3.7576,,1.74506,6.73068,7.72556,,11.30865,2.09893,2.53633,2.40317,,0.39394,,,1.29941,,0.23674,,,8.36676,18.39977,3.25965,0.59768,7.6788,5.58454,1.48618,10.17832,8.72015,,1.87898,89.05726,5.74501,,,14.51882,2.40246,3.70179,49.79749,,219.6027,3.08047,,21.68455,8.13923,1.06169,4.58515,,,,,5.36199,1.21701,,3.8895,1.44389,3.12998,,8.33927,,,,2.30474,,,5.09763,,11.06504,31.48865
2012,8.30097,,,,15.16122,274.3328,6.89855,0.30414,5.86884,32.90491,,3.77722,9.08585,7.69818,2.80317,4.10182,6.05778,1.12885,8.8032,10.25126,10.33585,7.05104,9.85176,113.25075,0.53195,,42.55736,47.33004,9.59907,16.70084,3.11991,4.37963,1.1185,2.07716,,8.68091,1.33385,34.12568,41.80437,1.65364,101.52266,35.8578,1.3844,0.44772,,,84.8841,2.75728,,,2.13906,0.86383,2.05055,2.30335,0.73413,,1.56379,6.59966,0.85709,2.66497,,2.80212,,,1.06668,9.93065,3.52661,7.04756,25.13241,,,5.13829,,1.18568,18.99437,11.45886,2.41218,5.43788,2.07288,0.58388,0.66675,9.63553,1.17826,,14.32577,3.96488,2.48864,5.67691,5.65384,,5.149,,2.19136,,,3.36197,,3.45174,5.98213,1.71141,,66.79606,97.696,6.06903,11.47728,6.85544,126.75226,6.58466,7.03649,7.34952,,13.68936,5.45131,,0.89231,18.97719,7.10155,6.92611,11.20284,1.11285,17.41952,5.92402,1.43435,22.81762,,18.50226,,5.49054,,20.36978,,,1.88557,6.93522,,,,2.07318,2.08941,2.51479,,0.37293,,,1.29822,0.25399,,,,9.33129,20.32258,4.50435,0.63727,8.62239,5.5282,1.50789,9.68383,8.60988,,2.18362,143.7389,5.37849,37.73604,,14.91381,2.3811,3.95757,,4.69588,478.2225,2.87932,,,7.18584,1.08301,4.3995,,,,,5.3349,1.06474,3.52792,4.1185,1.55673,2.911,,7.48895,,,,2.36159,,,,0.65344,8.82371,17.81079
2013,19.38575,,4.82332,,12.72776,228.57713,6.56291,0.27059,6.2037,,,3.76215,11.89353,6.48317,2.59201,3.63555,5.98275,,8.76165,12.48373,9.56056,6.78719,9.85225,133.09676,0.52401,,40.05019,43.06233,6.90509,,3.007,4.36657,1.10194,2.10914,5.5712,6.90062,1.88559,33.05336,,1.58009,97.22981,33.04497,1.39298,0.58516,1.74536,,82.31708,2.94517,4.33668,,1.81813,,1.68494,2.26543,0.81634,,1.52896,6.44848,,2.68414,,3.29078,,,1.19981,6.37078,3.03337,6.23951,,,,5.14766,,0.9496,,10.72427,2.22858,5.18539,2.46307,0.61414,0.68013,8.21541,1.13319,,14.87912,3.72287,2.6892,5.38764,,0.8657,6.93229,,2.07731,,,3.40696,,3.52731,5.49996,,,41.03955,,5.41277,12.10619,7.53222,,6.73467,7.86686,5.7012,,15.34817,4.45859,,0.85069,,6.50588,8.08109,15.1362,,17.01275,5.1726,1.45541,21.39512,,17.41941,,5.35944,,,,,,7.10629,6.74295,2.10943,10.93281,2.12586,2.10645,,,0.35353,4.03054,,1.22373,0.28168,,,,10.40515,23.32183,5.26795,0.68336,8.64848,5.52857,1.5428,8.42926,,,2.11192,,5.30109,,,15.84792,2.67739,4.13586,34.93811,,198.5907,3.80416,,,7.0093,1.09131,5.30506,,,,,5.05891,0.91078,3.78697,,1.92831,2.66868,0.38026,7.83933,,,,2.48862,,,,0.68661,,17.77263
2014,17.59342,7.46959,,,11.75453,285.535,6.59032,0.25451,6.62658,,,3.94115,16.69991,5.65653,2.60203,3.94024,6.18527,2.57162,8.65453,13.23271,9.36509,6.7821,9.53732,146.84116,0.55968,,30.82835,,6.22197,,3.01563,4.26082,1.09423,1.83657,6.03907,7.16364,,,,1.56962,107.24864,23.68969,1.33962,0.72777,,,77.32227,2.95476,4.07073,,1.81448,0.9557,1.66148,,0.94014,13.78578,1.66631,6.98428,0.81838,2.88748,,3.44412,,,1.27812,7.74687,3.0074,6.44994,,,,5.31608,,1.00558,,11.15922,2.26416,5.32088,2.90397,0.61198,0.71635,7.55627,1.08481,,13.74482,3.73624,2.96222,,,0.87771,9.21057,,3.12338,,12.00109,3.31839,18.58284,2.55828,6.09844,,,32.87712,116.72117,5.426,12.50692,7.98624,,6.71487,7.02212,5.37681,,18.1739,3.88333,39.3387,0.83586,,6.31258,9.33373,9.77663,,16.05637,5.48249,1.35503,,,18.30956,,5.54365,10.12808,,,,,6.93361,7.79406,1.95637,10.96961,2.12477,2.30938,2.58883,,0.37314,,,1.35127,0.31638,,,,11.97728,18.22527,5.65912,0.79947,8.09144,5.62678,1.84314,8.53748,,,1.97484,,5.79475,39.55267,,16.203,2.76511,4.09492,,50.40128,93.42748,4.00522,,14.85658,7.80487,1.1091,6.17675,107.05278,,,,5.45885,0.82583,,3.33458,2.32662,2.62891,0.39721,10.02833,33.40043,,,2.2091,,,,0.80797,,
2015,19.13029,,6.16147,,11.98914,269.601,6.95745,0.25456,7.17581,,0.65917,4.09355,19.57826,5.00401,2.6788,4.85174,6.50738,,8.72375,13.99286,10.21196,6.05761,9.43624,175.21365,0.60842,,31.80273,,5.32637,,3.19469,4.32663,1.09912,1.88763,6.0139,6.96223,,,,1.57632,,24.6159,1.43041,0.88376,,,68.70542,3.16575,3.9339,,1.60829,0.87292,1.58754,2.40446,0.93146,15.42703,1.78362,7.84721,,3.0873,,3.58391,,,1.35094,6.95035,3.20404,,,,,,5.25543,0.86012,,12.19269,2.36756,5.46,3.4586,0.63673,0.80443,7.02383,1.06483,,13.91335,3.60553,3.33827,5.73395,7.23457,0.79521,11.88517,3.27297,3.56254,2.43289,13.09456,3.30052,18.6959,2.71095,6.81625,,,30.4622,133.92995,5.67948,12.90366,8.03636,145.86916,6.75407,8.70851,5.12843,,17.98051,3.82304,,0.85748,,7.44658,10.56169,8.89642,,17.25021,5.41954,1.45223,23.71785,,19.72523,,4.97286,10.68867,12.54207,,,1.80681,6.99733,9.1078,1.95533,12.06425,2.20566,2.57644,2.43997,,0.38451,,,1.43297,0.2904,0.28547,3.62281,,12.42546,19.7069,5.9632,0.87086,6.38688,5.64606,1.95151,8.56737,,,2.23634,,5.71931,27.47175,,17.09155,3.18732,4.06137,,48.93399,40.18973,4.99307,53.5456,15.11545,8.66044,,6.9787,,,,,5.85762,0.7531,3.74109,,3.84011,2.73795,0.41378,10.71697,33.06832,,42.42818,2.75826,,,,0.86727,,12.69166
2016,20.12196,,6.15501,,11.82632,257.64932,7.34535,0.24814,7.23323,,0.69614,4.22105,21.26441,7.6174,2.7857,5.35355,6.06857,2.30999,9.04684,14.28842,11.4131,5.80356,8.4217,,0.62498,,32.00693,,5.9791,,3.17834,4.55017,1.1128,1.97523,6.51154,9.65854,2.19642,,,1.5654,,27.0842,1.49451,0.93882,,,63.03686,3.36942,3.88213,,1.61263,0.77696,1.5216,,1.12917,19.69042,1.93815,7.87149,,3.42576,,3.67007,,,1.44562,6.61347,3.30963,,,,,5.03348,5.60574,,,12.42851,2.3186,5.69607,3.93976,0.62713,0.94716,6.73949,1.21363,,14.31507,3.7478,3.70393,,7.86413,0.82348,14.46805,2.61208,4.59551,,,3.2918,19.3182,5.13454,7.33026,,,26.84055,132.86798,6.51608,,7.99992,152.27228,6.6543,8.29775,4.88709,48.88168,19.61253,3.75989,,0.78224,,,,7.69117,,19.34605,6.24191,1.39848,24.51914,,20.18211,,4.87151,9.84335,10.81114,,,2.03547,6.80012,13.70053,2.06282,12.61967,2.31801,2.83364,2.46641,1.5251,0.4025,,,1.51442,0.35998,,3.7579,,13.42568,22.12411,6.34328,0.92698,5.69404,5.5631,,8.36793,,,2.34134,,5.97353,,,19.11005,3.58224,4.06383,,,41.27001,6.70392,,,7.06074,1.28557,8.40885,,,,,7.02916,0.68094,3.95985,,4.58192,2.69707,0.43674,12.3863,,,43.02897,3.58299,,,,0.96364,,
2017,,,,,12.55423,246.82637,5.87137,0.26815,5.61905,,0.79829,4.49097,20.75379,7.82254,2.85418,5.89193,5.84846,2.10365,10.03806,13.81323,15.09851,5.35449,8.71927,242.8581,0.68021,,28.80026,,5.1899,,3.05391,4.78507,1.27003,2.10385,6.38598,9.45817,,27.84175,,1.86137,,27.463,1.54594,0.91135,,,54.03172,3.74079,3.97887,,1.70285,0.79615,1.66325,,1.19333,,2.07083,8.21351,,3.71195,,3.74854,,,1.50334,7.8525,3.35632,,,,,5.16521,5.7566,,,12.18684,2.06374,5.87006,4.32004,0.61115,1.02801,6.69895,1.30629,,14.70623,3.94333,4.07511,,8.83242,0.82457,13.54336,2.69288,4.93513,2.90634,,3.36239,19.7193,4.57997,8.12212,,,25.84867,129.81078,7.26115,13.54955,8.28799,156.15527,6.41161,10.69765,5.07858,49.84852,19.5661,3.49292,20.25121,0.77295,,8.91258,,7.40309,,20.20163,6.73265,1.50809,25.33826,,22.1986,,5.10904,9.12801,9.23485,,,2.11208,6.23891,17.33806,1.78746,13.42766,2.42635,2.77488,,1.66399,0.48414,,,1.62305,,,4.07012,,11.96744,21.04774,6.77893,0.9703,5.89757,5.01297,,7.91446,,,2.36094,,6.18554,,,20.79802,4.17826,3.88097,,46.57071,36.97549,,,,6.92514,,7.44754,,,,,7.92589,0.63469,,,4.67181,3.0257,0.45687,12.44736,,,,,,42.44401,,0.96593,,
2018,,8.28117,,,14.23028,245.04723,,0.26756,6.37907,,0.83766,5.02789,22.0265,8.65186,3.08024,5.78129,5.60565,1.5976,10.61144,12.96032,16.18888,5.84422,8.66362,224.7189,0.80167,,25.1088,38.37479,,,2.98571,5.37926,1.3286,2.22022,,8.33638,,,,2.07117,,31.70383,1.74154,0.84668,,,56.18303,3.74817,3.91897,,1.9125,,1.8648,3.09032,1.2139,,2.06305,8.09512,,3.84661,,3.80934,,,1.59157,7.04447,3.69379,,,,,5.0998,5.37649,,,12.26099,1.98885,5.92093,4.54247,0.64475,1.10568,6.47999,1.57359,,18.52019,4.34062,4.01894,,8.35432,0.83129,13.94185,,5.88978,3.02124,,3.29793,21.23043,6.27419,7.90173,,,38.24448,127.68088,8.15689,14.17614,8.79913,164.49605,6.3843,8.19617,5.00948,39.25474,23.99773,3.24021,,0.73731,,9.49378,,7.37237,1.14826,21.8661,7.72537,1.48287,27.46534,,20.23289,,4.87327,9.25267,8.04372,,,1.9727,5.96617,20.27279,1.88288,13.62262,2.53607,3.08652,,,0.63423,,,1.76672,0.38901,0.25994,4.23359,,12.85771,26.80115,6.96746,0.99698,6.65793,4.77821,,7.53635,,,2.36633,128.50998,6.12462,,,21.77225,4.17861,3.70612,,,49.25873,,,,7.24053,,,,,,,8.78912,0.62672,,,4.86675,3.19775,0.45524,14.13196,,,103.37373,,,41.84579,,1.02249,,
2019,,,,,7.97883,236.5945,4.5166,0.27633,6.99551,,0.78694,5.25396,20.24628,,3.19438,6.50032,5.31213,1.20548,10.80706,11.16157,16.93939,6.17734,8.88769,,0.91832,,18.59511,,5.12748,,2.85329,5.57231,1.37636,2.25568,6.63033,7.67607,,,,2.21578,,,1.71983,0.87533,,,52.10226,3.72324,3.72266,,1.89396,,1.98343,3.11269,,,2.06611,7.95273,,3.8384,3.44519,3.84293,,,1.50737,6.47195,3.49564,,,,,4.98578,,0.83008,,12.17503,2.05775,6.20846,4.60941,,1.3164,6.68647,1.77001,,14.78914,4.33604,4.13616,,8.98281,0.83174,13.04244,3.13145,5.95772,3.13846,,3.34623,20.5236,8.18088,7.69023,,,35.07197,129.41881,8.83655,,9.36633,170.4618,6.19674,8.21415,5.06311,52.34515,20.72201,3.13516,21.89947,0.72662,11.39812,9.49552,,7.42977,,23.13902,8.52069,,23.91551,,19.09973,,4.97705,7.49672,9.32189,,,,5.96498,21.30647,2.04285,13.27371,2.63885,2.31075,,,0.70523,,,1.78603,,,5.79277,,13.30724,24.57896,5.85461,0.92978,7.76692,4.05935,,7.73429,,,2.38579,1125.6918,5.48474,,,15.70882,5.98639,3.76677,,,49.71647,,,,6.81898,,,96.55735,,,,9.08087,0.60692,,,4.84215,3.48404,0.54371,14.59253,,,64.17229,6.38516,,42.92948,,1.07923,,
2020,,7.72899,,,9.02751,247.49716,4.97146,0.28842,5.63356,,0.83008,5.71265,18.04238,,3.29526,7.01164,5.0322,1.42235,11.23784,10.91064,18.33002,6.39432,8.96476,,0.9943,,22.8703,44.02602,4.65327,,2.88618,5.83173,1.50709,2.20816,7.11633,7.75202,2.89425,,,2.41587,,,,1.05718,,,48.86651,3.83097,3.76501,,1.96177,0.75531,2.07809,2.69423,1.48868,,2.20567,8.35189,,3.71605,,3.96145,,,1.46618,6.17054,3.49191,,,,,5.04083,,,,12.12061,,6.20676,4.81543,,1.43562,6.41288,2.15797,,14.29812,4.78976,4.16162,,9.40028,0.84619,10.80152,,5.87634,,,3.41028,18.95224,10.02068,8.42878,,,34.43268,127.3171,9.13949,,9.76704,170.78278,6.66276,7.61501,5.33591,54.20445,25.40596,3.16009,,0.70776,,10.35996,,7.12188,,22.91043,,,25.03488,,18.39059,,4.78352,6.39282,,,,2.07432,5.41363,22.3702,2.01435,12.99186,2.7495,2.33917,2.84426,,0.77579,,,1.91047,,,4.69871,,13.91927,22.01123,5.80564,1.42979,6.98985,3.68145,,7.63675,,,2.34825,119.21884,6.3259,,,22.3736,4.23518,3.33338,,,68.68459,,,29.3683,6.38103,1.64462,,106.49721,,33.15453,,9.34798,0.64307,,,4.55811,3.62712,0.57977,21.85901,,,60.21354,,,32.7114,,1.12771,,
2021,,,,,11.46407,254.21532,,0.27102,5.23212,,0.77958,5.81355,17.72281,,3.16769,7.78391,4.24492,,11.30111,10.1304,18.20609,7.10255,9.66744,,0.93539,,,38.02256,4.68494,,2.69331,5.63755,1.43606,1.93019,6.95642,7.61273,,,,2.3708,,,,1.01123,,,49.9679,3.74746,3.76274,,1.87915,0.74396,2.16536,,,,2.08594,8.29616,,3.34018,,3.76061,,,1.32179,5.6803,3.52462,,,,,4.81185,,,,12.15081,,6.49555,4.78859,,1.32731,6.35149,2.41942,,12.5576,4.60418,4.04632,,9.35581,0.75772,,,5.69236,3.7351,,3.0659,19.77822,,8.86586,,,,124.46193,8.27285,,9.44336,170.74782,6.84698,6.4247,5.56349,44.32901,24.98087,,,0.66264,,10.65647,,6.34918,,23.3012,,,,,15.88249,,4.20225,,,,,1.85875,4.77928,19.0497,1.75623,14.08156,2.59802,2.41513,2.537,,0.72127,,,2.02794,,,4.66592,,14.55193,19.01073,6.12854,1.55216,,3.1723,,7.25897,,,2.49934,52.33946,6.3592,,22.76007,22.09701,3.69126,2.86006,,,54.53021,,,,,,,88.14886,,,,9.78813,0.63402,3.62314,,5.15474,2.96718,0.56616,22.10691,,,49.74477,5.23261,,31.36785,,1.09287,,
2022,,,,,11.96262,112.83862,,0.31443,5.69658,,0.8155,6.01089,18.62885,,3.19572,7.93024,4.10999,1.67705,8.88345,9.05249,19.18997,8.1236,9.88999,,0.89399,,,39.13592,4.60363,,2.85684,5.71645,1.59604,1.84164,6.54299,7.9433,,,,2.51151,,,,,,,48.27673,3.54668,3.75412,,1.93683,1.00395,2.33021,3.29377,1.97467,,2.20147,7.95988,,2.96974,,3.93684,,,1.32769,5.42866,3.51455,,,,,4.40915,,,,13.14593,,6.23679,4.72046,0.67411,1.53299,6.87372,2.56575,,12.24472,4.61188,4.02983,,9.13239,0.80391,,,6.05764,3.60317,,3.09755,,,9.96859,,,33.48496,,7.79752,,7.88363,172.51662,6.47672,5.25393,5.4962,45.10595,23.88666,2.99775,,0.72976,22.63286,10.13051,,5.96161,,24.06571,10.68992,,,,14.0926,,4.282,5.2521,,,,,4.75342,20.63507,1.86984,,2.67923,3.53999,2.6765,,,,,1.82005,,,4.28289,,13.94849,14.88241,5.70327,1.58567,7.16524,2.8158,,6.92088,,,2.55666,53.13404,5.98462,,31.67621,21.60162,3.72018,2.94958,,75.86443,54.53055,,38.65118,,,1.4761,,68.67582,,,,9.11607,0.72704,2.55767,,,3.13213,0.64404,,,,42.51969,4.62503,,31.22322,,1.03503,,
