Date,AFG,AGO,ALB,ARE,ARG,ARM,AUS,AUT,AZE,BDI,BEL,BEN,BFA,BGD,BGR,BHR,BHS,BIH,BLR,BLZ,BOL,BRA,BRB,BRN,BTN,BWA,CAF,CAN,CHE,CHL,CHN,CIV,CMR,COD,COG,COL,COM,CPV,CRI,CUB,CYP,CZE,DEU,DJI,DNK,DOM,DZA,ECU,EGY,ERI,ESP,EST,ETH,FIN,FJI,FRA,GAB,GBR,GEO,GHA,GIN,GMB,GNB,GNQ,GRC,GTM,GUM,GUY,HKG,HND,HRV,HTI,HUN,IDN,IND,IRL,IRN,IRQ,ISL,ISR,ITA,JAM,JOR,JPN,KAZ,KEN,KGZ,KHM,KOR,KWT,LAO,LBN,LBR,LBY,LCA,LKA,LSO,LTU,LUX,LVA,MAC,MAR,MDA,MDG,MDV,MEX,MKD,MLI,MLT,MMR,MNE,MNG,MOZ,MRT,MUS,MWI,MYS,NAM,NCL,NER,NGA,NIC,NLD,NOR,NPL,NZL,OMN,OWID_CIS,OWID_WRL,PAK,PAN,PER,PHL,PNG,POL,PRI,PRK,PRT,PRY,PSE,PYF,QAT,ROU,RUS,RWA,SAU,SDN,SEN,SGP,SLB,SLE,SLV,SOM,SRB,SSD,STP,SUR,SVK,SVN,SWE,SWZ,SYR,TCD,TGO,THA,TJK,TKM,TLS,TON,TTO,TUN,TUR,TZA,UGA,UKR,URY,USA,UZB,VCT,VEN,VIR,VNM,VUT,WSM,YEM,ZAF,ZMB,ZWE
1991,10.58,18.871,10.271,2.239,5.755,2.345,9.164,3.544,0.971,2.349,10.658,0.62,2.602,2.082,10.928,4.112,12.099,21.111,0.453,14.367,2.723,8.91,25.041,6.795,1.388,17.033,5.885,9.687,2.691,5.7,2.062,6.711,7.179,2.496,21.215,13.728,5.129,13.766,7.073,13.379,4.437,2.065,6.538,36.536,10.016,11.837,16.574,5.915,21.089,5.607,23.32,1.527,3.416,5.031,5.878,11.632,15.579,7.411,2.549,3.517,3.531,12.577,2.707,7.889,12.966,3.322,3.379,15.393,1.589,5.397,11.169,8.578,7.648,2.981,7.774,16.584,24.598,7.391,2.888,16.415,15.783,8.214,32.108,2.225,1.04,2.974,1.054,0.952,1.985,1.832,2.5,10.557,2.635,25.523,22.607,22.903,17.553,1.085,2.122,2.514,3.741,12.992,1.531,6.224,1.419,4.354,30.837,1.332,6.567,0.969,35.418,6.561,1.624,12.943,13.644,5.773,4.424,18.611,21.333,1.062,3.765,8.18,9.72,4.978,12.205,9.77,8.046,6.806,5.122196,0.323,9.073,5.003,4.047,1.758,15.094,12.973,2.541,5.642,4.698,8.038,13.246,3.924,7.79,5.056,13.182,5.03,23.581,3.108,2.186,1.73,3.178,6.432,24.931,16.029,13.532,17.372,23.316,11.795,5.944,2.949,22.227,13.882,0.279,4.027,3.446,1.845,0.815,4.291,1.984,23.322,17.383,7.122,4.373,4.279,1.671,11.654,6.356,2.392,22.159,9.32,13.451,1.881,10.55,2.561,3.9,26.803,22.21,2.884
1992,10.515,19.004,27.073,2.307,6.718,2.365,9.935,3.771,1.942,2.332,9.51,0.578,2.637,2.068,15.063,3.818,15.87,22.055,2.338,14.316,2.797,9.107,25.68,6.72,1.398,19.11,6.014,10.189,2.984,5.34,2.061,6.802,7.225,2.562,21.219,13.309,4.853,13.68,5.302,14.206,2.238,3.052,8.246,36.951,9.862,11.437,20.618,5.866,17.064,5.775,25.275,3.463,3.529,9.645,5.902,12.849,15.964,7.439,5.099,5.617,3.547,12.712,2.758,8.102,14.888,3.273,3.695,15.17,1.891,2.934,11.025,8.642,8.748,2.97,7.784,15.293,22.317,7.212,4.898,17.097,13.878,8.413,30.291,2.24,1.156,3.086,1.159,0.929,2.132,1.817,2.714,10.212,2.619,25.778,22.606,22.617,17.498,1.184,2.785,6.146,2.368,13.182,2.981,6.317,1.41,4.173,32.297,1.399,6.563,0.934,35.484,6.77,1.723,13.016,13.555,5.944,4.434,19.154,22.049,1.051,3.726,8.084,7.657,5.074,12.211,9.732,8.235,7.1,5.233142,0.319,8.859,5.12,4.17,1.648,15.131,13.278,2.567,4.778,3.572,8.052,13.406,3.909,7.829,5.167,12.983,4.983,23.529,3.166,3.184,1.633,3.309,7.082,25.164,16.067,13.577,17.544,23.559,11.817,6.182,4.617,22.611,9.943,0.276,4.153,1.49,1.85,0.872,4.323,1.967,23.964,17.08,7.77,4.385,4.387,1.671,12.0,6.999,3.641,21.412,6.925,13.598,1.854,10.508,2.975,3.882,27.066,21.671,2.957
1993,10.379,19.461,22.989,2.439,12.607,7.299,10.004,4.5,4.854,2.299,10.826,0.587,2.564,2.085,16.146,3.478,13.037,22.981,6.407,14.4,2.812,7.437,27.732,6.758,1.427,21.076,6.069,10.674,4.466,5.115,2.34,5.957,7.292,2.613,21.287,11.306,4.898,13.547,4.973,15.103,4.2,5.452,9.332,37.957,11.084,10.807,23.166,5.946,22.394,5.841,28.769,6.64,3.389,14.418,5.964,13.419,16.011,7.77,5.1,6.1,3.526,12.749,2.798,8.239,16.352,3.229,5.147,14.913,1.941,3.07,10.989,8.819,10.431,3.033,7.798,15.817,20.601,7.22,5.602,14.863,14.813,8.229,29.996,2.687,1.283,3.168,1.314,0.912,2.249,1.703,2.735,10.207,2.5,25.972,22.918,21.851,17.621,13.61,3.132,15.55,1.944,13.347,2.98,6.353,1.373,4.006,33.597,1.347,6.558,0.917,35.558,6.771,1.652,12.77,13.627,5.866,4.913,20.069,22.274,1.036,3.938,8.105,7.617,5.155,12.234,8.96,8.063,8.106,5.512641,0.324,8.893,4.889,4.19,1.513,16.101,13.185,2.673,6.284,4.319,8.061,13.472,3.867,8.37,5.823,13.016,5.567,23.141,3.121,3.407,1.615,3.321,6.814,25.097,16.093,13.392,17.322,23.061,11.822,6.409,7.648,23.343,6.428,0.287,4.398,1.833,2.586,0.871,4.346,1.877,23.394,17.378,9.355,4.528,4.32,1.759,11.047,6.568,7.717,21.042,5.679,13.572,1.792,10.929,3.281,3.883,27.008,20.629,2.995
1994,10.31,19.458,18.892,2.392,13.959,8.458,9.37,3.966,6.793,2.31,12.434,0.588,2.707,2.092,12.602,3.813,15.27,23.888,9.648,15.722,2.835,8.284,28.012,6.786,1.41,23.031,6.117,9.793,4.259,6.79,2.522,5.12,7.097,2.583,21.544,12.525,4.893,13.253,5.562,14.436,3.898,5.218,10.325,38.454,9.007,10.727,25.544,5.945,22.842,5.914,31.631,7.932,3.257,14.871,5.85,14.5,16.65,7.407,7.936,6.714,3.49,12.907,2.818,8.373,15.439,3.209,6.911,14.83,1.702,3.202,10.725,9.219,9.415,5.143,7.706,14.678,18.738,7.132,5.543,12.343,15.32,8.363,29.649,2.971,8.714,3.144,1.456,1.201,1.922,1.53,2.635,10.284,2.416,26.322,23.041,20.476,17.669,13.609,4.294,17.415,2.595,13.235,4.668,6.162,1.353,5.002,36.204,1.421,6.554,0.873,35.536,6.604,1.642,12.898,13.628,6.258,4.35,21.128,22.444,1.015,3.975,7.945,8.016,4.699,12.18,7.809,8.148,8.276,5.840757,0.326,8.915,4.627,4.086,1.536,16.459,11.311,2.79,7.776,3.681,8.108,13.715,3.836,8.78,7.95,13.071,6.161,23.198,3.181,3.446,1.594,3.35,6.414,25.72,16.065,13.508,17.252,15.09,14.1,6.947,8.143,23.317,11.806,0.303,4.145,1.623,3.278,2.727,4.359,2.44,22.221,17.422,8.089,4.412,4.289,1.759,12.016,6.052,11.179,20.857,9.556,13.345,1.736,10.686,3.66,3.886,26.701,19.449,2.992
1995,10.31,19.005,14.107,2.367,22.234,9.981,8.111,4.892,7.759,2.295,12.21,0.551,2.664,2.107,10.929,3.862,11.775,24.541,13.346,17.985,2.504,9.07,22.869,6.82,1.404,23.611,6.089,9.113,3.66,5.246,2.609,4.173,6.899,2.503,21.504,11.492,5.005,13.206,6.506,13.634,3.737,4.867,9.638,38.673,8.652,10.947,30.494,5.939,23.746,5.802,30.572,8.859,3.389,16.151,5.911,14.067,16.925,6.937,7.181,7.245,3.456,13.041,2.785,8.436,15.838,3.202,7.057,14.878,2.938,3.391,10.463,8.772,8.768,5.514,7.673,12.05,16.221,7.262,4.904,10.738,16.11,8.357,30.093,3.259,12.686,3.038,1.551,1.175,1.682,1.515,2.6,10.366,2.405,26.374,21.074,19.281,17.849,17.297,4.38,17.695,2.96,13.367,4.265,6.148,1.333,8.862,41.33,1.383,6.551,0.89,35.481,6.373,1.578,12.638,13.703,5.771,3.765,22.949,22.061,1.01,4.053,7.699,8.605,6.328,12.199,6.488,8.24,8.168,6.032979,0.328,8.925,4.811,3.998,1.648,15.15,10.699,2.807,7.793,3.786,8.075,13.67,3.803,8.625,9.197,12.789,6.624,23.099,3.091,3.448,1.623,3.273,5.865,25.451,16.094,13.519,17.158,10.947,13.789,6.843,7.865,23.252,13.994,0.329,3.968,1.343,3.578,4.814,4.304,2.869,20.563,17.711,7.324,4.129,4.012,4.944,13.045,5.671,11.657,20.398,12.602,12.846,1.721,10.739,3.959,4.754,26.224,17.498,3.66
1996,10.374,18.226,12.917,2.398,19.208,14.476,8.24,5.207,8.725,2.295,12.411,0.546,2.586,2.121,12.307,4.158,14.771,25.15,18.401,18.56,2.271,10.725,17.798,6.808,1.394,24.188,6.089,9.287,4.084,10.006,2.713,4.125,6.517,2.412,21.339,15.141,5.106,13.169,8.218,12.816,4.355,4.615,9.597,38.468,8.403,10.981,28.21,5.951,18.56,5.77,29.566,9.224,3.706,15.556,5.877,14.5,17.494,6.34,10.865,7.798,3.468,13.085,2.695,8.526,16.998,3.252,7.301,14.863,2.388,4.416,10.11,8.505,9.08,5.891,7.629,11.743,13.434,7.313,3.45,9.685,16.227,8.732,24.362,3.42,14.968,2.963,1.605,1.162,1.578,1.503,2.45,10.348,2.372,26.141,19.64,17.745,17.747,16.174,4.658,19.281,3.622,12.895,6.356,6.147,1.61,7.085,44.419,1.348,6.546,0.889,35.401,6.278,1.58,12.616,13.337,5.818,2.604,24.362,22.077,1.011,3.954,7.415,8.057,5.345,12.155,6.248,8.318,8.098,6.1250286,0.325,8.916,4.997,3.924,1.723,14.344,11.583,2.825,8.458,8.642,8.09,13.645,3.78,7.347,9.297,12.388,6.959,22.95,3.077,3.874,1.652,3.269,6.471,25.345,15.614,13.492,17.122,16.719,12.68,6.597,8.58,24.593,14.279,0.324,3.64,1.116,4.307,5.973,4.254,3.448,20.932,17.457,5.965,3.84,3.988,7.28,15.637,5.47,15.639,20.248,14.343,13.113,1.699,10.67,4.291,5.602,25.921,15.842,4.307
1997,10.378,18.115,15.733,2.453,17.652,16.708,8.079,5.269,9.8,2.324,11.533,0.507,2.555,2.421,13.486,3.97,11.423,25.768,12.904,20.524,2.034,12.123,18.046,6.919,1.394,23.761,6.06,8.917,3.93,9.598,2.808,4.063,6.496,2.418,21.185,15.341,4.886,13.31,7.321,11.557,4.506,5.773,10.591,38.408,6.45,10.655,26.172,5.955,19.811,5.901,28.027,9.538,4.015,15.175,6.002,14.431,17.978,5.815,10.865,8.298,3.436,12.848,2.665,8.589,16.516,3.234,8.435,14.903,2.076,3.32,10.15,8.119,7.923,5.649,7.674,10.147,14.892,7.16,3.818,10.901,16.387,8.845,23.655,3.368,15.019,3.007,1.635,0.637,2.3,1.485,2.353,10.522,2.279,26.251,24.087,16.438,17.858,13.936,3.644,16.384,2.636,13.349,6.361,6.036,1.888,6.365,40.638,1.34,6.542,0.901,35.46,6.235,1.547,12.623,12.934,5.557,2.835,25.874,21.749,1.013,3.881,7.394,7.09,5.029,12.248,6.861,8.204,7.865,6.2206616,0.331,8.768,4.853,3.908,1.799,12.998,12.15,2.911,7.507,6.794,7.958,13.574,3.827,5.914,11.454,12.003,7.332,22.523,3.012,2.606,1.762,3.295,5.316,24.878,15.966,13.18,17.188,16.206,12.844,6.961,9.688,25.914,14.659,0.347,3.651,0.903,4.476,6.374,4.199,4.09,19.319,17.345,7.805,3.622,4.03,8.401,15.028,5.075,15.617,19.572,13.625,12.945,2.548,10.834,4.614,6.466,25.883,13.311,5.066
1998,10.417,18.331,19.776,2.574,14.038,13.397,7.336,5.574,10.767,2.353,11.701,0.505,2.583,2.727,11.771,3.886,9.911,26.689,10.572,21.538,2.154,13.692,16.56,7.041,1.4,23.728,6.04,7.986,4.085,9.348,2.817,4.19,6.499,2.433,21.193,18.346,4.939,13.347,7.538,9.636,4.139,8.248,10.438,38.134,6.409,10.576,27.333,5.874,19.633,6.031,26.658,8.504,4.483,13.581,6.033,14.12,18.597,5.359,13.728,8.812,3.458,12.724,2.995,8.663,19.034,3.231,6.696,15.055,4.028,4.355,12.084,8.314,8.128,6.119,7.699,7.338,16.429,7.035,3.802,11.21,16.544,9.051,23.019,3.974,15.148,3.031,1.72,0.711,5.645,1.478,2.293,10.429,2.225,26.014,26.353,13.714,17.946,11.86,4.164,13.475,3.314,12.893,8.05,5.971,2.167,5.098,37.549,1.284,6.538,0.91,35.407,6.259,1.605,12.813,12.527,5.798,3.31,24.482,22.017,0.949,3.842,7.493,5.761,4.025,12.259,7.613,8.259,7.501,6.3653855,0.336,8.477,5.138,4.015,1.804,11.816,11.982,3.078,5.668,5.073,7.913,13.478,3.841,5.463,12.954,12.138,7.644,22.59,3.004,3.698,1.881,3.228,5.773,24.767,16.105,13.208,17.135,17.089,12.905,7.487,8.034,26.603,14.992,0.356,3.789,3.396,4.663,7.068,4.214,4.799,18.731,16.873,6.807,3.482,4.255,10.777,12.341,4.623,18.691,19.468,13.304,12.957,2.159,10.824,5.037,7.312,26.041,11.479,4.811
1999,10.439,18.573,20.396,2.669,15.154,14.987,6.662,4.757,11.734,2.329,10.214,0.483,2.739,3.033,14.154,3.833,9.351,27.687,9.671,20.499,2.397,14.683,13.488,7.074,1.648,20.353,6.028,7.292,3.531,13.108,2.825,4.502,6.547,2.457,21.416,23.772,4.865,13.358,7.9,9.905,7.337,10.505,9.236,37.7,5.898,10.547,28.71,6.231,19.111,6.145,22.861,10.131,4.939,12.447,5.983,13.913,19.678,5.152,12.187,10.759,3.472,12.517,3.116,8.739,18.522,3.185,11.989,15.165,5.084,3.792,14.529,8.349,6.246,6.882,7.68,5.619,18.112,6.984,2.787,11.542,16.265,9.021,22.136,4.465,15.519,3.071,1.837,0.731,5.078,1.469,2.155,10.559,2.218,26.025,20.658,13.353,18.205,12.063,3.334,13.359,4.374,13.292,8.967,5.898,2.455,3.671,33.24,1.296,6.534,0.887,35.874,6.228,1.707,12.858,12.293,5.881,3.295,23.047,21.603,0.95,3.899,7.467,4.821,3.234,12.283,6.692,8.331,6.999,6.468537,0.338,8.502,5.063,4.07,1.852,13.17,9.451,3.267,5.066,6.116,7.866,13.364,3.836,5.496,12.896,12.415,8.099,22.684,2.918,5.201,1.913,3.252,4.854,24.772,16.213,13.259,17.045,20.446,16.207,7.479,6.858,27.228,15.006,0.377,3.881,2.942,4.132,7.36,4.234,5.309,16.701,16.579,7.586,3.336,4.293,11.319,13.697,4.342,18.351,19.022,16.481,12.368,2.406,10.901,5.478,8.168,26.154,11.473,4.663
2000,10.483,18.669,18.544,2.715,16.356,14.371,6.07,4.591,12.683,2.331,8.278,0.465,2.918,3.331,15.813,3.704,8.163,28.588,9.244,17.807,2.614,14.229,11.398,7.036,2.327,17.282,5.964,6.695,3.119,12.487,2.834,4.895,6.626,2.466,21.16,25.146,4.715,13.316,6.615,8.442,7.5,10.567,8.271,37.551,4.974,10.71,29.718,6.449,22.844,6.19,20.367,11.609,4.65,11.992,5.987,12.205,20.594,4.863,10.508,10.735,3.538,12.483,3.13,8.725,17.417,3.224,13.095,15.346,4.016,3.897,17.34,9.747,5.82,6.706,7.686,4.267,19.38,7.024,2.618,11.164,14.849,8.958,21.272,4.505,14.696,3.07,1.958,0.754,3.231,1.68,2.046,10.386,2.257,25.791,21.34,11.465,18.212,13.607,3.139,13.373,4.672,13.016,7.298,5.877,2.763,3.377,34.824,1.339,6.531,0.846,35.774,6.251,1.899,12.835,11.866,5.924,3.058,21.656,21.211,0.971,3.868,7.465,3.44,3.277,12.245,5.978,8.283,6.367,6.292637,0.334,8.465,5.019,4.089,1.843,16.667,7.412,3.258,4.728,8.935,8.037,13.216,3.841,6.345,10.368,12.515,9.3,23.022,2.901,3.458,2.118,3.169,3.737,24.551,14.822,13.479,17.057,19.683,18.404,7.064,5.0,27.873,19.865,0.404,4.11,2.335,3.552,6.765,4.25,5.891,15.075,16.108,6.269,3.169,4.366,11.195,15.897,4.101,16.694,18.789,14.605,11.847,2.144,10.86,5.776,9.183,26.044,11.387,4.635
2001,10.508,18.686,18.94,3.633,17.191,13.777,6.451,4.127,11.494,2.345,6.922,0.441,3.028,3.822,18.858,3.767,7.035,29.711,8.786,15.478,2.877,13.774,11.816,7.018,2.945,22.154,6.142,6.855,3.459,11.936,3.303,5.241,6.695,2.47,21.163,19.467,4.692,13.502,7.636,5.819,5.919,9.878,7.78,37.42,4.782,11.303,27.755,5.262,21.838,6.393,15.059,13.236,4.222,10.758,5.987,10.517,21.251,4.116,10.66,9.88,3.538,12.37,2.804,8.977,16.372,3.369,11.228,15.223,3.866,4.08,17.905,11.198,4.908,7.374,7.711,3.551,20.79,7.161,2.237,12.013,13.036,8.829,20.598,4.735,12.02,3.063,2.056,0.787,2.995,1.667,1.883,10.214,2.315,25.721,22.904,11.422,18.125,14.098,2.167,12.46,4.401,12.505,6.026,5.401,4.053,3.383,32.02,1.274,8.065,0.82,35.908,6.241,1.993,12.942,11.688,6.103,3.788,22.782,20.548,0.993,3.819,7.5,2.504,3.613,12.187,5.382,8.186,5.868,6.3327866,0.332,8.521,5.109,4.016,1.77,20.093,9.19,3.298,4.951,7.227,10.085,13.305,3.836,5.98,8.597,12.538,9.159,22.983,2.932,3.887,2.276,3.221,5.215,24.683,14.962,13.441,23.036,18.603,18.596,6.016,4.397,28.526,25.321,0.414,4.064,2.491,2.942,6.293,4.113,6.406,14.38,15.565,7.472,2.963,4.357,10.603,19.842,4.651,15.057,18.588,14.108,11.945,3.259,11.037,6.053,10.24,25.899,11.921,4.567
2002,10.483,18.453,18.269,4.567,18.823,13.129,6.173,4.53,10.362,2.356,7.798,0.427,3.191,4.327,17.359,3.806,9.634,30.745,8.262,15.179,2.948,13.705,12.209,7.053,2.729,24.456,6.207,7.123,3.097,11.812,3.684,5.544,6.186,2.42,20.942,18.178,4.683,13.618,7.882,4.673,4.306,9.031,8.214,37.368,4.318,10.184,27.0,5.569,24.078,6.456,16.063,8.677,4.055,10.171,6.087,9.803,21.448,4.365,11.033,8.973,3.505,12.861,2.826,9.077,15.861,3.37,9.613,15.253,5.905,4.801,17.32,12.641,5.098,7.848,7.8,3.75,21.852,7.397,2.649,12.741,12.612,8.801,22.111,5.118,11.17,3.102,2.177,0.868,2.488,2.305,1.777,9.953,2.337,25.647,24.206,13.03,18.128,12.784,3.63,12.757,4.466,12.547,5.592,6.14,5.283,3.829,32.297,1.297,8.306,0.817,35.522,6.2,2.125,13.007,11.747,6.13,3.777,23.736,20.089,1.388,3.607,7.781,2.878,4.094,12.31,5.469,8.214,6.009,6.5259953,0.334,8.443,4.914,3.931,1.74,21.252,10.317,3.253,5.312,11.83,12.847,13.35,3.841,7.578,7.599,12.263,11.637,22.924,3.061,5.784,2.321,3.038,3.462,24.696,15.672,13.39,24.086,17.409,18.57,6.271,4.622,29.022,23.024,0.416,4.045,1.634,2.823,5.888,4.222,6.917,14.424,15.741,9.453,3.245,4.333,9.742,21.018,5.609,13.482,18.187,18.895,12.159,2.327,11.259,6.044,11.269,25.814,12.671,4.545
2003,10.427,18.463,17.388,5.533,17.577,12.527,5.984,4.338,9.269,2.331,7.996,0.52,3.161,4.83,13.192,3.772,11.82,31.903,7.741,15.92,3.087,14.28,12.556,7.101,2.53,26.534,6.263,7.157,4.489,12.037,3.979,5.871,5.633,2.337,21.157,17.128,4.876,13.808,8.208,3.439,4.643,9.888,9.282,37.212,5.749,10.048,25.451,6.158,23.403,6.483,15.698,10.381,3.951,9.938,6.055,9.135,21.845,4.068,11.541,7.999,3.643,12.783,2.877,9.173,15.325,3.431,8.809,14.793,6.194,6.564,15.64,13.912,5.4,8.302,7.735,4.007,18.943,7.614,3.969,13.811,11.947,8.7,20.921,4.885,10.374,3.056,2.28,0.928,3.031,2.745,1.642,9.744,2.585,25.32,28.459,12.889,18.11,13.201,4.709,12.021,4.7,13.004,5.055,6.245,6.428,4.466,36.289,1.224,9.904,0.818,35.551,6.354,2.181,12.674,12.608,6.043,3.636,24.721,19.639,1.768,3.576,7.858,3.791,3.958,12.372,5.11,8.556,6.322,6.6343966,0.334,8.434,4.065,3.839,1.661,20.794,10.657,3.29,7.254,8.35,15.2,13.278,3.834,6.362,7.952,12.463,12.722,22.943,3.026,6.199,1.987,3.021,3.496,24.713,16.304,13.393,23.51,16.23,17.773,7.018,5.009,29.475,20.776,0.408,3.935,1.442,2.487,5.401,4.281,7.405,13.739,16.207,10.101,3.516,4.508,8.729,20.831,5.658,11.938,17.647,20.482,12.59,2.629,11.328,6.092,12.353,25.89,13.322,4.562
2004,10.447,18.333,16.694,6.268,15.823,11.974,5.544,6.191,8.039,2.357,8.278,0.608,3.998,5.957,11.622,3.604,11.167,32.716,7.167,16.572,3.131,13.357,10.451,7.191,3.345,24.371,6.188,6.852,4.764,13.023,3.9,5.959,5.06,2.28,21.172,18.081,4.886,13.681,8.463,2.209,6.4,9.91,10.08,37.151,5.438,10.008,18.208,5.713,26.429,6.375,15.052,8.828,3.642,10.576,6.014,9.88,22.501,4.192,11.792,7.035,3.787,12.711,2.873,9.098,16.507,3.386,7.759,14.375,5.554,8.334,15.283,15.332,5.856,9.173,7.686,3.833,16.2,7.47,2.747,13.768,10.235,8.703,23.534,4.418,9.814,3.031,2.382,1.0,3.074,3.649,1.502,9.512,2.588,25.081,25.256,12.951,18.22,11.066,7.096,12.272,4.039,11.37,4.837,5.047,7.552,5.27,37.794,1.338,8.262,0.809,35.446,6.564,2.337,12.506,13.496,5.832,3.804,25.128,19.134,2.319,3.532,8.053,5.034,3.924,12.369,4.521,8.688,6.583,6.5626507,0.329,8.123,5.262,3.887,1.597,19.821,8.614,3.267,7.181,8.382,14.867,13.101,3.819,6.118,7.517,12.499,13.643,22.992,3.02,6.21,1.773,2.302,3.827,24.617,22.82,13.421,22.203,15.049,19.215,6.405,6.182,29.898,21.419,0.393,3.964,1.379,2.24,4.897,4.466,5.629,11.148,16.314,10.992,3.8,3.255,8.304,16.644,5.396,10.389,17.274,17.972,12.221,2.433,11.016,6.215,13.409,25.774,14.042,4.523
2005,10.428,18.314,16.411,7.096,13.596,11.432,5.225,5.895,7.285,2.339,9.506,0.717,4.671,6.995,9.834,3.479,11.216,33.667,6.621,17.35,3.193,13.993,10.796,7.305,3.337,22.351,6.189,6.464,5.093,12.289,3.925,6.082,4.607,2.261,21.076,14.508,4.859,13.665,9.813,2.21,6.798,9.799,10.942,37.144,5.278,9.708,17.206,4.708,24.602,6.428,11.994,6.905,3.281,9.651,5.149,9.845,22.95,4.348,12.705,6.095,3.958,12.706,2.82,9.131,15.708,3.463,7.733,14.021,4.419,6.468,13.842,16.604,7.419,10.041,7.621,3.796,17.687,7.385,2.491,11.633,10.053,8.753,26.167,4.216,9.548,2.926,2.491,1.042,3.095,3.15,1.355,9.739,2.577,24.686,23.177,11.93,18.095,8.535,5.829,9.971,3.838,11.563,4.61,3.519,8.947,3.908,38.091,1.309,8.367,0.803,35.383,6.844,2.485,12.295,16.514,5.8,3.704,24.956,18.472,2.701,3.656,5.797,6.897,4.194,12.259,4.147,8.549,6.634,6.45786,0.323,7.975,5.032,4.196,1.511,19.046,10.098,3.228,8.633,6.265,16.69,13.005,3.882,6.415,6.935,12.626,14.433,23.011,2.934,6.05,1.651,2.566,4.792,24.648,26.064,13.433,23.234,14.865,17.259,7.036,7.728,30.367,22.195,0.396,4.094,1.209,1.985,4.347,4.354,3.666,10.925,15.173,11.188,4.119,2.102,6.841,15.278,5.097,8.904,17.205,11.64,12.184,2.241,10.593,6.248,14.453,25.678,14.744,4.833
2006,10.456,18.146,16.074,6.778,12.429,10.894,4.926,5.648,6.347,2.357,9.309,0.798,4.333,6.396,9.3,3.47,8.063,34.54,6.09,15.18,3.244,12.795,9.81,7.328,3.817,20.162,6.112,6.201,4.7,11.766,3.846,6.104,4.054,2.459,20.856,14.635,4.832,13.611,8.685,2.216,5.492,8.84,10.274,37.022,4.534,8.894,15.165,4.371,23.786,6.423,11.359,5.585,3.096,9.135,5.029,9.678,24.385,4.996,11.696,5.174,4.072,13.093,2.803,9.06,13.796,3.351,7.573,13.463,3.731,4.443,12.681,18.074,7.897,9.277,7.622,4.101,16.578,7.289,3.058,11.043,8.781,8.789,25.337,3.924,9.203,2.861,2.617,1.108,2.707,2.78,1.193,9.991,2.305,24.809,20.417,9.937,18.126,5.611,6.292,6.735,3.822,9.67,2.968,3.881,10.186,3.888,37.394,1.348,8.317,0.808,28.078,7.136,2.571,11.973,15.673,5.823,3.391,24.511,17.823,2.211,3.676,4.956,6.142,3.344,12.268,4.199,8.237,6.394,6.1811056,0.323,7.746,4.87,4.327,1.448,14.827,10.55,3.163,8.905,6.679,13.024,12.939,4.24,6.091,6.687,12.398,15.118,23.017,3.002,4.953,1.681,2.755,3.885,24.683,24.601,13.433,23.284,14.785,14.763,7.193,7.255,30.803,23.159,0.429,4.16,1.121,1.724,3.824,4.374,1.553,8.68,15.159,11.111,4.458,2.57,6.613,14.234,4.627,7.472,16.956,9.38,11.508,2.083,10.434,6.352,15.567,25.518,12.433,5.047
2007,10.337,18.09,16.39,6.628,10.49,10.358,4.793,5.335,5.514,1.743,8.444,0.865,3.934,6.59,7.29,3.419,9.118,32.566,5.602,13.192,3.362,12.503,8.425,7.38,4.799,19.746,6.063,5.789,4.508,10.893,3.775,6.366,3.509,2.659,21.174,14.864,4.843,13.537,6.86,1.871,4.629,6.736,8.772,36.855,4.199,7.58,18.993,3.914,18.283,6.433,10.709,3.756,3.089,7.192,5.007,8.597,25.278,5.039,12.584,5.422,4.055,13.304,2.799,9.016,12.967,3.225,9.968,13.57,3.379,4.35,11.341,19.085,7.722,9.895,7.63,4.928,16.174,7.441,2.268,9.812,7.845,8.792,25.934,3.766,8.634,2.83,2.72,1.191,2.397,2.966,1.051,10.142,2.26,24.759,18.759,9.174,18.013,4.329,4.73,5.565,2.953,9.427,1.958,4.159,11.434,4.0,35.953,1.332,7.896,0.817,20.924,7.146,2.692,12.156,14.532,5.745,3.444,24.586,17.242,1.767,3.716,5.047,5.194,2.423,12.296,3.966,8.125,5.967,5.950092,0.245,7.519,4.605,3.713,1.376,10.235,9.531,3.162,9.491,6.662,14.451,12.79,2.697,5.395,5.643,12.392,14.789,23.016,3.039,4.331,1.732,2.907,3.712,24.679,20.937,13.427,22.136,14.835,12.686,5.835,6.466,31.31,25.446,0.496,3.686,1.065,1.455,3.312,4.263,1.682,7.868,15.173,10.98,3.888,3.079,6.014,12.756,4.499,6.106,16.764,7.643,11.209,1.935,8.677,6.45,16.712,25.471,10.075,5.355
2008,10.397,18.174,13.735,6.34,9.748,19.225,4.583,4.452,5.551,1.14,7.597,0.909,4.071,6.867,5.759,3.429,9.267,26.502,5.085,12.612,3.421,11.261,9.42,7.465,5.21,19.457,6.008,5.768,3.969,12.145,3.983,6.48,3.943,2.854,21.223,14.816,4.803,13.547,6.271,1.963,4.44,5.611,7.723,36.661,4.075,7.399,17.607,5.0,18.726,6.378,12.844,5.137,3.07,6.691,4.904,7.916,26.797,5.158,17.595,5.524,4.132,12.874,2.811,8.974,11.39,3.266,10.019,13.717,2.984,3.876,10.345,18.622,7.997,8.101,7.715,5.702,17.008,8.427,2.582,7.857,8.5,8.867,24.775,3.854,7.945,2.938,2.791,0.862,2.4,3.577,0.916,10.295,2.248,25.057,14.756,8.244,17.92,5.628,6.033,7.074,2.793,9.784,1.737,4.405,12.427,4.037,34.395,1.348,6.777,0.834,18.298,5.175,2.801,12.41,12.765,5.667,3.648,24.283,16.768,1.372,3.712,6.989,4.47,2.317,12.205,4.263,7.918,5.879,5.935953,0.534,7.416,4.625,4.003,1.373,7.848,9.663,3.044,8.751,5.976,19.554,12.804,1.669,4.665,5.944,12.335,14.538,23.077,3.051,4.424,1.748,3.061,3.623,24.703,15.915,13.464,21.023,14.776,10.946,4.822,6.565,30.754,24.415,0.542,3.105,1.039,5.872,2.815,4.172,1.781,6.164,15.957,11.602,3.342,3.558,6.101,10.94,5.414,5.91,16.639,6.218,11.156,1.764,6.858,6.557,17.923,25.602,7.693,5.802
2009,10.243,18.398,15.688,6.384,9.871,20.461,5.41,5.126,6.542,1.141,8.106,1.009,4.224,7.194,6.622,3.559,14.035,25.538,4.63,12.769,3.65,12.688,9.889,7.625,5.575,19.78,6.075,7.16,4.511,13.429,4.095,6.675,4.416,3.071,21.11,15.887,4.776,13.724,9.889,1.989,5.715,7.728,7.489,36.796,5.669,7.905,18.206,5.881,22.187,6.457,18.128,10.297,3.063,7.571,4.853,9.36,27.818,6.467,19.1,5.783,4.313,12.526,2.802,9.118,13.279,3.579,9.883,13.986,4.334,4.312,10.708,17.896,9.748,6.697,7.722,9.509,17.102,9.5,5.682,9.181,9.227,9.113,24.481,4.783,7.529,3.001,2.899,0.557,2.681,3.272,0.795,10.345,2.266,25.332,16.501,8.781,18.206,10.524,6.267,14.126,2.846,9.286,2.305,4.911,14.086,5.353,32.836,1.347,7.629,0.849,20.393,6.173,2.965,12.958,12.416,5.605,3.763,24.346,16.282,1.017,3.685,9.12,4.917,2.607,12.157,6.143,8.37,6.889,6.45474,0.359,7.712,4.196,4.128,1.323,8.551,12.435,3.016,10.092,6.655,20.115,13.023,1.744,5.822,7.672,12.432,17.108,23.201,3.041,6.549,1.766,3.229,4.924,24.72,17.809,13.639,20.295,14.836,12.832,5.806,8.012,30.155,22.013,0.551,2.615,1.452,10.379,2.33,4.024,1.997,6.277,18.814,14.323,2.754,4.234,7.351,10.455,8.046,6.018,17.136,5.965,12.313,1.577,5.137,6.659,19.101,25.454,10.326,5.97
2010,10.23,18.604,15.85,6.085,9.221,21.536,5.381,4.679,6.814,1.146,8.516,1.148,4.161,4.345,9.607,3.682,14.744,29.774,4.555,12.843,3.17,11.47,10.473,7.623,4.072,21.613,6.185,7.354,5.197,9.857,3.929,6.731,4.903,3.26,20.601,14.398,4.696,10.862,9.092,2.708,6.512,8.46,6.594,36.803,6.763,7.049,19.246,4.968,21.941,6.588,20.227,14.089,3.02,7.64,4.716,9.648,28.941,6.98,17.592,5.866,4.49,12.39,2.79,9.31,16.431,3.84,9.302,14.292,3.507,5.462,12.306,17.995,10.675,6.391,7.713,11.41,20.838,10.491,6.733,7.951,9.601,9.766,21.91,4.603,6.623,2.978,3.049,0.794,2.836,2.82,0.658,10.679,2.289,25.361,18.389,7.476,18.161,14.518,5.188,16.289,2.083,9.491,2.187,5.345,12.863,5.183,33.573,1.332,7.132,0.863,20.712,5.891,3.096,12.816,13.057,5.661,3.58,24.01,15.976,0.588,3.667,8.719,5.543,2.949,12.102,6.93,8.958,7.283,6.3496,0.64,7.618,4.167,3.787,1.269,9.87,12.583,2.95,11.864,6.049,21.562,13.206,2.699,6.175,6.875,12.442,18.743,26.578,3.028,4.418,1.444,3.398,4.159,24.735,20.206,13.679,19.253,12.811,14.599,7.018,8.522,29.35,21.96,0.546,2.102,0.623,10.426,2.466,4.035,2.143,4.664,18.987,12.998,3.584,4.288,6.855,9.452,8.601,6.446,17.611,6.952,12.555,1.078,5.356,6.605,20.203,26.916,12.955,6.025
2011,10.253,18.797,13.751,5.679,8.522,20.194,5.308,4.64,6.385,1.147,7.18,2.872,4.199,5.369,10.107,3.945,15.36,29.803,4.503,12.818,2.7,10.444,12.614,7.562,4.918,21.58,6.17,7.173,4.798,8.85,3.947,7.236,4.712,3.451,20.728,13.336,4.678,11.18,11.873,3.509,7.737,7.895,5.708,36.677,7.62,8.364,17.349,4.288,22.317,6.515,21.814,11.577,2.986,7.103,4.612,9.711,28.334,7.445,17.405,4.614,4.558,13.147,2.743,9.283,21.714,3.719,15.851,14.437,2.801,6.413,13.72,17.345,10.985,5.564,7.681,12.501,21.187,11.549,6.207,6.951,9.546,10.262,21.352,4.148,6.195,2.885,3.169,0.476,2.639,3.466,0.941,11.202,2.156,25.624,20.264,6.978,18.218,12.909,6.536,13.788,2.157,10.246,2.145,3.07,11.62,5.132,30.872,1.346,7.13,0.889,20.079,4.422,3.212,12.676,11.801,5.718,3.316,21.544,15.685,0.216,3.689,7.361,5.412,2.993,12.167,6.76,10.001,7.607,6.239183,0.67,4.609,3.819,3.826,1.438,10.245,12.663,3.042,13.049,6.397,22.39,13.337,3.226,6.461,6.133,12.547,20.812,30.088,3.078,4.327,1.188,3.555,3.41,24.735,23.675,13.816,18.319,12.709,13.66,8.173,7.763,28.443,21.217,0.57,1.645,0.676,10.45,2.47,3.872,2.264,4.231,27.443,11.291,4.311,4.207,6.702,8.084,8.453,4.802,17.681,7.206,13.012,0.905,5.583,6.649,22.06,27.092,10.428,5.998
2012,10.325,18.33,11.508,5.199,8.841,18.552,5.328,4.827,6.048,1.15,7.41,2.619,4.162,6.369,10.84,3.972,13.968,30.506,4.413,12.699,2.834,9.248,12.259,7.563,2.218,21.214,6.113,6.95,4.737,8.07,3.973,7.332,4.489,3.605,20.781,12.92,4.666,11.417,10.812,3.611,11.295,8.205,5.226,36.454,7.791,9.225,17.25,3.824,23.911,6.375,25.035,9.099,2.958,7.053,4.778,9.968,28.058,7.638,18.366,3.435,4.449,13.216,2.795,9.169,28.592,3.468,11.541,14.617,2.759,5.195,15.984,17.142,10.62,4.784,7.725,12.752,19.921,12.429,5.664,6.874,11.829,11.22,20.125,4.051,6.459,2.863,3.293,0.487,2.554,4.087,1.22,11.728,2.014,25.129,21.234,6.16,17.846,11.573,5.744,13.942,1.653,9.957,1.632,0.628,10.275,4.88,30.489,1.397,7.212,0.909,20.371,3.515,3.303,12.54,11.8,5.843,3.225,19.003,15.543,3.187,3.55,5.813,6.226,2.638,12.146,7.389,10.814,8.357,6.19898,3.773,4.669,3.719,3.731,1.504,10.767,12.087,3.0,15.501,5.439,25.942,13.188,2.713,6.075,5.122,12.47,22.63,29.49,4.201,4.23,0.946,3.627,3.302,24.774,24.951,14.093,17.083,12.671,14.531,9.37,7.712,27.426,25.649,0.576,1.65,0.531,10.358,2.462,3.698,2.321,4.56,25.673,10.791,4.074,4.257,6.488,8.291,7.888,4.693,17.533,7.109,13.082,0.934,5.802,10.276,23.531,26.972,7.823,5.611
2013,10.372,18.014,13.397,4.833,8.508,18.662,5.611,5.326,5.897,1.153,8.17,2.3,4.299,7.403,11.843,3.901,16.258,28.929,4.37,12.609,3.035,8.983,11.434,7.708,3.782,21.266,6.06,6.682,4.918,7.053,3.991,5.122,4.269,3.592,21.114,11.936,4.636,11.712,9.719,3.544,15.352,8.287,4.989,36.36,7.673,10.544,16.557,3.662,24.091,6.236,26.676,8.155,2.95,7.517,4.956,9.775,28.168,7.116,16.208,2.379,4.59,11.706,2.81,8.994,31.65,3.667,10.88,14.843,2.972,7.563,16.759,16.599,10.137,4.266,7.765,12.42,20.016,17.075,5.076,6.174,13.069,12.575,22.314,3.683,5.848,2.946,3.338,0.518,2.454,4.818,1.513,12.165,1.874,25.47,23.977,6.505,18.028,10.478,6.545,11.139,1.401,9.572,1.494,1.02,8.999,4.96,29.034,1.426,6.139,0.918,18.94,4.468,3.424,12.297,11.23,5.874,3.496,20.704,15.596,1.884,3.374,5.474,7.302,3.233,12.169,6.425,11.308,8.959,6.134786,3.423,4.797,3.955,3.821,1.6,11.007,11.798,3.018,16.37,4.967,27.325,13.064,1.526,6.305,5.192,12.556,23.517,28.432,5.387,4.405,0.723,3.676,3.331,24.651,23.802,13.915,15.257,11.149,14.522,10.909,7.888,26.605,26.661,0.611,1.66,0.237,10.341,2.462,3.52,2.473,3.238,23.056,11.925,3.785,2.45,6.241,8.224,7.067,4.651,17.126,8.605,13.541,1.141,5.996,10.314,25.111,26.459,7.299,5.425
2014,10.317,17.682,15.515,4.597,8.394,19.335,6.174,5.429,5.794,1.153,7.941,2.06,4.431,7.369,10.402,3.729,14.636,30.994,4.307,14.073,2.896,8.326,12.646,7.886,3.629,21.387,6.095,6.502,4.986,7.065,4.018,3.994,4.049,3.567,20.976,11.303,4.664,12.042,10.48,3.126,15.216,7.396,4.629,36.321,7.141,9.71,15.726,4.142,23.915,6.19,25.431,6.812,3.115,7.952,5.119,10.005,28.355,6.024,14.502,4.416,4.768,9.799,2.885,8.905,30.486,3.39,7.191,15.147,3.011,9.408,18.267,16.718,7.908,3.884,7.733,10.875,19.907,21.83,4.785,5.804,13.799,11.65,20.879,3.367,5.666,2.95,3.451,0.695,2.961,5.892,1.808,12.431,1.786,25.443,23.444,6.304,18.186,9.221,6.26,9.834,1.396,10.287,1.089,1.406,7.735,4.857,28.864,1.39,5.102,0.905,18.244,4.399,3.537,12.101,10.902,5.863,3.227,20.382,15.587,0.427,3.578,5.621,7.744,3.237,12.076,6.129,11.891,8.687,5.9794893,2.013,5.62,3.404,3.724,1.569,9.523,11.331,2.948,14.328,6.813,26.083,12.912,1.033,6.094,4.873,12.615,25.225,27.03,6.326,4.111,0.757,3.84,3.136,24.455,20.35,13.786,13.517,12.068,12.948,10.546,7.695,25.852,27.139,0.612,1.672,0.564,10.368,2.474,3.289,2.701,2.929,21.57,11.904,2.701,2.887,7.558,8.352,6.057,4.873,17.032,7.577,13.834,1.109,6.171,10.267,26.163,26.96,6.669,5.182
2015,11.611,17.528,17.122,4.227,8.706,19.185,6.074,5.372,5.824,1.096,7.768,1.996,4.577,7.32,8.417,3.77,12.996,30.549,4.255,11.093,3.788,10.313,8.969,8.638,3.272,21.625,6.212,6.305,4.912,7.014,4.036,3.161,4.035,3.57,21.278,11.119,4.684,12.326,10.338,2.579,14.885,6.08,4.205,36.115,6.529,10.894,16.741,4.516,24.68,6.265,23.557,6.324,3.25,8.842,5.29,9.877,28.454,5.344,13.958,6.571,4.96,8.2,2.806,8.959,28.992,3.556,6.529,15.482,3.186,8.989,16.899,16.677,7.034,4.43,7.695,8.908,19.624,22.218,4.051,5.31,12.695,11.452,22.759,3.09,5.498,2.945,3.533,0.457,3.483,4.677,2.113,12.8,2.047,25.865,22.78,7.445,18.362,8.161,7.195,8.636,1.605,10.415,1.318,1.801,6.428,4.456,25.345,1.329,5.39,0.908,17.312,4.248,3.669,11.886,10.765,5.848,3.396,22.569,14.895,0.451,3.82,5.446,7.273,4.001,12.085,5.906,12.633,8.385,6.0561438,6.147,5.324,3.346,3.218,1.608,7.645,9.648,2.986,12.748,4.944,34.123,12.803,0.873,5.857,5.352,12.609,25.414,25.302,7.325,3.976,0.763,3.641,3.47,24.118,18.739,13.664,12.014,11.493,12.902,10.033,7.291,25.183,26.366,0.644,1.687,0.606,10.416,2.486,3.053,2.842,2.939,22.236,12.664,2.781,3.207,8.099,8.849,5.175,4.927,16.949,6.569,13.469,1.706,6.36,11.664,29.822,27.468,6.097,5.632
2016,12.834,17.369,14.49,3.952,9.224,17.494,5.781,5.594,5.865,1.064,7.561,1.946,4.64,7.235,6.966,3.912,14.465,29.754,4.19,11.184,4.044,13.608,8.648,9.373,3.551,21.841,6.186,6.275,5.006,7.216,3.958,2.352,4.05,3.631,21.535,11.47,4.685,12.55,10.141,2.178,13.401,4.674,3.722,35.936,6.379,10.732,18.763,5.84,23.507,6.239,21.394,6.16,3.422,8.582,5.542,9.853,28.682,4.715,12.617,5.165,4.842,6.579,2.779,8.917,28.017,3.486,5.109,15.691,3.084,9.06,13.788,16.817,5.108,3.866,7.668,7.598,20.902,22.141,3.046,4.865,12.776,11.379,24.082,2.835,5.507,2.94,3.678,0.85,3.538,5.653,2.428,13.164,2.335,25.68,21.922,6.836,18.282,6.652,6.954,8.399,1.532,10.693,0.962,1.998,5.16,3.903,23.234,1.298,5.164,1.353,17.105,5.873,3.701,11.777,10.501,5.908,3.939,25.021,14.239,0.451,4.176,4.275,6.499,3.918,12.168,5.521,13.203,8.023,6.0256386,2.723,5.818,3.975,2.846,1.648,6.175,9.49,3.083,11.168,6.715,37.708,12.72,0.718,4.987,5.381,12.568,24.341,24.121,4.763,4.484,0.763,3.25,3.847,24.088,16.083,14.164,10.44,11.192,10.778,8.588,6.585,24.493,25.666,0.694,2.224,0.714,10.437,2.497,6.24,2.868,3.165,23.501,13.743,2.907,3.526,7.72,9.447,4.786,4.93,16.865,5.413,13.607,1.699,6.431,12.977,30.484,28.925,5.446,5.982
2017,14.018,17.158,12.524,6.904,9.485,17.488,5.669,5.096,5.892,1.027,7.052,1.808,4.649,6.628,5.946,3.975,11.37,23.003,4.039,9.851,4.057,14.885,8.779,10.004,3.892,21.985,6.161,5.927,5.058,7.803,3.881,3.848,4.099,3.692,21.939,11.753,4.622,12.77,9.712,1.639,11.363,3.585,3.317,35.956,6.054,8.121,21.252,4.921,22.824,6.196,19.04,5.242,3.59,8.388,5.546,9.372,28.93,4.322,12.734,3.486,4.74,4.814,2.733,8.866,25.983,3.539,5.126,15.846,2.864,8.045,11.905,16.84,4.561,3.484,7.683,6.294,20.009,30.761,2.718,4.241,12.39,9.712,27.336,2.645,5.415,3.748,3.783,0.175,3.483,5.913,2.744,13.51,2.325,25.09,21.196,6.321,18.548,5.674,5.499,7.673,1.59,10.633,1.31,2.203,4.716,3.598,22.324,1.427,4.253,1.811,16.942,5.638,3.784,11.535,10.127,5.945,3.834,21.917,13.452,0.459,4.504,3.488,5.254,3.699,12.069,5.242,10.469,7.458,5.952756,3.66,6.864,3.912,2.701,1.773,4.861,8.684,3.031,9.351,7.789,42.485,12.563,0.629,4.042,5.071,12.643,23.683,23.068,3.611,4.431,0.753,2.749,4.003,24.01,14.258,14.333,8.909,11.138,8.413,7.481,6.441,26.242,25.314,0.742,2.768,0.845,10.422,2.506,5.654,2.98,3.536,22.676,14.099,3.035,3.945,7.726,9.474,4.307,5.561,16.852,5.858,13.198,1.703,6.522,14.502,30.735,29.191,4.78,6.284
2018,14.783,16.892,11.888,5.754,10.563,20.239,5.32,4.73,5.738,0.992,5.561,1.547,4.633,6.225,4.653,3.978,9.949,20.209,3.559,11.869,3.612,14.417,8.533,10.109,4.258,21.782,6.108,5.527,5.109,8.539,3.743,3.448,4.139,3.703,22.032,12.034,4.543,11.542,11.41,1.821,8.901,2.81,2.902,36.036,5.346,9.104,21.477,4.394,21.333,6.091,17.036,5.255,3.803,7.298,5.557,9.056,29.125,4.044,11.254,3.415,4.773,3.164,2.783,8.78,24.053,2.822,5.155,15.984,2.423,7.255,9.341,16.831,3.979,4.184,7.713,5.691,19.062,29.716,2.536,3.877,11.778,6.953,24.099,2.232,5.37,4.515,3.889,0.162,3.692,5.972,2.406,13.886,2.319,24.873,21.179,6.966,18.808,5.408,5.883,6.416,1.326,10.685,1.028,2.414,4.218,3.41,20.296,1.557,3.5,0.971,15.121,4.806,3.851,13.332,9.6,5.914,3.64,18.58,11.808,0.45,4.752,5.261,3.956,3.54,11.954,4.496,7.763,6.922,5.7822556,4.555,6.626,3.877,2.674,1.882,3.821,7.392,2.898,7.439,7.525,41.59,12.565,0.453,3.489,4.8,11.354,22.892,22.013,3.308,3.836,0.749,2.136,3.748,24.271,13.681,14.16,8.815,10.847,7.036,5.7,6.236,28.032,25.091,0.762,2.289,0.743,10.374,2.507,4.986,3.133,3.833,22.773,13.894,3.183,3.778,7.435,10.074,3.836,5.922,16.842,6.167,13.315,1.029,6.626,13.319,29.499,28.992,5.089,6.58
2019,15.549,16.547,11.318,5.571,10.718,19.191,5.106,4.423,5.739,0.955,4.94,1.338,4.736,5.84,3.874,4.014,9.687,18.663,3.198,13.632,3.992,14.35,7.281,7.913,3.329,22.01,6.226,5.263,4.712,8.226,3.961,3.019,4.167,3.683,21.709,13.134,4.551,11.504,14.059,1.826,8.124,2.378,2.724,36.052,5.269,9.602,21.677,4.593,21.312,6.159,16.01,4.926,3.984,6.173,5.603,8.351,29.01,3.414,10.174,3.365,5.064,3.642,1.96,8.918,21.201,2.946,5.112,14.665,2.301,8.172,7.16,17.041,3.494,3.35,6.073,4.685,17.633,28.884,3.111,3.846,11.103,6.372,23.993,2.168,5.328,5.27,4.554,0.15,3.581,6.087,2.072,14.323,2.327,25.121,17.277,7.331,19.098,5.492,5.525,5.424,1.339,10.625,1.126,2.62,3.764,3.515,18.487,3.616,4.016,0.478,15.685,8.076,3.893,15.054,9.794,5.856,3.405,18.616,11.567,0.451,4.911,5.504,3.355,3.394,11.784,4.421,8.441,6.726,5.6548424,6.273,7.921,3.736,2.529,1.946,3.572,6.679,2.905,7.151,8.307,40.86,12.561,0.399,3.379,4.356,12.075,23.288,20.978,3.048,3.322,0.771,2.146,4.384,24.376,11.062,13.893,8.93,10.655,5.958,4.957,6.957,29.743,24.8,0.734,1.799,0.732,10.357,2.508,4.046,2.903,4.044,25.276,16.502,3.347,3.594,7.853,10.639,3.608,6.275,17.056,6.478,13.508,1.598,6.827,12.069,29.034,30.448,5.222,6.995
2020,16.778,16.614,11.648,5.717,12.394,17.233,6.349,5.015,8.388,0.976,5.351,1.463,5.05,6.327,4.765,5.204,11.896,18.434,3.3,16.115,9.746,16.25,8.304,8.905,6.113,22.674,6.808,9.521,5.0,11.15,4.342,3.054,4.372,4.165,23.433,20.526,5.086,13.715,21.175,2.281,7.818,2.954,3.487,37.769,5.98,9.034,24.032,7.355,17.631,6.69,17.446,6.771,5.334,7.485,5.848,7.95,30.089,4.156,10.24,3.519,5.905,4.78,2.124,9.622,19.27,3.715,5.83,16.744,4.749,14.086,7.578,18.593,4.474,3.773,6.749,5.65,15.739,29.239,5.293,3.973,10.197,7.436,25.348,2.531,5.369,6.652,4.985,0.209,3.99,8.633,1.821,16.147,2.957,25.593,27.906,8.251,20.617,7.689,6.955,7.066,2.216,12.251,0.936,3.4,4.204,4.088,16.119,3.545,4.504,2.174,18.374,6.308,4.106,15.786,10.231,6.653,4.685,19.451,12.925,0.441,6.071,6.057,3.952,4.136,14.29,4.984,10.912,7.116,6.5721254,7.331,20.087,6.993,2.719,2.131,3.277,7.021,3.036,7.059,9.972,39.795,13.921,0.514,4.691,5.574,12.899,24.714,21.434,3.685,4.383,0.86,2.283,5.423,24.894,9.404,15.477,9.682,12.168,7.1,5.63,8.285,34.364,27.186,1.029,2.047,1.087,10.885,2.733,3.532,3.668,4.819,24.636,14.976,3.713,4.42,9.069,12.44,8.356,7.721,18.056,7.907,16.431,2.448,4.122,11.309,29.485,30.971,6.565,8.497
2021,16.945,15.781,11.678,6.418,9.852,15.236,5.012,6.403,6.958,1.041,5.836,1.612,5.327,5.813,5.026,4.595,10.765,18.062,3.058,15.451,5.664,16.444,8.086,6.449,6.231,26.227,7.074,7.339,5.237,9.561,3.953,2.988,4.498,4.199,23.213,18.171,5.047,13.146,20.04,2.192,8.028,3.426,3.14,37.618,5.139,12.448,23.351,5.785,15.924,6.862,16.733,5.544,5.283,7.044,5.945,7.771,29.949,4.594,10.309,3.634,5.808,5.247,2.134,9.935,18.844,2.884,5.619,15.979,4.231,10.784,8.021,18.305,4.238,3.154,5.394,6.378,16.098,28.21,6.364,4.731,10.63,6.343,26.175,2.55,6.136,7.657,4.307,0.416,3.74,7.496,1.566,15.632,2.883,25.666,22.934,7.698,20.446,6.606,6.008,6.536,1.861,11.935,0.492,3.655,4.059,4.086,14.67,4.422,3.111,5.03,15.852,7.309,4.275,15.924,8.671,6.568,4.785,19.401,11.796,0.763,6.628,6.023,4.5,4.118,13.58,3.888,5.873,7.219,6.167212,9.181,10.549,5.552,3.822,2.334,3.282,6.434,3.092,6.902,9.558,42.508,13.481,0.439,5.053,4.833,17.445,18.607,19.802,3.85,5.01,0.894,2.343,4.763,25.23,10.668,15.19,9.581,11.695,7.138,5.318,9.054,35.507,26.623,1.055,2.301,1.249,11.136,2.752,2.93,2.539,5.26,22.369,14.715,3.74,4.014,10.15,10.958,5.21,7.313,17.94,7.548,15.345,2.288,5.289,10.07,30.165,36.263,5.708,9.858
2022,26.742,14.736,10.405,7.418,7.682,12.668,3.672,4.797,6.51,0.811,5.256,1.483,5.706,4.888,4.056,4.233,8.98,15.408,2.896,13.433,4.172,11.515,7.258,5.95,8.22,26.056,6.649,5.137,4.382,8.814,4.326,2.567,4.222,3.647,21.436,13.247,4.471,11.628,15.134,1.946,7.789,2.767,2.797,36.142,4.493,8.658,22.126,4.453,18.283,6.383,14.781,5.061,4.709,6.367,5.689,7.137,29.066,3.576,10.243,3.425,5.316,5.311,1.826,9.429,16.363,4.665,5.161,13.458,3.532,13.128,7.905,17.8,3.482,3.157,4.588,4.672,15.887,29.893,3.387,3.581,9.355,5.136,26.868,2.38,5.494,7.739,4.325,0.26,3.032,5.993,0.887,14.806,2.274,25.614,17.832,6.268,18.927,5.476,4.74,5.511,2.189,11.101,0.685,3.449,3.765,3.307,12.514,3.14,2.633,3.707,13.014,5.324,3.853,15.255,8.55,5.95,4.112,18.425,10.965,0.295,5.372,5.071,3.815,3.066,12.413,3.534,11.463,6.484,5.473462,7.439,9.735,4.511,2.861,2.188,2.851,4.856,2.899,6.486,8.25,39.998,12.909,0.38,5.049,3.961,16.612,16.864,14.01,3.381,3.83,1.539,2.135,3.3,24.701,8.875,13.742,9.099,11.453,6.384,4.319,7.908,36.984,25.021,0.746,2.115,1.057,10.539,2.544,1.554,2.919,4.987,20.155,13.468,3.506,3.473,,9.05,3.613,6.639,17.268,6.222,14.083,1.424,6.448,7.801,29.787,35.357,6.298,10.562
2023,26.57,14.671,10.376,4.297,6.793,12.542,3.572,5.025,6.496,0.816,5.049,1.461,5.77,4.765,4.217,3.823,8.206,12.785,2.773,12.695,3.435,9.698,6.868,5.942,4.243,27.069,6.585,5.259,4.283,9.359,4.057,2.528,4.178,3.62,21.218,11.882,4.427,11.376,10.21,1.853,6.172,3.039,2.836,35.917,5.274,8.442,21.144,4.349,18.234,6.295,13.882,6.638,4.697,6.413,5.532,7.205,28.881,3.658,10.148,3.403,5.294,5.776,1.816,9.376,14.289,3.011,5.076,13.464,2.421,8.833,6.622,17.724,4.148,3.082,4.057,4.211,15.793,29.85,3.103,3.485,8.763,5.696,26.565,2.322,5.45,7.55,4.269,0.254,2.722,5.948,0.872,14.75,2.244,25.005,12.185,9.396,18.671,6.373,5.436,5.342,1.958,10.697,1.211,3.33,3.649,2.797,11.429,3.078,2.945,3.678,12.816,4.622,3.775,15.135,7.59,5.946,4.05,18.122,11.631,0.299,4.113,4.847,3.745,3.45,12.182,3.966,11.209,6.438,5.1087213,7.261,8.544,5.8,2.501,2.167,2.788,4.636,2.931,6.885,7.341,,12.76,0.378,5.12,3.188,14.365,12.322,,3.34,3.708,1.511,2.121,3.369,24.564,8.648,13.671,9.177,10.733,5.933,3.714,7.866,36.696,24.908,0.734,2.098,0.808,10.462,2.538,1.538,2.86,4.803,20.453,12.719,3.498,3.359,,9.435,3.45,6.592,16.567,6.001,13.149,1.511,6.371,7.678,29.464,34.531,6.207,8.824
2024,25.636,14.581,10.527,4.43,8.434,12.768,4.0,5.171,6.473,0.803,5.092,1.576,5.566,5.278,4.005,3.654,8.132,12.924,2.698,10.898,3.513,9.324,6.565,5.87,3.855,26.728,6.606,6.273,4.357,9.559,3.975,2.596,4.055,3.681,21.012,11.975,4.549,11.276,9.186,1.64,5.764,2.897,3.1,35.647,5.913,8.383,20.828,5.72,17.996,6.253,13.088,8.423,4.681,7.471,5.51,7.339,28.7,3.759,10.127,3.341,5.263,5.805,1.845,8.861,12.99,2.868,5.274,11.794,1.703,8.772,5.687,18.197,4.521,3.073,4.376,4.235,15.598,30.376,2.962,3.162,7.838,6.194,26.59,2.313,5.42,7.366,3.526,0.309,2.593,5.969,0.905,,2.204,24.777,11.963,7.978,18.318,6.879,5.981,5.684,2.134,10.475,1.171,3.269,3.952,2.725,12.147,3.209,2.766,3.686,12.667,4.586,3.792,15.026,7.511,5.952,4.004,17.91,11.77,0.258,4.0,4.737,3.741,3.705,12.251,5.096,11.421,6.503,5.112611,7.325,8.472,5.684,2.45,2.236,2.639,4.421,2.967,6.922,7.806,,12.736,0.39,4.873,2.638,13.944,12.501,,3.561,3.426,1.528,2.096,3.193,24.455,7.88,,9.252,10.354,5.405,3.581,8.674,36.178,24.652,0.744,2.089,0.743,10.577,2.67,1.67,2.8,5.195,21.879,11.394,3.488,3.541,,9.757,3.892,6.632,16.121,5.983,12.871,1.283,6.347,7.091,29.52,35.421,6.25,8.587
