Date,ABW,AFG,AGO,AIA,ALB,AND,ARE,ARG,ARM,ASM,ATG,AUS,AUT,AZE,BDI,BEL,BEN,BES,BFA,BGD,BGR,BHR,BHS,BIH,BLM,BLR,BLZ,BMU,BOL,BRA,BRB,BRN,BTN,BWA,CAF,CAN,CHE,CHL,CHN,CIV,CMR,COD,COG,COK,COL,COM,CPV,CRI,CUB,CUW,CYM,CYP,CZE,DEU,DJI,DMA,DNK,DOM,DZA,ECU,EGY,ERI,ESH,ESP,EST,ETH,FIN,FJI,FLK,FRA,FRO,FSM,GAB,GBR,GEO,GHA,GIB,GIN,GLP,GMB,GNB,GNQ,GRC,GRD,GRL,GTM,GUF,GUM,GUY,HND,HRV,HTI,HUN,IDN,IMN,IND,IRL,IRN,IRQ,ISL,ISR,ITA,JAM,JOR,JPN,KAZ,KEN,KGZ,KHM,KIR,KNA,KOR,KWT,LAO,LBN,LBR,LBY,LCA,LIE,LKA,LSO,LTU,LUX,LVA,MAF,MAR,MCO,MDA,MDG,MDV,MEX,MHL,MKD,MLI,MLT,MMR,MNE,MNG,MNP,MOZ,MRT,MSR,MTQ,MUS,MWI,MYS,MYT,NAM,NCL,NER,NFK,NGA,NIC,NIU,NLD,NOR,NPL,NRU,NZL,OMN,OWID_WRL,PAK,PAN,PER,PHL,PLW,PNG,POL,PRI,PRK,PRT,PRY,PSE,PYF,QAT,REU,ROU,RUS,RWA,SAU,SDN,SEN,SGP,SHN,SLB,SLE,SLV,SMR,SOM,SPM,SRB,SSD,STP,SUR,SVK,SVN,SWE,SWZ,SXM,SYC,SYR,TCA,TCD,TGO,THA,TJK,TKL,TKM,TLS,TON,TTO,TUN,TUR,TUV,TWN,TZA,UGA,UKR,URY,USA,UZB,VAT,VCT,VEN,VGB,VIR,VNM,VUT,WLF,WSM,YEM,ZAF,ZMB,ZWE
1000,,,,,,,,,,,,,,,,,,,,,,,,,,,,,,,,,,,,,,,31.0,,,,,,,,,,,,,,,,,,,,,,,,,,,,,,,47.0,,,,,,,,,,,,,,,,,,,,,,,,,,,,,,,,,,,,,,,,,,,,,,,,,,,,,,,,,,,,,,,,,,,,,,,,,,,,,,,,,,,,,,,,,,,,,,,,,,,,,,,,,,,,,,,,,,,,,,,,,,,,,,,,,,,,,,,,,,,,,,,,,,,,,,,,,,,,,,,,,,,,
1050,,,,,,,,,,,,,,,,,,,,,,,,,,,,,,,,,,,,,,,30.5,,,,,,,,,,,,,,,,,,,,,,,,,,,,,,,,,,,,,,,,,,,,,,,,,,,,,,,,,,,,,,,,,,,,,,,,,,,,,,,,,,,,,,,,,,,,,,,,,,,,,,,,,,,,,,,,,,,,,,,,,,,,,,,,,,,,,,,,,,,,,,,,,,,,,,,,,,,,,,,,,,,,,,,,,,,,,,,,,,,,,,,,,,,,,,,,,,,
1067,,,,,,,,,,,,,,,,,,,,,,,,,,,,,,,,,,,,,,,,,,,,,,,,,,,,,,,,,,,,,,,,,,,,,,46.0,,,,,,,,,,,,,,,,,,,,,,,,,,,,,,,,,,,,,,,,,,,,,,,,,,,,,,,,,,,,,,,,,,,,,,,,,,,,,,,,,,,,,,,,,,,,,,,,,,,,,,,,,,,,,,,,,,,,,,,,,,,,,,,,,,,,,,,,,,,,,,,,,,,,,,,,,,,,,,,,,,,,
1100,,,,,,,,,,,,,,,,,,,,,,,,,,,,,,,,,,,,,,,30.2,,,,,,,,,,,,,,,,,,,,,,,,,,,,,,,,,,,,,,,,,,,,,,,,,,,,,,,,,,,,,,,,,,,,,,,,,,,,,,,,,,,,,,,,,,,,,,,,,,,,,,,,,,,,,,,,,,,,,,,,,,,,,,,,,,,,,,,,,,,,,,,,,,,,,,,,,,,,,,,,,,,,,,,,,,,,,,,,,,,,,,,,,,,,,,,,,,,
1125,,,,,,,,,,,,,,,,,,,,,,,,,,,,,,,,,,,,,,,,,,,,,,,,,,,,,,,,,,,,,,,,,,,,,,43.0,,,,,,,,,,,,,,,,,,,,,,,,,,,,,,,,,,,,,,,,,,,,,,,,,,,,,,,,,,,,,,,,,,,,,,,,,,,,,,,,,,,,,,,,,,,,,,,,,,,,,,,,,,,,,,,,,,,,,,,,,,,,,,,,,,,,,,,,,,,,,,,,,,,,,,,,,,,,,,,,,,,,
1150,,,,,,,,,,,,,,,,,,,,,,,,,,,,,,,,,,,,,,,29.7,,,,,,,,,,,,,,,,,,,,,,,,,,,,,,,,,,,,,,,,,,,,,,,,,,,,,,,,,,,,,,,,,,,,,,,,,,,,,,,,,,,,,,,,,,,,,,,,,,,,,,,,,,,,,,,,,,,,,,,,,,,,,,,,,,,,,,,,,,,,,,,,,,,,,,,,,,,,,,,,,,,,,,,,,,,,,,,,,,,,,,,,,,,,,,,,,,,
1185,,,,,,,,,,,,,,,,,,,,,,,,,,,,,,,,,,,,,,,,,,,,,,,,,,,,,,,,,,,,,,,,,,,,,,38.0,,,,,,,,,,,,,,,,,,,,,,,,,,,,,,,,,,,,,,,,,,,,,,,,,,,,,,,,,,,,,,,,,,,,,,,,,,,,,,,,,,,,,,,,,,,,,,,,,,,,,,,,,,,,,,,,,,,,,,,,,,,,,,,,,,,,,,,,,,,,,,,,,,,,,,,,,,,,,,,,,,,,
1200,,,,,,,,,,,,,,,,,,,,,,,,,,,,,,,,,,,,,,,29.1,,,,,,,,,,,,,,,,,,,,,,,,,,,,,,,,,,,,,,,,,,,,,,,,,,,,,,,,,,,,,,,,,,,,,,,,,,,,,,,,,,,,,,,,,,,,,,,,,,,,,,,,,,,,,,,,,,,,,,,,,,,,,,,,,,,,,,,,,,,,,,,,,,,,,,,,,,,,,,,,,,,,,,,,,,,,,,,,,,,,,,,,,,,,,,,,,,,
1229,,,,,,,,,,,,,,,,,,,,,,,,,,,,,,,,,,,,,,,,,,,,,,,,,,,,,,,,,,,,,,,,,,,,,,32.0,,,,,,,,,,,,,,,,,,,,,,,,,,,,,,,,,,,,,,,,,,,,,,,,,,,,,,,,,,,,,,,,,,,,,,,,,,,,,,,,,,,,,,,,,,,,,,,,,,,,,,,,,,,,,,,,,,,,,,,,,,,,,,,,,,,,,,,,,,,,,,,,,,,,,,,,,,,,,,,,,,,,
1250,,,,,,,,,,,,,,,,,,,,,,,,,,,,,,,,,,,,,,,28.6,,,,,,,,,,,,,,,,,,,,,,,,,,,,,,,,,,,,,,,,,,,,,,,,,,,,,,,,,,,,,,,,,,,,,,,,,,,,,,,,,,,,,,,,,,,,,,,,,,,,,,,,,,,,,,,,,,,,,,,,,,,,,,,,,,,,,,,,,,,,,,,,,,,,,,,,,,,,,,,,,,,,,,,,,,,,,,,,,,,,,,,,,,,,,,,,,,,
1251,,,,,,,,,,,,,,,,,,,,,,,,,,,,,,,,,,,,,,,,,,,,,,,,,,,,,,,,,,,,,,,,,,,,,,29.0,,,,,,,,,,,,,,,,,,,,,,,,,,,,,,,,,,,,,,,,,,,,,,,,,,,,,,,,,,,,,,,,,,,,,,,,,,,,,,,,,,,,,,,,,,,,,,,,,,,,,,,,,,,,,,,,,,,,,,,,,,,,,,,,,,,,,,,,,,,,,,,,,,,,,,,,,,,,,,,,,,,,
1286,,,,,,,,,,,,,,,,,,,,,,,,,,,,,,,,,,,,,,,,,,,,,,,,,,,,,,,,,,,,,,,,,,,,,,25.0,,,,,,,,,,,,,,,,,,,,,,,,,,,,,,,,,,,,,,,,,,,,,,,,,,,,,,,,,,,,,,,,,,,,,,,,,,,,,,,,,,,,,,,,,,,,,,,,,,,,,,,,,,,,,,,,,,,,,,,,,,,,,,,,,,,,,,,,,,,,,,,,,,,,,,,,,,,,,,,,,,,,
1300,,,,,,,,,,,,,,,,,,,,,,,,,,,,,,,,,,,,,,,28.2,,,,,,,,,,,,,,,,,,,,,,,,,,,,,,,,,,,,,,,,,,,,,,,,,,,,,,,,,,,,,,,,,,,,,,,,,,,,,,,,,,,,,,,,,,,,,,,,,,,,,,,,,,,,,,,,,,,,,,,,,,,,,,,,,,,,,,,,,,,,,,,,,,,,,,,,,,,,,,,,,,,,,,,,,,,,,,,,,,,,,,,,,,,,,,,,,,,
1329,,,,,,,,,,,,,,,,,,,,,,,,,,,,,,,,,,,,,,,,,,,,,,,,,,,,,,,,,,,,,,,,,,,,,,23.0,,,,,,,,,,,,,,,,,,,,,,,,,,,,,,,,,,,,,,,,,,,,,,,,,,,,,,,,,,,,,,,,,,,,,,,,,,,,,,,,,,,,,,,,,,,,,,,,,,,,,,,,,,,,,,,,,,,,,,,,,,,,,,,,,,,,,,,,,,,,,,,,,,,,,,,,,,,,,,,,,,,,
1350,,,,,,,,,,,,,,,,,,,,,,,,,,,,,,,,,,,,,,,27.8,,,,,,,,,,,,,,,,,,,,,,,,,,,,,,,,,,,,,,,,,,,,,,,,,,,,,,,,,,,,,,,,,,,,,,,,,,,,,,,,,,,,,,,,,,,,,,,,,,,,,,,,,,,,,,,,,,,,,,,,,,,,,,,,,,,,,,,,,,,,,,,,,,,,,,,,,,,,,,,,,,,,,,,,,,,,,,,,,,,,,,,,,,,,,,,,,,,
1383,,,,,,,,,,,,,,,,,,,,,,,,,,,,,,,,,,,,,,,,,,,,,,,,,,,,,,,,,,,,,,,,,,,,,,30.0,,,,,,,,,,,,,,,,,,,,,,,,,,,,,,,,,,,,,,,,,,,,,,,,,,,,,,,,,,,,,,,,,,,,,,,,,,,,,,,,,,,,,,,,,,,,,,,,,,,,,,,,,,,,,,,,,,,,,,,,,,,,,,,,,,,,,,,,,,,,,,,,,,,,,,,,,,,,,,,,,,,,
1400,,,,,,,,,,,,,,,,,,,,,,,,,,,,,,,,,,,,,,,27.4,,,,,,,,,,,,,,,,,,,,,,,,,,,,,,,,,,,,,,,,,,,,,,,,,,,,,,,,,,,,,,,,,,,,,,,,,,,,,,,,,,,,,,,,,,,,,,,,,,,,,,,,,,,,,,,,,,,,,,,,,,,,,,,,,,,,,,,,,,,,,,,,,,,,,,,,,,,,,,,,,,,,,,,,,,,,,,,,,,,,,,,,,,,,,,,,,,,
1412,,,,,,,,,,,,,,,,,,,,,,,,,,,,,,,,,,,,,,,,,,,,,,,,,,,,,,,,,,,,,,,,,,,,,,36.0,,,,,,,,,,,,,,,,,,,,,,,,,,,,,,,,,,,,,,,,,,,,,,,,,,,,,,,,,,,,,,,,,,,,,,,,,,,,,,,,,,,,,,,,,,,,,,,,,,,,,,,,,,,,,,,,,,,,,,,,,,,,,,,,,,,,,,,,,,,,,,,,,,,,,,,,,,,,,,,,,,,,
1436,,,,,,,,,,,,,,,,,,,,,,,,,,,,,,,,,,,,,,,,,,,,,,,,,,,,,,,,,,,,,,,,,,,,,,40.0,,,,,,,,,,,,,,,,,,,,,,,,,,,,,,,,,,,,,,,,,,,,,,,,,,,,,,,,,,,,,,,,,,,,,,,,,,,,,,,,,,,,,,,,,,,,,,,,,,,,,,,,,,,,,,,,,,,,,,,,,,,,,,,,,,,,,,,,,,,,,,,,,,,,,,,,,,,,,,,,,,,,
1450,,,,,,,,,,,,,,,,,,,,,,,,,,,,,,,,,,,,,,,26.9,,,,,,,,,,,,,,,,,,,,,,,,,,,,,,,,,,,,,,,,,,,,,,,,,,,,,,,,,,,,,,,,,,,,,,,,,,,,,,,,,,,,,,,,,,,,,,,,,,,,,,,,,,,,,,,,,,,,,,,,,,,,,,,,,,,,,,,,,,,,,,,,,,,,,,,,,,,,,,,,,,,,,,,,,,,,,,,,,,,,,,,,,,,,,,,,,,,
1480,,,,,,,,,,,,,,,,,,,,,,,,,,,,,,,,,,,,,,,,,,,,,,,,,,,,,,,,,,,,,,,,,,,,,,38.0,,,,,,,,,,,,,,,,,,,,,,,,,,,,,,,,,,,,,,,,,,,,,,,,,,,,,,,,,,,,,,,,,,,,,,,,,,,,,,,,,,,,,,,,,,,,,,,,,,,,,,,,,,,,,,,,,,,,,,,,,,,,,,,,,,,,,,,,,,,,,,,,,,,,,,,,,,,,,,,,,,,,
1500,,,,,,,,,,,,,,,,,,,,,,,,,,,,,,,,,,,,,,,26.6,,,,,,,,,,,,,,,,,,,,,,,,,,,,,,,,,,,,,,,,,,,,,,,,,,,,,,,,,,,,,,,,,,,,,,,,,,,,,,,,,,,,,,,,,,,,,,,,,,,,,,,,,,,,,,,,,,,,,,,,,,,,,,,,,,,,,,,,,,,,,,,,,,,,,,,,,,,,,,,,,,,,,,,,,,,,,,,,,,,,,,,,,,,,,,,,,,,
1531,,,,,,,,,,,,,,,,,,,,,,,,,,,,,,,,,,,,,,,,,,,,,,,,,,,,,,,,,,,,,,,,,,,,,,34.0,,,,,,,,,,,,,,,,,,,,,,,,,,,,,,,,,,,,,,,,,,,,,,,,,,,,,,,,,,,,,,,,,,,,,,,,,,,,,,,,,,,,,,,,,,,,,,,,,,,,,,,,,,,,,,,,,,,,,,,,,,,,,,,,,,,,,,,,,,,,,,,,,,,,,,,,,,,,,,,,,,,,
1550,,,,,,,,,,,,,,,,,,,,,,,,,,,,,,,,,,,,,,,26.1,,,,,,,,,,,,,,,,,,,,,,,,,,,,,,,,,,,,,,,,,,,,,,,,,,,,,,,,,,,,,,,,,,,,,,,,,,,,,,,,,,,,,,,,,,,,,,,,,,,,,,,,,,,,,,,,,,,,,,,,,,,,,,,,,,,,,,,,,,,,,,,,,,,,,,,,,,,,,,,,,,,,,,,,,,,,,,,,,,,,,,,,,,,,,,,,,,,
1600,,,,,,,,,,,,,,,,,,,,,,,,,,,,,,,,,,,,,,,26.0,,,,,,,,,,,,,,,,,,,,,,,,,,,,,,,,,,,,,,,,,,,,,,,,,,,,,,,,,,,,,,,,,,71.4,,,,,,,,,,,,,,,,,,,,,,,,,,,,,,,,,,,,,,,,,,,,,,,,,,,,,,,,,,,,,,,,,,,,,,,,,,,,,,,,,,,,,,,,,,,,,,,,,,,,,,,,,,,,,,,,,,,,,,,,,,,,,,,,,
1614,,,,,,,,,,,,,,,,,,,,,,,,,,,,,,,,,,,,,,,,,,,,,,,,,,,,,,,,,,,,,,,,,,,,,,28.0,,,,,,,,,,,,,,,,,,,,,,,,,,,,,,,,,,,,,,,,,,,,,,,,,,,,,,,,,,,,,,,,,,,,,,,,,,,,,,,,,,,,,,,,,,,,,,,,,,,,,,,,,,,,,,,,,,,,,,,,,,,,,,,,,,,,,,,,,,,,,,,,,,,,,,,,,,,,,,,,,,,,
1630,,,,,,,,,,,,,,,,,,,,,,,,,,,,,,,,,,,,,,,,,,,,,,,,,,,,,,,,,,,,,,,,,,,,,,,,,,,,,,,,,,,,,,,,,,,,,,,,,,,,,,,,,,,,,,,,,,,,,,,,,,,,,,,,,,,,,,,,,,,,,,,,,,,,,,,,,,,,,,,,,,,,,,,,,,,,,,,,,,,,,,,,,,,,,,,,,,,,,,,,,,,,,,,,,,,,,,,,,,,,46.18,,,,,,,,,,,,,,
1650,,,,,,,,,,,,,,,,,,,,,,,,,,,,,,,,,,,,,,,24.9,,,,,,,,,,,,,,,,,,,,,,,,,,,,,,,,,,,,,,,,,,,,,,,,,,,,,,,,,,,,,,,,,,,,,,,,,,,,,,,,,,,,,,,,,,,,,,,,,,,,,,,,,,,,,,,,,,,,,,,,,,,,,,,,,,,,,,,,,,,,,,,,,,,,,,,,,,,,,,,,,,,,,,,,,,,,,,,,,,,,,,,,,,,,,,,,,,,
1660,,,,,,,,,,,,,,,,,,,,,,,,,,,,,,,,,,,,,,,,,,,,,,,,,,,,,,,,,,,,,,,,,,,,,,25.0,,,,,,,,,,,,,,,,,,,,,,,,,,,,,,,,,,,,,,,,,,,,,,,,,,,,,,,,,,,,,,,,,,,,,,,,,,,,,,,,,,,,,,,,,,,,,,,,,,,,,,,,,,,,,,,,,,,,,,,,,,,,,,,,,,,,,,,,,,,,,,,,,,,,,,,,,,,,,,,,,,,,
1688,,,,,,,,,,,,,,,,,,,,,,,,,,,,,,,,,,,,,,,,,,,,,,,,,,,,,,,,,,,,,,,,,,,,,,21.0,,,,,,,,,,,,,,,,,,,,,,,,,,,,,,,,,,,,,,,,,,,,,,,,,,,,,,,,,,,,,,,,,,,,,,,,,,,,,,,,,,,,,,,,,,,,,,,,,,,,,,,,,,,,,,,,,,,,,,,,,,,,,,,,,,,,,,,,,,,,,,,,,,,,,,,,,,,,,,,,,,,,
1700,,,,,,,,,,,,,,,,,,,,,,,,,,,,,,,,,,,,,,,23.5,,,,,,,,,,,,,,,,,,,,,,,,,,,,,,,,,,,,,,,,,,,,,,,,,,,,,,,,,,,,,,,,,,,,,,,,,,,,,,,,,,,,,,,,,,,,,,,,,,,,,,,,,,,,,,,,,,,,,,,,,,,,,,,,,,,,,,,,,,,,,,,,,,,,,,,,,,,,,,,,,,,,,,,,,,,,,,,,,,,,,,,,,,,,,,,,,,,
1741,,,,,,,,,,,,,,,,,,,,,,,,,,,,,,,,,,,,,,,,,,,,,,,,,,,,,,,,,,,,,,,,,,,,,,17.0,,,,,,,,,,,,,,,,,,,,,,,,,,,,,,,,,,,,,,,,,,,,,,,,,,,,,,,,,,,,,,,,,,,,,,,,,,,,,,,,,,,,,,,,,,,,,,,,,,,,,,,,,,,,,,,,,,,,,,,,,,,,,,,,,,,,,,,,,,,,,,,,,,,,,,,,,,,,,,,,,,,,
1750,,,,,,,,,,,,,,,,,,,,,,,,,,,,,,,,,,,,,,,22.4,,,,,,,,,,,,,,,,,,,,,,,,,,,,,,,,,,,,,,,,,,,,,,,,,,,,,,,,,,,,,,,,,,,,,,,,,,,,,,,,,,,,,,,,,,,,,,,,,,,,,,,,,,,,,,,,,,,,,,,,,,,,,,,,,,,,,,,,,,,,,,,,,,,,,,,,,,,,,,,,,,,,,,,,,,,,,,,,,,,,,,,,,,,,,,,,,,,
1800,,,,,,,,,,,,,,,,,,,,,,,,,,,,,,,,,,,,,,,20.6,,,,,,,,,,,,,,,,,,,,,,,,,,,,,,,,,,,,,,,,,,,,,,,,,,,,,,,,,,,,,,,,,,,,,,,,,,,,,,,,,,,,,,,,,,,,,,,,,,,,,,,,,,,,,,,,,,,,,,,,,,,,,,,,,,,,,,,,,,,,,,,,,,,,,,,,,,,,,,,,,,,,,,,,,,,,,,,,,,,,,,,,,,,,,,,,,,,
1814,,,,,,,,,,,,,,,,,,,,,,,,,,,,,,,,,,,,,,,,,,,,,,,,,,,,,,,,,,,,,,,,,,,,,,14.0,,,,,,,,,,,,,,,,,,,,,,,,,,,,,,,,,,,,,,,,,,,,,,,,,,,,,,,,,,,,,,,,,,,,,,,,,,,,,,,,,,,,,,,,,,,,,,,,,,,,,,,,,,,,,,,,,,,,,,,,,,,,,,,,,,,,,,,,,,,,,,,,,,,,,,,,,,,,,,,,,,,,
1841,,,,,,,,,,,,,,,,,,,,,,,,,,,,,,,,,,,,,,,,,,,,,,,,,,,,,,,,,,,,,,,,,,,,,,13.0,,,,,,,,,,,,,,,,,,,,,,,,,,,,,,,,,,,,,,,,,,,,,,,,,,,,,,,,,,,,,,,,,,,,,,,,,,,,,,,,,,,,,,,,,,,,,,,,,,,,,,,,,,,,,,,,,,,,,,,,,,,,,,,,,,,,,,,,,,,,,,,,,,,,,,,,,,,,,,,,,,,,
1850,,,,,,,,,,,,,,,,,,,,,,,,,,,,,,,,,,,,,,,18.1,,,,,,,,,,,,,,,,,,,,,,,,,,,,,,,,,,,,,,,,,,,,,,,,,,,,,,,,,,,,,,,,,,67.5,,,,,,,,,,,,,,,,,,,,,,,,,,,,,,,,,,,,,,,,,,,,,,,,,,,,,,,,,,,,,,,,,,,,,,,,,,,,,,,,,,,,,,,,,,,,,,,,,,,,,,,,,,,,,,,,,,,,,,,,,,,,,,,,,
1871,,,,,,,,,,,,,,,,,,,,,,,,,,,,,,,,,,,,,,,,,,,,,,,,,,,,,,,,,,,,,,,,,,,,,,14.0,,,,,,,,,,,,,,,,,,,,,,,,,,,,,,,,,,,,,,,,,,,,,,,,,,,,,,,,,,,,,,,,,,,,,,,,,,,,,,,,,,,,,,,,,,,,,,,,,,,,,,,,,,,,,,,,,,,,,,,,,,,,,,,,,,,,,,,,,,,,,,,,,,,,,,,,,,,,,,,,,,,,
1892,,,,,,,,,,,,,,,,,,,,,,,,,,,,,,,,,,,,,,,,,,,,,,,,,,,,,,,,,,,,,,,,,,,,,,15.0,,,,,,,,,,,,,,,,,,,,,,,,,,,,,,,,,,,,,,,,,,,,,,,,,,,,,,,,,,,,,,,,,,,,,,,,,,,,,,,,,,,,,,,,,,,,,,,,,,,,,,,,,,,,,,,,,,,,,,,,,,,,,,,,,,,,,,,,,,,,,,,,,,,,,,,,,,,,,,,,,,,,
1900,,,,,,,,,,,,,,,,,,,,,,,,,,,,,,,,,,,,,,,15.3,,,,,,,,,,,,,,,,,,,,,,,,,,,,,,,,,,,,,,,,,,,,,,,,,,,,,,,,,,,,,,,,,,64.3,,,,,,,,,,,,,,,,,,,,,,,,,,,,,,,,,,,,,,,,,,,,,,,,,,,,,,,,,,,,,,,,,,,,,,,,,,,,,,,,,,,,,,,,,,,,,,,,,,,,,,,,,,,,,,,,,,,,,,,,,,,,,,,,,
1904,,,,,,,,,,,,,,,,,,,,,,,,,,,,,,,,,,,,,,,,,,,,,,,,,,,,,,,,,,,,,,,,,,,,,,,,,,,,,,,,,,,,,,,,,,,,,,,,,,,,,,,,,,,,,,,,,,,,,,,,,,,,,,,,,,,,,,,,,,,,,,,,,,,,,,,,,,,,,,,,,,,,,,,,,,,,,,,,,,,,,,,,,,,,,,,,,,,,,,,,,,,,,,,,,,,,,,,60.0,,,,,,,,,,,,,,,,,,,
1907,,,,,,,,,,,,,,,,,,,,,,,,,,,,,,,,,,,,,,,,,,,,,,,,,,,,,,,,,,,,,,,,,,,,,,,,,,,,,,,,,,,,,,,,,,,,,,,,,,,,,,,,,,,,,,,,,,,,,,,,,,,,,,,,,,,,,,,,,,,,,,,,,,,,,,,,,,,,,,,,,,,,,,,,,,,,,,,,,,,,,,,,,,,,,,,,,,,,,,,,,,,,,,,,,,,,,,,,,,,,33.52,,,,,,,,,,,,,,
1911,,,,,,,,,,,,,,,,,,,,,,,,,,,,,,,,,,,,,,,,,,,,,,,,,,,,,,,,,,,,,,,,,,,,,,16.0,,,,,,,,,,,,,,,,,,,,,,,,,,,,,,,,,,,,,,,,,,,,,,,,,,,,,,,,,,,,,,,,,,,,,,,,,,,,,,,,,,,,,,,,,,,,,,,,,,,,,,,,,,,,,,,,,,,,,,,,,,,,,,,,,,,,,,,,,,,,,,,,,,,,,,,,,,,,,,,,,,,,
1920,,,,,,,,,,,,,,,,,,,,,,,,,,,,,,,,,,,,,,,,,,,,,,,,,,,,,,,,,,,,,,,,,,,,,,,,,,,,,,,,,,,,,,,,,,,,,,,,,,,,,,,,,,,,,,,,,,,,,,,,,,,,,,,,,,,,,,,,,,,,,,,,,,,,,,,,,,,,,,,,,,,,,,,,,,,,,,,,,,,,,,,,,,,,,,,,,,,,,,,,,,,,,,,,,,,,,,,,,,,,31.85,,,,,,,,,,,,,,
1926,,,,,,,,,,,,,,,,,,,,,,,,,,,,,,,,,,,,,,,,,,,,,,,,,,,,,,,,,,,,,,,,,,,,,,,,,,,,,,,,,,,,,,,,,,,,,,,,,,,,,,,,,,,,,,,,,,,,,,,,,,,,,,,,,,,,,,,,,,,,,,,,,,,,,,,,,,,,,,,,,,,,,,,,,,,,,,,,,,,,,,,,,,,,,,,,,,,,,,,,,,,,,,,,,,,,,,,64.0,,,,,,,,,,,,,,,,,,,
1938,,,,,,,,,,,,,,,,,,,,,,,,,,,,,,,,,,,,,,,,,,,,,,,,,,,,,,,,,,,,,,,,,,,,,,19.0,,,,,,,,,,,,,,,,,,,,,,,,,,,,,,,,,,,,,,,,,,,,,,,,,,,,,,,,,,,,,,,,,,,,,,,,,,,,,,,,,,,,,,,,,,,,,,,,,,,,,,,,,,,,,,,,,,,,,,,,,,,,,,,,,,,,,,,,,,,,,,,,,,,,,,,,,,,,,,,,,,,,
1939,,,,,,,,,,,,,,,,,,,,,,,,,,,,,,,,,,,,,,,,,,,,,,,,,,,,,,,,,,,,,,,,,,,,,,,,,,,,,,,,,,,,,,,,,,,,,,,,,,,,,,,,,62.5,,,,,,,,,,,,,,,,,,,,,,,,,,,,,,,,,,,,,,,,,,,,,,,,,,,,,,,,,,,,,,,,,,,,,,,,,,,,,,,,,,,,,,,,,,,,,,,,,,,,,,,,,,,,,,,,,,,,,,,,,,,,,,,,,
1940,,,,,,,,,,,,,,,,,,,,,,,,,,,,,,,,,,,,,,,,,,,,,,,,67.1,,,,,,,,,,,,,,,,,,,,,,,,,,,,,,,,,,,,,,,,,,,,,,,,,,,,,,,,,,,,,,,,,,,,,,,,,,,,,,,,,,,,,,,,,,,,,,,,,,,,,,,,,,,,,,,,,,,,,,,,,,,,,,,,,,,,,,,,,,,,,,,,,,,,,,,,,,,,,,,,,,,,,,,,,,,,32.6,,,,,,,,,,,,,,
1943,,,,,,,,,,,,,,,,,,,,,,,,,,,,,,,,,,,,,,,,,,,,,,,,,,,,,,,,,,,,,,,,,,,,,,,,,,,,,,,,,,,,,,,,,,,,,,,,,,,,,,,,,,,,,,,,,,,,,,,,,,,,,,,,,,,,,,,,,,,,,,,,,,,,,,,,,,,,,,,,,,,,,,,,,,,,,,,,,,,,,,,,,,,,,,,,,,,,,,,,,,,,,,,,,,,,,,,,,,,,,,,,,,,43.0,,,,,,,
1945,,,,,,,,,,,,,,,,,,,,,,,,,,,,,,,,,,,,,,,,,,,,,,,,,,,,,,,,,,,,,,,,,,,,,,,,,,,,,,,,,,,,,,,,,,,,,,,,,,,,,,,,,51.5,,,,,,,,,,,,,,,,,,,,,,,,,,,,,,,,,,,,,,,,,,,,,,,,,,,,,,,,,,,,,,,,,,,,,,,,,,,,,,,,,,,,,,,,,,,,,,,,,,,,,,,,,,,,,,,,,,,,,,,,,,,,,,,,,
1948,,,,,,,,,,,,,,,,,,,,,,,,,,,,,,,,,,,,,,,,,,,,,,,,,,,,,,,,,,,,,,,,,,,,,,,,,,,,,,,,,,,,,,,,,,,,,,,,,,,,,,,,,,,,,,,,71.0,,,,,,,,,,,,,,,,,,,,,,,,,,,,,,,,,,,,,,,,,,,,,,,,,,,,,,,,,,,,,,,,,,,,,,,,,,,,,,,,,,,,,,,,,,,,,,,,,,,,,,,,,,,,,,,,,,,,,,,,,,
1950,,,,,,,,,,,,,,,,,,,,,,,,,,,,,,,,,,,,,,,11.5,,,,,,,,,,,,,,,,,,,,,,,,,,,,,,,,,,,,,,,,,,,,,,,,,,,,,,,,,,,,,,,,,,65.9,,,,,,,,,,,,,,,,,,,,,,,,,,,,,,,,,,,,,,,,,,,,,,,,,,,,,,,,,,,,,,,,,,,,,,,,,,,,,,,,,,,,,,,,,,,,,,,,,,,,,,,,,,,,,,,,,,,,,,,,,,,,,,,,,
1953,,,,,,,,,,,,,,,,,,,,,,,,,,,,,,,,,,,,,,,,,,,,,,,,,,,,,,,,,,,,,,,,,,,,,,,,,,,,,,,,,,,,,,,,,,,,,,,,,,,,,,,,,,,,,,,,,,,,,,,,,,,,,,,,,,,,,,,,,,,,,,,,,,,,,,,,,,,,,,,,,,,,,,,,,,,,,,,,,,,,,,,,,,,,,,,,,,,,,,,,,,,,,,,,,,,,,,,,,,,,32.78,,,,,,,,,,,,,,
1955,,,,,,,,,,,,,,,,,,,,,,,,,,,,,,,,,,,,,,,,,,,,,,,,,,,,,,,,,,,,,,,,,,,,,,22.0,,,,,,,,,,,,,,,,,,,,,,,,,,,,,,,,,,,,,,,,,,,,,,,,,,,,,,,,,,,,,,,,,,,,,,,,,,,,,,,,,,,,,,,,,,,,,,,,,,,,,,,,,,,,,,,,,,,,,,,,,,,,,,,,,,,,,,,,,,,,,,,,,,,,,,,,,,,,,,,,,,,,
1956,,,,,,,,,,,,,,,,,,,,,,,,,,,,,,,,,,,,,,,,,,,,,,,,,,,,,,,,,,,,,,,,,,,,,,24.0,,,,,,,,,,,,,,,,,,,,,,,,,,,,,,,,,,,,,,,,,,,,,,,,,,,,,,,,,,,,,,,,,,,,,,,,,,,,,,,,,,,,,,,,,,,,,,,,,,,,,,,,,,,,,,,,,,,,,,,,,,,,,,,,,,,,,,,,,,,,,,,,,58.0,,,,,,,,,,,,,,,,,,,
1960,,,,,,,,,,,,,,,,,,,,,,,,,,,,,,,,,,,,,,,9.3,,,,,,,,,,,,,,,,,,,,,,,,,,,,,,,,,,,,,,,,,,,,,,,,,,,,,,,,,,,,,,,,,,,,,,,,,,,,,,,,,,,,,,,,,,,,,,,,,,,,,,,,,,,,,,,,,,,,,,,,,,,,,,,,,,,,,,,,,,,,,,,,,,,,,,,,,,,,,,,,,,,,,,,,,,,,,,,,,,,,,,,,,,,,,,,,,,,
1963,,,,,,,,,,,,,,,,,,,,,,,,,,,,,,,,,,,,,,,,,,,,,,,,,,,,,,,,,,,,,,,,,,,,,,,,,,,,,,,,,,,,,,,,,,,,,,,,,,,,,,,,,67.5,,,,,,,69.6,,,,,,,,,,,,,,,,,,,,,,,,,,,,,,,,,,,,,,,,,,,,,,,,,,,,,,,,,,,,,,,,,,,,,,,,,,,,,,,,,,,,,,,,,,,,,,,,,,,,,,,,,,,,33.27,,,,,,,,,,,,,,
1969,,,,,,,,,,,,,,,,,,,,,,,,,,,,,,,,,,,,,,,,,,,,,,,,56.6,,,,,,,,,,,,,,,,,,,,,,,,,,,,,,,,,,,,,,,,,,,,,,,,,,,,,,,,,,,,,,,,,,,,,,,,,,,,,,,,,,,,,,,,,,,,,,,,,,,,,,,,,,,,,,,,,,,,,,,,,,,,,,,,,,,,,,,,,,,,,,,,,,,,,,,,,,,,,,,,,,,,,,,,,,,,,,,,,,,,,,,,,,
1970,,,,,,,,,,,,,,,,,,,,,,,,,,,,,,,,,,,,,,,,,,,,,,,,,,,,,,,,,,,,,,,,,,,,,,,,,,,,,,,,,,,,,,,,,,,,,,,,,,,,,,,,,66.5,,,,,,,,,,,,,,,,,,,,,,,,,,,,,,,,,,,,,,,,,,,,,,,,,,,,,,,,,,,,,,,,,,,,,,,,,,,,,,,,,,,,,,,,,,,,,,,,,,,,,,,,,,,,,,,,,,,,,,,,,,,,,,,,,
1976,,,,,,,,,,,,,,,,,,,,,,,,,,,,,,,,,,,,,,,,,,,,,,,,,,,,,,,,,,,,,,,,,,,,,,26.0,,,,,,,,,,,,,,,,,,,,,,,,,,,,,,,,,,,,,,,,,,,,,,,,,,,,,,,,,,,,,,,,,,,,,,,,,,,,,,,,,,,,,,,,,,,,,,,,,,,,,,,,,,,,,,,,,,,,,,,,,,,,,,,,,,,,,,,,,,,,,,,,,,,,,,,,,,,,,33.0,,,,,,,
1977,,,,,,,,,,,,,,,,,,,,,,,,,,,,,,,,,,,,,,,,,,,,,,,,,,,,,,,,,,,,,,,,,,,,,,,,,,,,,,,,,,,,,,,,,,,,,,,,,,,,,,,,,,,,,,,,,,,,,,,,,,,,,,,,,,,,,,,,,,,,,,,,,,,,,,,,,,,,,,,,,,,,,,,,,,,,,,,,,,,,,,,,,,,,,,,,,,,,,,,,,,,,,,,,,,,,,,,,,,,,32.78,,,,,,,,,,,,,,
1980,,,,,,,,,,,,,,,,,,,,,,,,,,,,,,,,,,,,,,,,,,,,,,,,,,,,,,,,,,,,,,,,,,,,,,,,,,,,,,,,,,,,,,,,,,,,,,,,,,,,,,,,,66.8,,,,,,,67.0,,,,,,,,,,,,,,,,,,,,,,,,,,,,,,,,,,,,,,,,,,,,,,,,,,,,,,,,,,,,,,,,,,,,,,,,,,,,,,,,,,,,,,,,,,,,,,,,,,,,,,,,,,,,,,,,,,,32.1,,,,,,,
1982,,,,,,,,,,,,,,,,,,,,,,,,,,,,,,,,,,,,,,,,,,,,,,,,,,,,,,,,,,,,,,,,,,,,,,,,,,,,,,,,,,,,,,,,,,,,,,,,,,,,,,,,,,,,,,,,,,,,,,,,,,,,,,,,,,,,,,,,,,,,,,,,,,,,,,,,,,,,,,,,,,,,,,,,,,,,,,,,,,,,,,,,,,,,,,,,,,,,,,,,,,,,,,,,,,,,,,,57.0,,,,,,,,,,,,,,,,,,,
1985,,,,,,,,,,,,,,,,,,,,,,,,,,,,,,,,,,,,,,,,,,,,,,,,,,,,,,,,,,,,,,,,,,,,,,,,,,,,,,,,,,,,,,,,,,,,,,,,,,,,,,,,,65.6,,,,,,,,,,,,,,,,,,,,,,,,,,,,,,,,,,,,,,,,,,,,,,,,,,,,,,,,,,,,,,,,,,,,,,,,,,,,,,,,,,,,,,,,,,,,,,,,,,,,,,,,,,,,,,,,,,,,,,,,,,30.0,,,,,,,
1987,,,,,,,,,,,,,,,,,,,,,,,,,,,,,,,,,,,,,,,,,,,,,,,,,,,,,,,,,,,,,,,,,,,,,,,,,,,,,,,,,,,,,,,,,,,,,,,,,,,,,,,,,,,,,,,,,,,,,,,,,,,,,,,,,,,,,,,,,,,,,,,,,,,,,,,,,,,,,,,,,,,,,,,,,,,,,,,,,,,,,,,,,,,,,,,,,,,,,,,,,,,,,,,,,,,,,,,,,,,,32.38,,,,,,,,,,,,,,
1990,2.3333333,1.850994,63.57807,61.11111,27.436522,34.042553,2.4835806,12.661488,11.184937,90.35,22.977272,17.294716,45.01329,11.399769,9.934604,21.858622,42.13271,5.931677,28.14018,12.934999,29.975674,0.31884056,36.73343,41.235107,8.5,39.850674,69.65738,18.518518,52.61767,69.15382,14.651163,71.577126,53.33447,32.323757,37.24518,22.267378,27.936075,20.164171,16.43223,24.346771,47.324585,64.23795,65.248535,62.125,56.89349,24.750135,3.8163772,56.89628,18.72782,0.15765765,49.734848,17.417297,33.438442,31.655321,0.2413793,67.08,12.382106,32.769466,0.6999085,51.601814,0.04374657,9.510714,2.5003757,27.480108,49.500107,16.778502,64.6912,51.4335,0.0,26.290964,0.057306588,91.22857,88.772064,11.403473,39.606888,41.604176,0.0,29.594078,43.041176,36.695576,61.813732,96.22638,24.996597,52.058826,0.0006438396,43.908535,97.2588,44.444443,86.53371,62.11912,33.33923,13.79892,19.498013,62.03524,6.0701756,19.450241,6.568583,5.200733,1.8342763,0.16572815,5.9809694,25.186666,47.432213,1.0982203,66.04023,1.1585467,6.648414,5.905977,60.78651,1.4567901,42.307693,65.99839,0.1936027,75.35051,13.368421,76.548805,0.12332769,34.306454,40.625,35.822742,1.1370224,30.93415,33.474903,50.17494,24.8,12.283709,0.0,10.177305,23.326263,2.7333333,35.93584,52.22222,37.244263,10.720938,1.09375,57.964912,59.884144,9.175767,69.47826,54.264557,0.46186087,35.0,42.336285,20.132353,29.555199,62.3292,51.06952,10.638453,44.73251,1.5351224,12.25,28.715036,49.08583,72.80769,8.315193,31.497126,38.537846,0.0,35.009037,0.009693054,30.215187,6.2640247,61.089897,59.48284,25.929367,86.04348,78.644196,28.40513,36.113865,57.34221,36.897526,62.804817,1.5083057,36.1075,0.0,35.03984,26.725115,47.330513,12.034928,0.45448416,10.2289295,47.293785,21.804323,5.1282053,88.059166,43.246197,34.1673,16.666666,12.988897,7.9166665,30.703938,11.063825,61.0625,93.869064,38.780544,60.82881,62.72181,26.563364,10.882353,73.26087,2.009288,11.073685,5.241433,23.97711,37.731915,2.8761837,0.0,8.455235,64.76799,11.933333,47.185184,3.9360487,25.190655,33.333332,,60.58272,14.802194,15.756772,4.5284305,31.41003,6.6684103,0.0,70.61539,57.042927,24.733334,70.11429,28.323595,36.283836,41.428574,62.01761,1.0398318,14.881665,62.996773,48.17965
1991,2.3333333,1.850994,63.453407,61.11111,27.368696,34.042553,2.5488937,12.595814,11.184937,90.18,22.827272,17.268,45.08777,11.399769,9.638018,21.858622,41.52274,5.931677,27.95781,12.9349985,30.01892,0.3390692,36.73343,41.235107,8.5,39.850674,69.04471,18.518518,52.371593,68.70982,14.651163,71.29983,54.503506,32.1204,37.19702,22.264366,28.03944,20.239693,16.639912,23.491964,47.134758,63.950943,65.21345,62.4,56.698822,24.514778,4.420347,56.79808,19.07089,0.15765765,49.659092,17.530811,33.438442,31.669914,0.2413793,66.75467,12.475676,33.54526,0.6962137,51.797367,0.04528434,9.510714,2.5019584,28.117035,49.500107,16.778502,64.859856,51.799015,0.0,26.446125,0.057306588,91.22857,88.74905,11.475719,39.606888,41.153244,0.0,29.45294,42.988235,36.18823,61.579994,95.92845,25.22521,52.058826,0.00063305534,43.383232,97.20889,44.444443,86.51606,61.932873,33.33923,13.790739,19.61332,61.131752,6.0701756,19.561367,6.8086514,5.2150354,1.8374703,0.1781165,6.0761213,25.438643,47.429665,1.0982203,66.020645,1.1585467,6.666101,5.905977,60.662895,1.4567901,42.307693,65.92283,0.20145904,75.17399,13.353875,76.2771,0.12332769,34.26452,40.75,35.542435,1.1370224,30.93415,33.474903,50.17494,24.8,12.288467,0.0,10.177305,23.213362,2.7333333,35.823322,52.22222,37.244263,10.720938,1.09375,57.321926,59.884144,9.170135,69.47826,53.990593,0.4565829,34.0,42.41593,20.17451,29.200708,62.048927,50.152405,10.552307,44.768677,1.4864326,12.25,28.538256,48.318783,72.76923,8.349313,31.492193,38.61174,0.0,35.187653,0.009693054,30.160833,6.2042923,60.870777,59.393307,25.77285,86.04348,78.6179,28.461737,37.3407,56.9628,36.769432,62.17686,1.5083057,36.776497,0.0,35.16016,26.723017,47.330513,11.921033,0.45448416,10.2289295,47.06502,22.12587,5.1282053,88.033875,42.973347,33.953423,16.666666,12.868535,7.820833,30.703938,11.063825,61.035416,93.84663,38.780544,60.82881,62.74416,26.633295,10.882353,73.26087,2.041689,11.073685,5.212072,23.813004,37.66117,2.8761837,0.0,8.455235,64.67384,11.933333,47.079727,3.9506402,25.237114,33.333332,,60.190025,14.631413,15.756772,4.852457,31.420347,6.6684103,0.0,70.871796,56.727703,24.706667,68.95143,29.070417,36.283836,41.435715,61.84789,1.0398318,14.851807,62.949203,48.061752
1992,2.3333333,1.850994,63.328747,61.11111,27.300869,34.042553,2.6142068,12.53014,11.184937,90.009995,22.677273,17.241285,45.162243,11.399769,9.341431,21.858622,40.912773,5.931677,27.775436,12.934997,30.062168,0.3592978,36.73343,41.235107,8.5,39.850674,68.432045,18.518518,52.12552,68.26583,14.651163,71.02253,55.67254,31.91704,37.148865,22.261356,28.142805,20.315212,16.847593,22.637157,46.94493,63.663933,65.17836,62.675,56.50415,24.27942,5.0243177,56.69988,19.41396,0.15765765,49.583332,17.644325,33.438442,31.684507,0.2413793,66.42934,12.569244,34.32106,0.69251895,51.992924,0.04682211,9.510714,2.5035412,28.75396,49.500107,16.778502,65.02851,52.16453,0.0,26.601288,0.057306588,91.22857,88.72602,11.547966,39.606888,40.702316,0.0,29.311804,42.935295,35.680885,61.346252,95.630516,25.453825,52.058826,0.0006222711,42.857933,97.15899,44.444443,86.49842,61.746628,33.33923,13.782559,19.728626,60.228268,6.0701756,19.672493,7.0487194,5.229338,1.8406644,0.19050485,6.171273,25.690617,47.427116,1.0982203,66.00105,1.1585467,6.6837883,5.905977,60.539284,1.4567901,42.307693,65.847275,0.20931537,74.99747,13.33933,76.00539,0.12332769,34.222584,40.875,35.262127,1.1370224,30.93415,33.474903,50.17494,24.8,12.293226,0.0,10.177305,23.10046,2.7333333,35.710804,52.22222,37.244263,10.720938,1.09375,56.678944,59.884144,9.164502,69.47826,53.716633,0.45130494,33.0,42.495575,20.216667,28.846218,61.76865,49.235294,10.466162,44.804844,1.4377427,12.25,28.361475,47.551735,72.730774,8.383433,31.48726,38.68564,0.0,35.36627,0.009693054,30.10648,6.14456,60.651657,59.303772,25.616333,86.04348,78.5916,28.518341,38.567528,56.58339,36.64134,61.548904,1.5083057,37.44549,0.0,35.28048,26.72092,47.330513,11.8071375,0.45448416,10.2289295,46.836258,22.447416,5.1282053,88.008575,42.700497,33.739544,16.666666,12.748174,7.725,30.703938,11.063825,61.008335,93.82419,38.780544,60.82881,62.76651,26.703226,10.882353,73.26087,2.07409,11.073685,5.18271,23.648897,37.590427,2.8761837,0.0,8.455235,64.57969,11.933333,46.97427,3.9652317,25.283573,33.333332,,59.797333,14.460633,15.756772,5.176484,31.430662,6.6684103,0.0,71.128204,56.41248,24.68,67.788574,29.81724,36.283836,41.44286,61.678173,1.0398318,14.821949,62.901638,47.94385
1993,2.3333333,1.850994,63.204082,61.11111,27.233044,34.042553,2.67952,12.464465,11.184937,89.84,22.527271,17.21457,45.236717,11.399769,9.044845,21.858622,40.302803,5.931677,27.593065,12.934996,30.105415,0.3795264,36.73343,41.235107,8.5,39.850674,67.819374,18.518518,51.879444,67.82184,14.651163,70.74524,56.841576,31.71368,37.10071,22.258345,28.24617,20.390734,17.055275,21.78235,46.755108,63.37692,65.14327,62.95,56.30948,24.044064,5.6282883,56.60168,19.75703,0.15765765,49.507576,17.757837,33.438442,31.699099,0.2413793,66.104004,12.662814,35.096855,0.6888242,52.188477,0.04835988,9.510714,2.5051239,29.390884,49.500107,16.778502,65.19717,52.53005,0.0,26.75645,0.057306588,91.22857,88.703,11.620213,39.606888,40.251385,0.0,29.170666,42.88235,35.17354,61.11251,95.33258,25.682438,52.058826,0.00061148684,42.332634,97.109085,44.444443,86.480774,61.56038,33.33923,13.774379,19.843933,59.32478,6.0701756,19.783619,7.288788,5.243641,1.8438584,0.2028932,6.2664247,25.942593,47.42457,1.0982203,65.98147,1.1585467,6.701475,5.905977,60.415672,1.4567901,42.307693,65.77171,0.21717171,74.820946,13.324784,75.73368,0.12332769,34.180645,41.0,34.98182,1.1370224,30.93415,33.474903,50.17494,24.8,12.297985,0.0,10.177305,22.987556,2.7333333,35.598286,52.22222,37.244263,10.720938,1.09375,56.035957,59.884144,9.158869,69.47826,53.44267,0.44602698,32.0,42.575222,20.258823,28.491728,61.488377,48.318184,10.380017,44.84101,1.3890529,12.25,28.184692,46.784687,72.69231,8.417553,31.482327,38.759533,0.0,35.544884,0.009693054,30.052128,6.0848274,60.432537,59.21424,25.459816,86.04348,78.56531,28.574947,39.79436,56.20398,36.513245,60.92095,1.5083057,38.114487,0.0,35.400795,26.718822,47.330513,11.693243,0.45448416,10.2289295,46.607494,22.768963,5.1282053,87.983284,42.42765,33.525665,16.666666,12.627811,7.6291666,30.703938,11.063825,60.98125,93.80174,38.780544,60.82881,62.78886,26.773157,10.882353,73.26087,2.1064909,11.073685,5.153349,23.48479,37.519684,2.8761837,0.0,8.455235,64.48554,11.933333,46.86881,3.979823,25.330032,33.333332,,59.404636,14.289852,15.756772,5.5005107,31.440979,6.6684103,0.0,71.38462,56.097256,24.653334,66.62572,30.564062,36.283836,41.45,61.508453,1.0398318,14.79209,62.85407,47.825954
1994,2.3333333,1.850994,63.079422,61.11111,27.165216,34.042553,2.744833,12.398791,11.184937,89.67,22.377272,17.187855,45.311195,11.399769,8.748258,21.858622,39.692837,5.931677,27.410692,12.934995,30.148663,0.39975503,36.73343,41.235107,8.5,39.850674,67.2067,18.518518,51.63337,67.377846,14.651163,70.46794,58.010612,31.51032,37.052555,22.255333,28.349535,20.466255,17.262957,20.927544,46.56528,63.08991,65.108185,63.225,56.11481,23.808706,6.2322583,56.50348,20.1001,0.15765765,49.431816,17.871351,33.438442,31.713692,0.2413793,65.77866,12.756383,35.87265,0.6851294,52.384033,0.04989765,9.510714,2.5067067,30.027811,49.500107,16.778502,65.36582,52.895565,0.0,26.911612,0.057306588,91.22857,88.679985,11.692459,39.606888,39.800453,0.0,29.02953,42.82941,34.666195,60.878773,95.03465,25.911053,52.058826,0.0006007026,41.80733,97.05918,44.444443,86.46313,61.37413,33.33923,13.766199,19.95924,58.421295,6.0701756,19.894745,7.5288563,5.257943,1.8470523,0.21528155,6.3615766,26.194567,47.42202,1.0982203,65.96188,1.1585467,6.719162,5.905977,60.292057,1.4567901,42.307693,65.69615,0.22502805,74.644424,13.310239,75.461975,0.12332769,34.13871,41.125,34.70151,1.1370224,30.93415,33.474903,50.17494,24.8,12.302744,0.0,10.177305,22.874655,2.7333333,35.485767,52.22222,37.244263,10.720938,1.09375,55.392975,59.884144,9.153236,69.47826,53.16871,0.44074902,31.0,42.65487,20.300982,28.137238,61.2081,47.40107,10.293872,44.87718,1.340363,12.25,28.007912,46.01764,72.65385,8.4516735,31.477394,38.833427,0.0,35.7235,0.009693054,29.997774,6.025095,60.213417,59.124706,25.303299,86.04348,78.53901,28.631552,41.021194,55.82457,36.38515,60.292995,1.5083057,38.783485,0.0,35.521114,26.716724,47.330513,11.579348,0.45448416,10.2289295,46.37873,23.09051,5.1282053,87.95799,42.1548,33.311787,16.666666,12.507449,7.5333333,30.703938,11.063825,60.954166,93.779305,38.780544,60.82881,62.81121,26.843088,10.882353,73.26087,2.1388917,11.073685,5.1239877,23.320684,37.44894,2.8761837,0.0,8.455235,64.391396,11.933333,46.76335,3.9944146,25.376492,33.333332,68.0,59.01194,14.119072,15.756772,5.8245378,31.451294,6.6684103,0.0,71.64103,55.782032,24.626667,65.46286,31.310884,36.283836,41.457146,61.338734,1.0398318,14.762232,62.8065,47.708057
1995,2.3333333,1.850994,62.954758,61.11111,27.097391,34.042553,2.8101459,12.3331175,11.184937,89.5,22.227272,17.161139,45.385674,11.399769,8.451672,21.858622,39.082867,5.931677,27.228321,12.934994,30.19191,0.41998366,36.73343,41.235107,8.5,39.850674,66.59404,18.518518,51.387295,66.93385,14.651163,70.19064,59.17965,31.306961,37.0044,22.252323,28.4529,20.541775,17.470638,20.072739,46.375454,62.8029,65.0731,63.5,55.920143,23.573349,6.8362284,56.40528,20.44317,0.15765765,49.35606,17.984865,33.438442,31.728285,0.2413793,65.45333,12.849953,36.648445,0.68143463,52.579586,0.05143542,9.510714,2.5082893,30.664738,49.500107,16.778502,65.534485,53.261086,0.0,27.066772,0.057306588,91.22857,88.65697,11.764706,39.606888,39.349525,0.0,28.888391,42.77647,34.158848,60.645035,94.736725,26.139666,52.058826,0.00058991835,41.28203,97.00928,44.444443,86.44548,61.18788,33.33923,13.7580185,20.074547,57.517807,6.0701756,20.00587,7.7689247,5.2722454,1.8502464,0.2276699,6.4567285,26.446543,47.41947,1.0982203,65.94229,1.1585467,6.736849,5.905977,60.16844,1.4567901,42.307693,65.62059,0.2328844,74.46791,13.295693,75.19026,0.12332769,34.096775,41.25,34.421204,1.1370224,30.93415,33.474903,50.17494,24.8,12.307503,0.0,10.177305,22.761753,2.7333333,35.373245,52.22222,37.244263,10.720938,1.09375,54.74999,59.884144,9.147604,69.47826,52.894745,0.43547106,30.0,42.734512,20.343138,27.782747,60.927826,46.483955,10.2077265,44.913345,1.2916732,12.25,27.831131,45.250595,72.61539,8.485793,31.472462,38.907326,0.0,35.902115,0.009693054,29.94342,5.9653625,59.9943,59.03517,25.146782,86.04348,78.51271,28.688158,42.248024,55.44516,36.257057,59.66504,1.5083057,39.452484,0.0,35.641434,26.714626,47.330513,11.465452,0.45448416,10.2289295,46.14997,23.412056,5.1282053,87.93269,41.88195,33.097908,16.666666,12.387087,7.4375,30.703938,11.063825,60.927086,93.75687,38.780544,60.82881,62.83356,26.913017,10.882353,73.26087,2.1712928,11.073685,5.0946264,23.156578,37.378197,2.8761837,0.0,8.455235,64.29724,11.933333,46.657894,4.009006,25.42295,33.333332,,58.619247,13.948292,15.756772,6.1485643,31.46161,6.6684103,0.0,71.89744,55.466805,24.6,64.3,32.05771,36.283836,41.464287,61.169014,1.0398318,14.732374,62.758934,47.590157
1996,2.3333333,1.850994,62.830093,61.11111,27.029566,34.042553,2.875459,12.267444,11.184937,89.329994,22.077272,17.134422,45.460148,11.399769,8.155085,21.858622,38.472897,5.931677,27.04595,12.934992,30.235155,0.44021228,36.73343,41.235107,8.5,39.850674,65.98137,18.518518,51.14122,66.48986,14.651163,69.913345,60.348682,31.103603,36.95624,22.249311,28.556263,20.617296,17.678322,19.217932,46.185627,62.51589,65.03801,63.775,55.72547,23.33799,7.440199,56.307083,20.786242,0.15765765,49.280304,18.09838,33.438442,31.742878,0.2413793,65.128,12.943522,37.424244,0.6777398,52.77514,0.05297319,9.510714,2.509872,31.301662,49.500107,16.778502,65.70314,53.626602,0.0,27.221935,0.057306588,91.22857,88.63394,11.836953,39.606888,38.898594,0.0,28.747253,42.72353,33.651505,60.411293,94.43879,26.368279,52.058826,0.0005791341,40.75673,96.95937,44.444443,86.42784,61.001637,33.33923,13.749838,20.189854,56.61432,6.0701756,20.116997,8.008993,5.286548,1.8534404,0.24005824,6.5518804,26.698519,47.416927,1.0982203,65.92271,1.1585467,6.754536,5.905977,60.04483,1.4567901,42.307693,65.54504,0.24074075,74.29139,13.281148,74.91856,0.12332769,34.05484,41.375,34.140892,1.1370224,30.93415,33.474903,50.17494,24.8,12.312261,0.0,10.177305,22.648851,2.7333333,35.260727,52.22222,37.244263,10.720938,1.09375,54.107002,59.884144,9.141972,69.47826,52.62078,0.43019307,29.0,42.81416,20.385294,27.428257,60.647552,45.566845,10.121581,44.949516,1.2429835,12.25,27.65435,44.483547,72.57693,8.519913,31.46753,38.98122,0.0,36.080727,0.009693054,29.889067,5.9056296,59.77518,58.945637,24.990267,86.04348,78.48641,28.744764,43.474857,55.065754,36.128963,59.037083,1.5083057,40.12148,0.0,35.761753,26.71253,47.330513,11.351557,0.45448416,10.2289295,45.921207,23.733603,5.1282053,87.9074,41.6091,32.884033,16.666666,12.266726,7.341666,30.703938,11.063825,60.9,93.73443,38.780544,60.82881,62.85591,26.982948,10.882353,73.26087,2.2036936,11.073685,5.0652647,22.99247,37.307453,2.8761837,0.0,8.455235,64.203094,11.933333,46.552437,4.0235972,25.469412,33.333332,,58.22655,13.777512,15.756772,6.472591,31.471928,6.6684103,0.0,72.15385,55.15158,24.573334,63.137142,32.80453,36.283836,41.471428,60.9993,1.0398318,14.702516,62.711365,47.47226
1997,2.3333333,1.850994,62.705433,61.11111,26.961739,34.042553,2.940772,12.20177,11.184937,89.159996,21.927273,17.107708,45.534622,11.399769,7.8584986,21.858622,37.86293,5.931677,26.863577,12.934991,30.278402,0.4604409,36.73343,41.235107,8.5,39.850674,65.3687,18.518518,50.895145,66.04587,14.651163,69.63605,61.51772,30.900244,36.908085,22.2463,28.659628,20.692818,17.886003,18.363125,45.9958,62.228878,65.00292,64.05,55.5308,23.102633,8.044169,56.20888,21.12931,0.15765765,49.204544,18.211893,33.438442,31.757471,0.2413793,64.802666,13.037091,38.20004,0.674045,52.970695,0.05451096,9.510714,2.5114548,31.938587,49.500107,16.778502,65.871796,53.99212,0.0,27.377098,0.057306588,91.22857,88.61092,11.9092,39.606888,38.447662,0.0,28.606117,42.67059,33.144157,60.17755,94.140854,26.596893,52.058826,0.00056834985,40.23143,96.90947,44.444443,86.410194,60.815388,33.33923,13.741658,20.30516,55.710835,6.0701756,20.228123,8.249061,5.300851,1.8566344,0.2524466,6.6470323,26.950493,47.41438,1.0982203,65.90312,1.1585467,6.772223,5.905977,59.92122,1.4567901,42.307693,65.469475,0.24859709,74.11487,13.2666025,74.64685,0.12332769,34.012905,41.5,33.860584,1.1370224,30.93415,33.474903,50.17494,24.8,12.317019,0.0,10.177305,22.53595,2.7333333,35.14821,52.22222,37.244263,10.720938,1.09375,53.46402,59.884144,9.136339,69.47826,52.34682,0.4249151,28.0,42.893806,20.427452,27.073767,60.367275,44.649734,10.035436,44.985683,1.1942936,12.25,27.47757,43.7165,72.53847,8.554033,31.462597,39.055115,0.0,36.259342,0.009693054,29.834713,5.845897,59.55606,58.856102,24.83375,86.04348,78.46011,28.801369,44.70169,54.686344,36.00087,58.409126,1.5083057,40.790474,0.0,35.882072,26.710432,47.330513,11.237661,0.45448416,10.2289295,45.692444,24.05515,5.1282053,87.88211,41.33625,32.670155,16.666666,12.146363,7.245833,30.703938,11.063825,60.872917,93.71199,38.780544,60.82881,62.87826,27.05288,10.882353,73.26087,2.2360945,11.073685,5.0359035,22.828363,37.23671,2.8761837,0.0,8.455235,64.10895,11.933333,46.44698,4.038189,25.515871,33.333332,,57.833855,13.606731,15.756772,6.796618,31.482243,6.6684103,0.0,72.410255,54.836357,24.546667,61.974285,33.551353,36.283836,41.478573,60.82958,1.0398318,14.672657,62.663795,47.354362
1998,2.3333333,1.850994,62.58077,61.11111,26.893913,34.042553,3.0060852,12.136095,11.184937,88.99,21.777271,17.080992,45.6091,11.399769,7.561912,21.858622,37.25296,5.931677,26.681206,12.93499,30.32165,0.4806695,36.73343,41.235107,8.5,39.850674,64.75603,18.518518,50.64907,65.601875,14.651163,69.35876,62.686756,30.696884,36.859932,22.243288,28.762993,20.76834,18.093685,17.508318,45.805977,61.941864,64.967834,64.325,55.336132,22.867275,8.64814,56.110683,21.472382,0.15765765,49.128788,18.325405,33.438442,31.772062,0.2413793,64.47733,13.130661,38.975834,0.67035025,53.16625,0.05604873,9.510714,2.5130374,32.575516,49.500107,16.778502,66.04045,54.357635,0.0,27.532259,0.057306588,91.22857,88.587906,11.981446,39.606888,37.99673,0.0,28.46498,42.617645,32.636814,59.943813,93.842926,26.825506,52.058826,0.0005575656,39.706127,96.859566,44.444443,86.39255,60.62914,33.33923,13.733478,20.420467,54.807346,6.0701756,20.339249,8.489129,5.315153,1.8598284,0.26483494,6.7421837,27.202469,47.41183,1.0982203,65.88354,1.1585467,6.78991,5.905977,59.797604,1.4567901,42.307693,65.39391,0.25645342,73.93835,13.252057,74.375145,0.12332769,33.970966,41.625,33.580276,1.1370224,30.93415,33.474903,50.17494,24.8,12.321778,0.0,10.177305,22.423046,2.7333333,35.03569,52.22222,37.244263,10.720938,1.09375,52.821033,59.884144,9.130706,69.47826,52.072857,0.41963714,27.0,42.973454,20.469608,26.719276,60.087,43.73262,9.949291,45.02185,1.1456038,12.25,27.300787,42.94945,72.5,8.588153,31.457663,39.12901,0.0,36.437958,0.009693054,29.780361,5.7861648,59.33694,58.76657,24.677233,86.04348,78.43382,28.857975,45.928524,54.306934,35.872776,57.781174,1.5083057,41.459473,0.0,36.002388,26.708334,47.330513,11.123767,0.45448416,10.2289295,45.46368,24.376696,5.1282053,87.85682,41.063404,32.456276,16.666666,12.026001,7.1499996,30.703938,11.063825,60.845833,93.689545,38.780544,60.82881,62.90061,27.12281,10.882353,73.26087,2.2684953,11.073685,5.006542,22.664257,37.165966,2.8761837,0.0,8.455235,64.01479,11.933333,46.34152,4.05278,25.56233,33.333332,,57.44116,13.43595,15.756772,7.1206446,31.49256,6.6684103,0.0,72.66667,54.521133,24.52,60.811428,34.298176,36.283836,41.485714,60.65986,1.0398318,14.642798,62.616226,47.236465
1999,2.3333333,1.850994,62.45611,61.11111,26.826086,34.042553,3.0713983,12.070421,11.184937,88.81999,21.627272,17.054277,45.68358,11.399769,7.2653255,21.858622,36.642994,5.931677,26.498833,12.934988,30.364897,0.5008981,36.73343,41.235107,8.5,39.850674,64.143364,18.518518,50.402996,65.15788,14.651163,69.08146,63.85579,30.493526,36.811775,22.240278,28.866358,20.843859,18.301367,16.653511,45.61615,61.654854,64.93275,64.6,55.141464,22.631918,9.25211,56.01248,21.81545,0.15765765,49.05303,18.43892,33.438442,31.786655,0.2413793,64.152,13.22423,39.751633,0.6666555,53.361805,0.0575865,9.510714,2.5146203,33.21244,49.500107,16.778502,66.20911,54.723152,0.0,27.68742,0.057306588,91.22857,88.56488,12.053693,39.606888,37.545803,0.0,28.323843,42.564705,32.129467,59.710075,93.545,27.054121,52.058826,0.00054678135,39.180824,96.80966,44.444443,86.37491,60.442894,33.33923,13.725298,20.535774,53.903862,6.0701756,20.450375,8.7291975,5.3294554,1.8630224,0.2772233,6.8373356,27.454443,47.409283,1.0982203,65.863945,1.1585467,6.807597,5.905977,59.67399,1.4567901,42.307693,65.31836,0.26430976,73.761826,13.237512,74.10343,0.12332769,33.92903,41.75,33.29997,1.1370224,30.93415,33.474903,50.17494,24.8,12.326537,0.0,10.177305,22.310144,2.7333333,34.923172,52.22222,37.244263,10.720938,1.09375,52.17805,59.884144,9.125073,69.47826,51.798897,0.41435918,26.0,43.053097,20.511766,26.364786,59.806725,42.815506,9.863146,45.058018,1.0969139,12.25,27.124006,42.182404,72.46154,8.622273,31.45273,39.202908,0.0,36.616573,0.009693054,29.726007,5.7264323,59.11782,58.677036,24.520716,86.04348,78.407524,28.91458,47.155354,53.927525,35.744682,57.153217,1.5083057,42.12847,0.0,36.122707,26.706238,47.330513,11.0098715,0.45448416,10.2289295,45.234917,24.698242,5.1282053,87.83152,40.790554,32.242397,16.666666,11.90564,7.0541663,30.703938,11.063825,60.818752,93.66711,38.780544,60.82881,62.922962,27.192741,10.882353,73.26087,2.3008964,11.073685,4.9771805,22.50015,37.095222,2.8761837,0.0,8.455235,63.920647,11.933333,46.23606,4.067372,25.60879,33.333332,,57.048466,13.26517,15.756772,7.4446716,31.502874,6.6684103,0.0,72.92308,54.20591,24.493334,59.64857,35.045,36.283836,41.49286,60.490143,1.0398318,14.612941,62.56866,47.118565
2000,2.3333333,1.850994,62.331444,61.11111,26.75826,34.042553,3.1367114,12.004747,11.184937,88.649994,21.477272,17.027561,45.758053,11.399769,6.968739,21.858622,36.033024,5.931677,26.316462,12.934987,30.408144,0.52112675,36.73343,41.235107,8.5,39.850674,63.530693,18.518518,50.15692,64.71389,14.651163,68.80416,65.024826,30.290167,36.76362,22.237267,28.969723,20.91938,18.509048,15.798704,45.426323,61.367844,64.89766,64.875,54.946793,22.39656,9.85608,55.914284,22.158522,0.15765765,48.977272,18.552433,33.438442,31.801249,0.2413793,63.826664,13.3178,40.527428,0.6629607,53.557358,0.05912427,9.510714,2.516203,33.849365,49.500107,16.778502,66.37776,55.08867,0.0,27.842583,0.057306588,91.22857,88.54186,12.125939,39.606888,37.09487,0.0,28.182705,42.511765,31.622122,59.476334,93.24706,27.282734,52.058826,0.0005359971,38.655525,96.75976,44.444443,86.35726,60.256645,33.33923,13.717117,20.651081,53.000374,6.0701756,20.5615,8.969266,5.343758,1.8662164,0.28961164,6.9324875,27.706419,47.406734,1.0982203,65.84436,1.1585467,6.825284,5.905977,59.550377,1.4567901,42.307693,65.2428,0.2721661,73.585304,13.222966,73.831726,0.12332769,33.887096,41.875,33.01966,1.1370224,30.93415,33.474903,50.17494,24.8,12.331296,0.0,10.177305,22.197243,2.7333333,34.810654,52.22222,37.244263,10.720938,1.09375,51.535065,59.884144,9.119441,69.47826,51.524933,0.40908122,25.0,43.132744,20.553923,26.010296,59.52645,41.898396,9.777,45.094185,1.0482241,12.25,26.947226,41.415356,72.42308,8.656393,31.447798,39.276802,0.0,36.79519,0.009693054,29.671654,5.6667,58.8987,58.5875,24.364199,86.04348,78.381226,28.971186,48.382187,53.548115,35.61659,56.52526,1.5083057,42.797466,0.0,36.243027,26.70414,47.330513,10.895976,0.45448416,10.2289295,45.006153,25.019789,5.1282053,87.80623,40.517704,32.02852,16.666666,11.785277,6.958333,30.703938,11.063825,60.791668,93.64467,38.780544,60.82881,62.945312,27.262672,10.882353,73.26087,2.3332973,11.073685,4.947819,22.336044,37.02448,2.8761837,0.0,8.455235,63.826496,11.933333,46.130604,4.081963,25.655249,33.333332,66.0,56.65577,13.09439,15.756772,7.768698,31.513191,6.6684103,0.0,73.17949,53.890686,24.466667,58.485714,35.79182,36.283836,41.5,60.320423,1.0398318,14.583082,62.52109,47.000668
2001,2.3333333,1.850994,61.88622,61.11111,26.802677,34.042553,3.1446893,11.890951,11.177942,88.49999,21.324999,16.998264,45.78793,11.452049,6.968739,21.932554,35.597332,5.931677,26.134127,12.913442,30.733997,0.5372555,36.73343,41.217552,8.5,40.02264,63.235046,18.518518,49.97347,64.249954,14.651163,68.50954,65.568474,30.086807,36.71546,22.2342,29.06306,21.039497,18.75594,15.448624,45.27972,61.080833,64.86257,64.88333,54.777954,22.161203,9.930522,55.941643,22.611034,0.15765765,48.897728,18.565731,33.463913,31.815758,0.2413793,63.826664,13.352492,40.73423,0.677194,53.283413,0.059766337,9.453062,2.5146239,34.132416,49.714855,16.667086,66.312294,55.454132,0.0,28.048561,0.057306588,91.26714,88.522964,12.169041,39.695553,36.715195,0.0,28.03628,42.469414,31.114777,59.242596,92.94913,27.511269,52.058826,0.0005359971,38.208652,96.70142,44.444443,86.3366,60.076363,33.398132,13.708937,20.785683,52.915558,6.0701756,20.619452,9.097354,5.4220505,1.8691454,0.3040194,6.9370184,27.924511,47.747498,1.0975564,65.86556,1.1558036,6.765865,5.930376,59.44445,1.4567901,42.307693,65.1036,0.28002244,73.3807,13.215024,73.56002,0.12332769,33.84839,41.8745,32.923943,1.1370224,31.16386,33.552124,50.37793,24.8,12.368924,0.0,10.265926,22.117403,2.7333333,34.73745,52.22222,37.255463,10.720938,1.09375,51.028538,59.884144,9.1143265,69.121735,51.247734,0.40380326,25.0,43.269913,20.380394,25.655806,59.301632,41.561497,9.690854,45.100483,1.0384214,12.25,26.770443,40.486332,72.4,8.689839,31.444942,39.399963,0.0,36.794323,0.009693054,29.629827,5.614253,58.74735,58.490395,24.207685,86.25652,78.35982,29.057629,49.084557,53.37199,35.58166,55.68407,1.5227575,42.823685,0.0,36.363346,26.766642,47.364826,10.812453,0.45448416,10.2289295,44.810432,25.009436,5.1282053,87.7809,40.244854,31.81464,16.666666,11.664915,6.8624997,30.703938,11.063825,60.764584,93.61964,38.813637,60.89788,62.925198,27.33266,10.882353,73.26087,2.365698,11.073685,4.883723,22.283934,37.233982,2.8761837,0.0,8.455235,63.732346,11.933333,46.04795,4.0939307,25.77427,33.333332,,56.263073,12.923605,15.763068,7.9742937,31.50198,6.755809,0.0,73.17949,53.710213,24.446667,57.902855,36.25793,36.283836,41.50714,60.150703,1.0398318,14.553224,62.473522,46.882767
2002,2.3333333,1.850994,61.440994,61.11111,26.847095,34.042553,3.152667,11.777154,11.170949,88.35,21.172726,16.968966,45.817806,11.50433,6.968739,22.006485,35.16164,5.931677,25.95179,12.891896,31.059849,0.5533843,36.73343,41.199997,8.5,40.194603,62.9394,18.518518,49.790016,63.786015,14.651163,68.214905,66.112114,29.88345,36.66731,22.231133,29.156399,21.159615,19.00283,15.098543,45.133118,60.793823,64.827484,64.89167,54.609116,21.925846,10.004963,55.969,23.063549,0.15765765,48.81818,18.579027,33.489388,31.830269,0.2413793,63.826664,13.387185,40.94103,0.6914273,53.00947,0.060408406,9.3954115,2.513045,34.415466,49.9296,16.55567,66.246826,55.819595,0.0,28.25454,0.057306588,91.30571,88.50406,12.212143,39.784218,36.335518,0.0,27.889856,42.42706,30.607431,59.008854,92.6512,27.739801,52.058826,0.0005359971,37.76178,96.64309,44.444443,86.31594,59.89608,33.457035,13.700757,20.920284,52.830738,6.0701756,20.677402,9.225441,5.500343,1.8720744,0.31842718,6.94155,28.142605,48.088264,1.0968925,65.88676,1.1530606,6.706446,5.9547753,59.338524,1.4567901,42.307693,64.96441,0.28787878,73.1761,13.207081,73.288315,0.12332769,33.809677,41.874,32.828228,1.1370224,31.393568,33.629345,50.58092,24.8,12.406552,0.0,10.3545475,22.037563,2.7333333,34.66424,52.22222,37.266666,10.720938,1.09375,50.52201,59.884144,9.109212,68.76521,50.97054,0.3985253,25.0,43.40708,20.206863,25.301315,59.076813,41.224598,9.604709,45.10678,1.0286187,12.25,26.593662,39.557304,72.37692,8.723285,31.442085,39.523125,0.0,36.793457,0.009693054,29.588001,5.561806,58.595997,58.393288,24.051172,86.46957,78.33841,29.144072,49.786922,53.195866,35.546738,54.842884,1.5372093,42.8499,0.0,36.483665,26.829145,47.399136,10.7289295,0.45448416,10.2289295,44.614716,24.999084,5.1282053,87.75557,39.972004,31.600761,16.666666,11.544554,6.7666664,30.703938,11.063825,60.7375,93.594604,38.846733,60.966946,62.905083,27.402649,10.882353,73.26087,2.3980992,11.073685,4.8196263,22.231821,37.443485,2.8761837,0.0,8.455235,63.6382,11.933333,45.9653,4.105898,25.89329,33.333332,,55.87038,12.752821,15.769364,8.179889,31.490768,6.8432074,0.0,73.17949,53.52974,24.426666,57.32,36.724045,36.283836,41.514286,59.980988,1.0398318,14.523366,62.425957,46.76487
2003,2.3333333,1.850994,60.99577,61.11111,26.891514,34.042553,3.160645,11.663358,11.163955,88.2,21.020454,16.939669,45.847683,11.556609,6.968739,22.080418,34.72595,5.931677,25.769455,12.870351,31.3857,0.56951314,36.73343,41.18244,8.5,40.36657,62.643753,18.518518,49.606564,63.322075,14.651163,67.92028,66.65576,29.68009,36.619152,22.228064,29.249737,21.279732,19.249722,14.748462,44.98651,60.50681,64.7924,64.9,54.440277,21.690489,10.079405,55.996357,23.516062,0.15765765,48.738636,18.592325,33.51486,31.84478,0.2413793,63.826664,13.421877,41.14783,0.7056606,52.735527,0.06105048,9.337761,2.511466,34.698517,50.14435,16.444254,66.18135,56.185055,0.0,28.460518,0.057306588,91.344284,88.48516,12.255244,39.872883,35.95584,0.0,27.743431,42.384705,30.100086,58.775116,92.353264,27.968336,52.058826,0.0005359971,37.314907,96.58475,44.444443,86.29529,59.715797,33.515938,13.692577,21.054886,52.745922,6.0701756,20.735353,9.353529,5.578635,1.8750032,0.33283493,6.9460807,28.360697,48.429028,1.0962285,65.90796,1.1503174,6.647027,5.979174,59.232597,1.4567901,42.307693,64.82521,0.29573512,72.9715,13.199139,73.01661,0.12332769,33.770966,41.8735,32.73251,1.1370224,31.623278,33.706562,50.783913,24.8,12.444181,0.0,10.443169,21.957726,2.7333333,34.591034,52.22222,37.27787,10.720938,1.09375,50.015484,59.884144,9.104097,68.40869,50.69334,0.3932473,25.0,43.544247,20.033333,24.946825,58.851997,40.8877,9.518562,45.113075,1.0188161,12.25,26.41688,38.62828,72.35385,8.756731,31.43923,39.64629,0.0,36.792587,0.009693054,29.546173,5.5093594,58.444645,58.29618,23.894659,86.68261,78.31701,29.230515,50.48929,53.019745,35.51181,54.001694,1.5516611,42.876118,0.0,36.60398,26.891647,47.43345,10.645407,0.45448416,10.2289295,44.418995,24.988731,5.1282053,87.73024,39.699158,31.386883,16.666666,11.424191,6.670833,30.703938,11.063825,60.71042,93.56957,38.87983,61.036015,62.884968,27.472637,10.882353,73.26087,2.4305,11.073685,4.7555294,22.17971,37.652985,2.8761837,0.0,8.455235,63.54405,11.933333,45.882652,4.1178656,26.012312,33.333332,,55.477684,12.582037,15.7756605,8.385485,31.479557,6.9306054,0.0,73.17949,53.34927,24.406668,56.737144,37.190155,36.283836,41.52143,59.811268,1.0398318,14.493507,62.378387,46.646973
2004,2.3333333,1.850994,60.550545,61.11111,26.93593,34.042553,3.1686227,11.5495615,11.1569605,88.049995,20.868181,16.91037,45.87756,11.60889,6.968739,22.15435,34.290257,5.931677,25.58712,12.848805,31.711554,0.5856419,36.73343,41.164886,8.5,40.538536,62.348106,18.518518,49.42311,62.858135,14.651163,67.62565,67.1994,29.476732,36.570995,22.224997,29.343075,21.399849,19.496613,14.398381,44.83991,60.2198,64.75731,64.90833,54.27144,21.455132,10.153847,56.023716,23.968575,0.15765765,48.659092,18.605621,33.540333,31.85929,0.2413793,63.826664,13.45657,41.354633,0.7198939,52.461582,0.061692547,9.280109,2.5098872,34.981567,50.359097,16.332838,66.11588,56.550518,0.0,28.666496,0.057306588,91.38285,88.46626,12.298346,39.961548,35.576164,0.0,27.597006,42.342354,29.592741,58.541378,92.055336,28.196869,52.058826,0.0005359971,36.868034,96.52641,44.444443,86.27463,59.535515,33.57484,13.684397,21.189487,52.661106,6.0701756,20.793304,9.481616,5.6569276,1.8779322,0.3472427,6.9506116,28.578789,48.76979,1.0955646,65.92916,1.1475743,6.587608,6.0035734,59.12667,1.4567901,42.307693,64.68602,0.30359146,72.76689,13.191196,72.7449,0.12332769,33.732258,41.873,32.636795,1.1370224,31.852985,33.783783,50.986904,24.8,12.48181,0.0,10.53179,21.877886,2.7333333,34.51783,52.22222,37.28907,10.720938,1.09375,49.508957,59.884144,9.098983,68.05217,50.416145,0.38796934,25.0,43.681416,19.859804,24.592335,58.62718,40.5508,9.432416,45.119373,1.0090134,12.25,26.240099,37.699253,72.33077,8.790176,31.436375,39.76945,0.0,36.79172,0.009693054,29.504347,5.4569125,58.293293,58.199074,23.738146,86.89565,78.2956,29.316957,51.191658,52.84362,35.476883,53.160507,1.566113,42.902336,0.0,36.7243,26.954151,47.46776,10.561883,0.45448416,10.2289295,44.223274,24.97838,5.1282053,87.70491,39.426308,31.173004,16.666666,11.30383,6.575,30.703938,11.063825,60.683334,93.54454,38.91292,61.10508,62.864853,27.542625,10.882353,73.26087,2.4629009,11.073685,4.691433,22.1276,37.862488,2.8761837,0.0,8.455235,63.449898,11.933333,45.8,4.129833,26.131332,33.333332,,55.08499,12.411252,15.781957,8.59108,31.468346,7.018004,0.0,73.17949,53.168797,24.386667,56.154285,37.656265,36.283836,41.528572,59.641552,1.0398318,14.463649,62.330822,46.52907
2005,2.3333333,1.850994,60.105324,61.11111,26.980347,34.042553,3.1766007,11.435764,11.149967,87.899994,20.715908,16.881073,45.907433,11.66117,6.968739,22.228283,33.854565,5.931677,25.404785,12.827261,32.037407,0.6017707,36.73343,41.14733,8.5,40.710503,62.05246,18.518518,49.239655,62.394196,14.651163,67.331024,67.74305,29.273373,36.522842,22.22193,29.436413,21.519966,19.743504,14.048301,44.693306,59.93279,64.72222,64.91667,54.1026,21.219774,10.228289,56.051075,24.42109,0.15765765,48.579544,18.61892,33.565804,31.873798,0.2413793,63.826664,13.491262,41.56143,0.73412716,52.187637,0.062334616,9.222458,2.5083082,35.264618,50.573845,16.221424,66.050415,56.91598,0.0,28.872475,0.057306588,91.421425,88.44736,12.341448,40.050217,35.196487,0.0,27.45058,42.300003,29.085396,58.30764,91.7574,28.425404,52.058826,0.0005359971,36.421158,96.46808,44.444443,86.25397,59.355232,33.633743,13.676216,21.32409,52.576286,6.0701756,20.851255,9.609704,5.73522,1.8808612,0.36165047,6.955143,28.796883,49.110558,1.0949006,65.95036,1.1448312,6.5281887,6.0279727,59.020744,1.4567901,42.307693,64.54682,0.3114478,72.56229,13.183254,72.47319,0.12332769,33.69355,41.8725,32.541077,1.1370224,32.082695,33.861004,51.189896,24.8,12.519438,0.0,10.620411,21.798046,2.7333333,34.444626,52.22222,37.30027,10.720938,1.09375,49.00243,59.884144,9.093868,67.69565,50.138947,0.38269138,25.0,43.818584,19.686275,24.237846,58.40236,40.213905,9.34627,45.12567,0.9992107,12.25,26.063316,36.77023,72.30769,8.823623,31.433517,39.892612,0.0,36.790855,0.009693054,29.46252,5.4044657,58.141937,58.101967,23.581633,87.1087,78.27419,29.4034,51.894028,52.667496,35.441956,52.319317,1.5805647,42.92855,0.0,36.84462,27.016653,47.50207,10.47836,0.45448416,10.2289295,44.027557,24.968027,5.1282053,87.67958,39.153458,30.959126,16.666666,11.183468,6.4791665,30.703938,11.063825,60.65625,93.5195,38.946014,61.17415,62.844734,27.612614,10.882353,73.26087,2.4953017,11.073685,4.6273365,22.075489,38.07199,2.8761837,0.0,8.455235,63.35575,11.933333,45.717346,4.141801,26.250353,33.333332,67.0,54.692295,12.240467,15.788253,8.796675,31.457134,7.1054025,0.0,73.17949,52.988323,24.366667,55.571426,38.122375,36.283836,41.535713,59.471832,1.0398318,14.43379,62.283253,46.41117
2006,2.3333333,1.850994,59.6601,61.11111,27.024765,34.042553,3.1845787,11.321968,11.142973,87.75,20.563635,16.851776,45.93731,11.71345,6.968739,22.302214,33.418873,5.931677,25.222448,12.805716,32.36326,0.6178995,36.73343,41.12978,8.5,40.882465,61.756813,18.518518,49.056202,61.93026,14.651163,67.0364,68.2867,29.070013,36.474686,22.218863,29.52975,21.640081,19.990396,13.69822,44.546703,59.64578,64.68713,64.925,53.933765,20.984417,10.30273,56.078434,24.873602,0.15765765,48.5,18.632217,33.591274,31.88831,0.2413793,63.826664,13.525955,41.768234,0.74836046,51.913696,0.06297669,9.164807,2.5067291,35.547665,50.78859,16.110008,65.98495,57.281445,0.0,29.078451,0.057306588,91.46,88.42846,12.384549,40.13888,34.816814,0.0,27.304157,42.25765,28.578053,58.0739,91.459465,28.653938,52.058826,0.0005359971,35.974285,96.409744,44.444443,86.23331,59.17495,33.692646,13.668036,21.45869,52.49147,6.0701756,20.909206,9.737792,5.813513,1.8837901,0.37605822,6.959674,29.014975,49.45132,1.0942366,65.97156,1.1420882,6.46877,6.052372,58.914814,1.4567901,42.307693,64.40762,0.31930417,72.35769,13.175311,72.201485,0.12332769,33.65484,41.872,32.44536,1.1370224,32.312405,33.938225,51.392883,24.8,12.557066,0.0,10.709031,21.718206,2.7333333,34.371418,52.22222,37.311474,10.720938,1.09375,48.495903,59.884144,9.088753,67.33913,49.861748,0.37741342,25.0,43.955753,19.512745,23.883356,58.17754,39.877007,9.260124,45.13197,0.989408,12.25,25.886534,35.841206,72.284615,8.857069,31.430662,40.015774,0.0,36.78999,0.009693054,29.420694,5.3520184,57.990585,58.004864,23.42512,87.32175,78.252785,29.489843,52.596394,52.49137,35.407032,51.478127,1.5950166,42.95477,0.0,36.96494,27.079155,47.536385,10.394837,0.45448416,10.2289295,43.831837,24.957674,5.1282053,87.65426,38.880608,30.745249,16.666666,11.063106,6.383333,30.703938,11.063825,60.629166,93.49447,38.97911,61.243217,62.82462,27.682604,10.882353,73.26087,2.5277028,11.073685,4.56324,22.023376,38.281494,2.8761837,0.0,8.455235,63.2616,11.933333,45.634697,4.153768,26.369373,33.333332,,54.2996,12.069683,15.794549,9.002271,31.445923,7.192801,0.0,73.17949,52.80785,24.346666,54.98857,38.58849,36.283836,41.54286,59.302113,1.0398318,14.403933,62.235683,46.293274
2007,2.3333333,1.850994,59.214874,61.11111,27.069183,34.042553,3.1925564,11.208172,11.135979,87.6,20.411362,16.822477,45.967186,11.765731,6.968739,22.376146,32.98318,5.931677,25.040113,12.78417,32.68911,0.63402826,36.73343,41.112225,8.5,41.054432,61.461166,18.518518,48.87275,61.46632,14.651163,66.74177,68.83034,28.866655,36.42653,22.215796,29.623089,21.760199,20.237288,13.34814,44.4001,59.35877,64.65205,64.933334,53.764927,20.74906,10.3771715,56.105793,25.326115,0.15765765,48.420456,18.645514,33.61675,31.90282,0.2413793,63.826664,13.560648,41.975037,0.76259375,51.63975,0.06361876,9.107157,2.5051503,35.830715,51.003338,15.998591,65.91948,57.646908,0.0,29.28443,0.057306588,91.498566,88.40956,12.42765,40.227547,34.437138,0.0,27.157732,42.215294,28.070707,57.84016,91.16154,28.882471,52.058826,0.0005359971,35.527412,96.35141,44.444443,86.21265,58.994667,33.75155,13.659857,21.593292,52.406654,6.0701756,20.967157,9.865879,5.891805,1.8867191,0.390466,6.964205,29.233067,49.792084,1.0935727,65.99276,1.139345,6.409351,6.0767713,58.808887,1.4567901,42.307693,64.26843,0.3271605,72.15308,13.167369,71.92978,0.12332769,33.616127,41.871502,32.349644,1.1370224,32.542114,34.015446,51.595875,24.8,12.594694,0.0,10.797652,21.638367,2.7333333,34.29821,52.22222,37.322678,10.720938,1.09375,47.989376,59.884144,9.083638,66.982605,49.584553,0.37213546,25.0,44.092922,19.339214,23.528866,57.95272,39.540108,9.173978,45.138268,0.9796054,12.25,25.709753,34.912178,72.261536,8.890514,31.427807,40.138935,0.0,36.789124,0.009693054,29.378868,5.2995715,57.839233,57.907757,23.268606,87.53479,78.23138,29.576286,53.29876,52.315247,35.372105,50.63694,1.6094685,42.980988,0.0,37.08526,27.141659,47.570694,10.311314,0.45448416,10.2289295,43.636116,24.947323,5.1282053,87.62893,38.607758,30.53137,16.666666,10.942744,6.2875,30.703938,11.063825,60.60208,93.46944,39.012207,61.312283,62.804504,27.752592,10.882353,73.26087,2.5601037,11.073685,4.4991436,21.971266,38.490997,2.8761837,0.0,8.455235,63.16745,11.933333,45.552048,4.1657357,26.488394,33.333332,,53.906906,11.898899,15.800845,9.207866,31.434711,7.2801995,0.0,73.17949,52.627377,24.326666,54.405716,39.0546,36.283836,41.550003,59.132397,1.0398318,14.374074,62.188118,46.175377
2008,2.3333333,1.850994,58.76965,61.11111,27.1136,34.042553,3.2005343,11.094376,11.128984,87.45,20.25909,16.79318,45.997063,11.81801,6.968739,22.450079,32.54749,5.931677,24.857779,12.762625,33.01496,0.6501571,36.73343,41.09467,8.5,41.2264,61.16552,18.518518,48.689297,61.00238,14.651163,66.44714,69.373985,28.663296,36.378372,22.212727,29.716427,21.880316,20.484179,12.998058,44.253494,59.071754,64.61696,64.941666,53.59609,20.513702,10.451613,56.13315,25.778627,0.15765765,48.34091,18.658812,33.64222,31.91733,0.2413793,63.826664,13.59534,42.18184,0.77682704,51.365807,0.064260826,9.049505,2.5035713,36.113766,51.218086,15.8871765,65.854004,58.012367,0.0,29.490408,0.057306588,91.53714,88.39066,12.470752,40.31621,34.05746,0.0,27.011307,42.172943,27.563362,57.606422,90.8636,29.111006,52.058826,0.0005359971,35.08054,96.29307,44.444443,86.19199,58.814384,33.81045,13.651676,21.727894,52.32184,6.0701756,21.025108,9.993967,5.9700975,1.889648,0.40487376,6.9687357,29.451159,50.132847,1.0929087,66.01396,1.1366019,6.3499317,6.10117,58.70296,1.4567901,42.307693,64.129234,0.33501685,71.94848,13.159427,71.65807,0.12332769,33.57742,41.871002,32.253925,1.1370224,32.77182,34.092663,51.798866,24.8,12.632323,0.0,10.886273,21.558529,2.7333333,34.225006,52.22222,37.333878,10.720938,1.09375,47.48285,59.884144,9.078524,66.62608,49.307354,0.36685747,25.0,44.230087,19.165686,23.174376,57.727905,39.20321,9.0878315,45.14456,0.9698027,12.25,25.53297,33.983154,72.238464,8.923961,31.424952,40.2621,0.0,36.788254,0.009693054,29.33704,5.2471247,57.68788,57.81065,23.112093,87.74783,78.20998,29.66273,54.00113,52.139126,35.337177,49.79575,1.6239203,43.007206,0.0,37.205574,27.20416,47.605007,10.227791,0.45448416,10.2289295,43.440395,24.93697,5.1282053,87.6036,38.33491,30.317492,16.666666,10.822382,6.1916666,30.703938,11.063825,60.575,93.444405,39.0453,61.38135,62.78439,27.82258,10.882353,73.26087,2.5925045,11.073685,4.4350467,21.919155,38.700497,2.8761837,0.0,8.455235,63.0733,11.933333,45.469395,4.1777034,26.607416,33.333332,,53.51421,11.728114,15.807141,9.413461,31.4235,7.3675976,0.0,73.17949,52.446907,24.306667,53.822857,39.52071,36.283836,41.557144,58.962677,1.0398318,14.344215,62.14055,46.057476
2009,2.3333333,1.850994,58.324425,61.11111,27.158016,34.042553,3.208512,10.980578,11.121991,87.3,20.106817,16.763882,46.02694,11.870291,6.968739,22.52401,32.111797,5.931677,24.675442,12.741079,33.340816,0.6662859,36.73343,41.077114,8.5,41.39836,60.869873,18.518518,48.505844,60.538445,14.651163,66.15251,69.917625,28.459938,36.33022,22.20966,29.809765,22.000433,20.73107,12.647978,44.10689,58.784744,64.58187,64.950005,53.42725,20.278345,10.526054,56.160507,26.231142,0.15765765,48.261364,18.672108,33.667694,31.931839,0.2413793,63.826664,13.630033,42.388638,0.7910603,51.091866,0.064902894,8.991854,2.5019925,36.396816,51.43283,15.775761,65.788536,58.37783,0.0,29.696386,0.057306588,91.57571,88.37176,12.513854,40.404877,33.677784,0.0,26.864883,42.130592,27.056017,57.37268,90.565674,29.339539,52.058826,0.0005359971,34.633667,96.23473,44.444443,86.17133,58.6341,33.869354,13.643496,21.862495,52.23702,6.0701756,21.08306,10.122054,6.04839,1.8925769,0.41928154,6.973267,29.669252,50.473614,1.0922449,66.03516,1.1338589,6.290513,6.1255693,58.597034,1.4567901,42.307693,63.99004,0.3428732,71.74388,13.151484,71.38637,0.12332769,33.53871,41.870502,32.15821,1.1370224,33.00153,34.169884,52.001858,24.8,12.669951,0.0,10.974895,21.47869,2.7333333,34.151802,52.22222,37.345078,10.720938,1.09375,46.976322,59.884144,9.073409,66.26956,49.03016,0.3615795,25.0,44.367256,18.992157,22.819885,57.503086,38.86631,9.001686,45.15086,0.96000004,12.25,25.35619,33.054127,72.215385,8.957406,31.422094,40.38526,0.0,36.787388,0.009693054,29.295214,5.194678,57.53653,57.713543,22.95558,87.96088,78.18857,29.749172,54.7035,51.963,35.302254,48.954563,1.6383721,43.03342,0.0,37.325893,27.266665,47.639317,10.144267,0.45448416,10.2289295,43.24468,24.926619,5.1282053,87.57827,38.06206,30.103613,16.666666,10.702021,6.0958333,30.703938,11.063825,60.547916,93.41937,39.078392,61.450417,62.764275,27.892569,10.882353,73.26087,2.6249056,11.073685,4.37095,21.867043,38.91,2.8761837,0.0,8.455235,62.979153,11.933333,45.38674,4.1896706,26.726437,33.333332,,53.121517,11.557329,15.813437,9.619057,31.412289,7.454996,0.0,73.17949,52.266434,24.286667,53.239998,39.986824,36.283836,41.564285,58.79296,1.0398318,14.314358,62.092983,45.939575
2010,2.3333333,1.850994,57.8792,61.11111,27.202435,34.042553,3.21649,10.866782,11.114997,87.15,19.954544,16.734585,46.056816,11.922571,6.968739,22.597942,31.676105,5.931677,24.493107,12.719534,33.666668,0.68241465,36.73343,41.05956,8.5,41.570328,60.574226,18.518518,48.32239,60.074505,14.651163,65.85789,70.46127,28.256578,36.282063,22.206593,29.903103,22.12055,20.97796,12.297897,43.96029,58.497734,64.54678,64.958336,53.25841,20.042988,10.600496,56.187866,26.683655,0.15765765,48.18182,18.685406,33.693165,31.94635,0.2413793,63.826664,13.664725,42.59544,0.8052936,50.81792,0.06554496,8.934203,2.5004134,36.679867,51.64758,15.664345,65.72307,58.743294,0.0,29.902365,0.057306588,91.61428,88.35286,12.556955,40.49354,33.298107,0.0,26.718458,42.088238,26.548672,57.138943,90.26774,29.568073,52.058826,0.0005359971,34.186794,96.1764,44.444443,86.15067,58.45382,33.928257,13.635316,21.997097,52.152203,6.0701756,21.14101,10.250142,6.1266823,1.8955059,0.4336893,6.977798,29.887344,50.814377,1.0915809,66.05636,1.1311158,6.231094,6.1499686,58.491108,1.4567901,42.307693,63.850845,0.35072953,71.539276,13.143541,71.11466,0.12332769,33.5,41.870003,32.062492,1.1370224,33.23124,34.247105,52.20485,24.8,12.70758,0.0,11.063516,21.39885,2.7333333,34.078594,52.22222,37.35628,10.720938,1.09375,46.469795,59.884144,9.068295,65.91304,48.75296,0.35630155,25.0,44.504425,18.818626,22.465395,57.278267,38.52941,8.91554,45.157158,0.95019734,12.25,25.179407,32.125103,72.19231,8.990852,31.419239,40.508423,0.0,36.786522,0.009693054,29.253387,5.142231,57.385178,57.616436,22.799067,88.17392,78.16716,29.835615,55.405865,51.786877,35.267326,48.113373,1.6528239,43.05964,0.0,37.446213,27.329166,47.67363,10.060744,0.45448416,10.2289295,43.048958,24.916265,5.1282053,87.55294,37.78921,29.889734,16.666666,10.581658,6.0,30.703938,11.063825,60.520832,93.39434,39.11149,61.519485,62.74416,27.962557,10.882353,73.26087,2.6573064,11.073685,4.306854,21.814932,39.119503,2.8761837,0.0,8.455235,62.885002,11.933333,45.304092,4.201638,26.845457,33.333332,69.0,52.72882,11.386545,15.819734,9.824652,31.401077,7.5423946,0.0,73.17949,52.08596,24.266666,52.657143,40.452934,36.283836,41.57143,58.62324,1.0398318,14.284499,62.045414,45.82168
2011,2.3333333,1.850994,57.433975,61.11111,27.251947,34.042553,3.21649,10.786434,11.108003,87.0,19.804544,16.82626,46.099712,12.027403,7.5846214,22.594208,31.240414,5.931677,24.3107,12.727141,33.83964,0.7001734,36.73343,41.285454,8.5,41.5737,60.064342,14.861435,48.129635,59.89376,14.651163,65.85789,70.51279,28.053219,36.233906,22.203953,29.986366,22.350897,21.18049,11.94782,43.842503,58.028038,64.511696,64.958336,53.14051,19.80763,10.674938,56.50814,27.142338,0.15765765,48.18182,18.682192,33.721085,31.946941,0.2413793,63.826664,13.842684,42.720898,0.8084845,50.654865,0.06210595,8.907883,2.5001051,36.67748,51.99742,15.600094,65.82075,59.108704,0.0,30.054253,0.057306588,91.65428,88.30847,12.63577,40.49354,33.245712,0.0,26.572033,42.53194,26.041414,56.90523,89.96977,29.568073,52.058826,0.0005359971,33.93553,96.12772,44.81481,86.09629,58.25533,31.507166,13.523388,22.02812,51.653713,6.0701756,21.22205,10.347723,6.1266823,1.8956697,0.440466,7.077481,30.065475,51.160328,1.0915809,66.04398,1.1477239,6.1987247,6.1721044,56.56622,1.4567901,42.307693,63.7174,0.35072953,71.393585,13.200575,70.84296,0.12332769,33.5,41.871002,32.13931,1.1370224,33.284744,34.247105,52.264668,24.8,12.712112,0.0,11.133826,21.374485,2.7333333,34.016262,52.22222,37.620537,10.720938,1.09375,46.0416,59.884144,9.067582,65.55217,48.494724,0.35102358,25.0,44.681416,18.871542,22.110905,57.606792,38.385025,8.829395,45.151775,0.94039464,12.25,25.002625,31.694605,72.23077,8.949205,29.019363,40.508423,0.0,36.785393,0.009693054,29.20559,5.1017513,57.248848,57.483345,22.915354,88.36088,78.10041,29.893822,55.460655,51.610752,35.396248,47.09493,1.6591362,43.05964,0.0,37.579193,27.652729,47.67123,10.098709,0.45448416,10.2289295,42.84561,24.514765,5.1282053,87.52761,37.516376,29.675856,16.666666,10.461296,5.9083333,30.718718,11.063825,59.875,93.33551,39.12827,61.28814,60.7848,28.032488,10.882353,73.26087,2.6897073,11.073685,4.2071652,21.76281,39.114826,2.8976367,0.0,8.455235,62.79085,11.933333,45.221443,4.2109895,26.984814,33.333332,,52.336124,11.215765,15.855853,10.0388155,31.429049,7.6152077,0.0,73.17949,51.90571,24.24,53.074284,40.85304,36.283836,41.585716,58.45282,1.0398318,14.254641,61.79538,45.70378
2012,2.3333333,1.850994,56.98875,61.11111,27.30146,34.042553,3.21649,10.706086,11.101008,86.85,19.654545,16.917936,46.14261,12.132236,8.200503,22.590473,30.804722,5.931677,24.12829,12.734748,34.012615,0.7179321,36.73343,41.511345,8.5,41.577072,59.554462,11.204351,47.93688,59.713017,14.651163,65.85789,70.56431,27.849861,36.185753,22.201311,30.06963,22.581244,21.38302,11.597742,43.724716,57.55834,64.47661,64.958336,53.022606,19.572273,10.74938,56.828415,27.601019,0.15765765,48.18182,18.678978,33.749004,31.94753,0.2413793,63.826664,14.020643,42.84635,0.81167537,50.491814,0.058666933,8.881562,2.4997969,36.675087,52.34726,15.535844,65.91842,59.47411,0.0,30.206142,0.057306588,91.69428,88.26408,12.714584,40.49354,33.193317,0.0,26.425608,42.975643,25.534159,56.67152,89.6718,29.568073,52.058826,0.0005359971,33.68427,96.07905,45.185184,86.04191,58.056843,29.086077,13.41146,22.059143,51.15522,6.0701756,21.303091,10.445304,6.1266823,1.8958335,0.4472427,7.1771636,30.243607,51.50628,1.0915809,66.03161,1.1643319,6.1663556,6.19424,54.64133,1.4567901,42.307693,63.58395,0.35072953,71.247894,13.257608,70.57125,0.12332769,33.5,41.872,32.216125,1.1370224,33.33825,34.247105,52.32449,24.8,12.716645,0.0,11.204136,21.350119,2.7333333,33.953926,52.22222,37.884792,10.720938,1.09375,45.613407,59.884144,9.06687,65.1913,48.23649,0.34574562,25.0,44.858406,18.92446,21.756414,57.935314,38.240643,8.743251,45.146393,0.930592,12.25,24.825842,31.264109,72.269226,8.907558,26.619488,40.508423,0.0,36.784267,0.009693054,29.157793,5.061271,57.11252,57.35025,23.03164,88.54783,78.03367,29.952028,55.515446,51.434628,35.52517,46.076485,1.6654485,43.05964,0.0,37.712173,27.976292,47.66883,10.136674,0.45448416,10.2289295,42.642265,24.113264,5.1282053,87.50228,37.24354,29.461977,16.666666,10.340934,5.8166666,30.7335,11.063825,59.229168,93.27667,39.14505,61.056793,58.825443,28.102419,10.882353,73.26087,2.7221084,11.073685,4.1074767,21.710688,39.11015,2.9190898,0.0,8.455235,62.696705,11.933333,45.13879,4.220341,27.124172,33.333332,,51.943424,11.044985,15.891973,10.252979,31.45702,7.688021,0.0,73.17949,51.725452,24.213333,53.49143,41.253143,36.283836,41.600002,58.2824,1.0398318,14.224782,61.54534,45.585884
2013,2.3333333,1.850994,56.54352,61.11111,27.350975,34.042553,3.21649,10.625737,11.094015,86.700005,19.504543,17.009611,46.1855,12.237067,8.816385,22.58674,30.36903,5.931677,23.945883,12.742355,34.185585,0.73569083,36.73343,41.73724,8.5,41.580444,59.04458,7.5472674,47.74412,59.532272,14.651163,65.85789,70.61582,27.646502,36.137596,22.198671,30.152895,22.81159,21.58555,11.247664,43.606934,57.088642,64.44152,64.958336,52.904705,19.336916,10.823821,57.14869,28.059702,0.15765765,48.18182,18.675762,33.77692,31.948122,0.2413793,63.826664,14.198602,42.97181,0.81486624,50.32876,0.05522792,8.855243,2.4994888,36.6727,52.6971,15.471593,66.0161,59.83952,0.0,30.35803,0.057306588,91.734276,88.21969,12.793399,40.49354,33.140926,0.0,26.279184,43.419342,25.026901,56.437805,89.37383,29.568073,52.058826,0.0005359971,33.433006,96.030365,45.555553,85.98753,57.858353,26.664986,13.299532,22.090164,50.65673,6.0701756,21.38413,10.542886,6.1266823,1.8959974,0.4540194,7.2768464,30.42174,51.85223,1.0915809,66.01923,1.18094,6.133987,6.2163754,52.71644,1.4567901,42.307693,63.450504,0.35072953,71.102196,13.314641,70.299545,0.12332769,33.5,41.873,32.292946,1.1370224,33.39175,34.247105,52.384308,24.8,12.721177,0.0,11.2744465,21.325754,2.7333333,33.891594,52.22222,38.149048,10.720938,1.09375,45.18521,59.884144,9.066157,64.83044,47.978256,0.34046763,25.0,45.0354,18.977375,21.401924,58.26384,38.096256,8.657106,45.141014,0.9207893,12.25,24.64906,30.83361,72.30769,8.865912,24.21961,40.508423,0.0,36.78314,0.009693054,29.109995,5.0207915,56.976192,57.21716,23.147926,88.73479,77.96692,30.010235,55.57024,51.258507,35.654095,45.05804,1.6717608,43.05964,0.0,37.84515,28.299854,47.666428,10.17464,0.45448416,10.2289295,42.438923,23.711763,5.1282053,87.47696,36.970703,29.2481,16.666666,10.220572,5.7250004,30.74828,11.063825,58.583332,93.21784,39.161827,60.82545,56.86609,28.17235,10.882353,73.26087,2.7545092,11.073685,4.007788,21.658566,39.105473,2.9405427,0.0,8.455235,62.602554,11.933333,45.05614,4.2296925,27.263529,33.333332,,51.550728,10.874204,15.928093,10.467144,31.484991,7.760834,0.0,73.17949,51.5452,24.186666,53.90857,41.65325,36.283836,41.614285,58.111973,1.0398318,14.194924,61.295307,45.467983
2014,2.3333333,1.850994,56.098297,61.11111,27.400488,34.042553,3.21649,10.545389,11.087021,86.55,19.354544,17.101288,46.228397,12.3419,9.432268,22.583006,29.933338,5.931677,23.763474,12.749962,34.35856,0.75344956,36.73343,41.96313,8.5,41.583817,58.5347,3.890184,47.551365,59.35153,14.651163,65.85789,70.66734,27.443144,36.089443,22.19603,30.236158,23.041937,21.78808,10.897587,43.489147,56.618942,64.40643,64.958336,52.7868,19.101559,10.898263,57.468964,28.518383,0.15765765,48.18182,18.672548,33.80484,31.948711,0.2413793,63.826664,14.376561,43.097263,0.8180571,50.165707,0.051788904,8.828922,2.4991806,36.670307,53.04694,15.407343,66.11377,60.204926,0.0,30.50992,0.057306588,91.77428,88.17529,12.872213,40.49354,33.08853,0.0,26.13276,43.863045,24.519646,56.204094,89.07586,29.568073,52.058826,0.0005359971,33.181744,95.98169,45.925926,85.93315,57.659866,24.243896,13.187604,22.121187,50.158237,6.0701756,21.465172,10.640467,6.1266823,1.8961612,0.46079612,7.376529,30.59987,52.19818,1.0915809,66.00686,1.197548,6.101618,6.238511,50.79155,1.4567901,42.307693,63.317055,0.35072953,70.956505,13.371675,70.02784,0.12332769,33.5,41.874,32.369762,1.1370224,33.445255,34.247105,52.44413,24.8,12.72571,0.0,11.344756,21.301388,2.7333333,33.829258,52.22222,38.413303,10.720938,1.09375,44.75702,59.884144,9.065445,64.46957,47.72002,0.33518967,25.0,45.21239,19.030293,21.047434,58.59236,37.951874,8.570962,45.13563,0.91098666,12.25,24.472277,30.403114,72.34615,8.8242655,21.819735,40.508423,0.0,36.782013,0.009693054,29.062199,4.9803114,56.839863,57.084064,23.264212,88.92174,77.90018,30.068441,55.62503,51.082382,35.783016,44.039597,1.6780732,43.05964,0.0,37.97813,28.623417,47.66403,10.2126045,0.45448416,10.2289295,42.235577,23.310263,5.1282053,87.45163,36.69787,29.034222,16.666666,10.10021,5.6333337,30.763062,11.063825,57.9375,93.159004,39.178608,60.594105,54.90673,28.242281,10.882353,73.26087,2.7869103,11.073685,3.9080997,21.606443,39.100796,2.9619958,0.0,8.455235,62.508408,11.933333,44.973488,4.239044,27.402887,33.333332,,51.158028,10.7034235,15.964212,10.681308,31.512962,7.8336477,0.0,73.17949,51.364944,24.16,54.325714,42.053356,36.283836,41.62857,57.94155,1.0398318,14.165066,61.04527,45.350086
2015,2.3333333,1.850994,55.653072,61.11111,27.45,34.042553,3.21649,10.465041,11.080027,86.4,19.204544,17.192963,46.271294,12.446732,10.04815,22.579271,29.497646,5.931677,23.581066,12.757569,34.531532,0.7712083,36.73343,42.189026,8.5,41.58719,58.024815,0.23310024,47.35861,59.170784,14.651163,65.85789,70.71886,27.239784,36.041286,22.19339,30.319422,23.272284,21.99061,10.547509,43.37136,56.149246,64.371346,64.958336,52.6689,18.866201,10.972705,57.789238,28.977066,0.15765765,48.18182,18.669334,33.83276,31.949303,0.2413793,63.826664,14.55452,43.22272,0.821248,50.00265,0.04834989,8.802602,2.4988723,36.66792,53.396782,15.343092,66.21145,60.570335,0.0,30.661808,0.057306588,91.81428,88.130905,12.951028,40.49354,33.036137,0.0,25.986334,44.306747,24.012388,55.970383,88.77789,29.568073,52.058826,0.0005359971,32.93048,95.933014,46.296295,85.87877,57.461376,21.822805,13.075676,22.15221,49.659748,6.0701756,21.546211,10.738048,6.1266823,1.896325,0.4675728,7.476212,30.778002,52.544132,1.0915809,65.994484,1.2141562,6.0692487,6.260647,48.86666,1.4567901,42.307693,63.18361,0.35072953,70.810814,13.428708,69.756134,0.12332769,33.5,41.875,32.44658,1.1370224,33.49876,34.247105,52.50395,24.8,12.730243,0.0,11.415067,21.277023,2.7333333,33.766926,52.22222,38.67756,10.720938,1.09375,44.328823,59.884144,9.064733,64.108696,47.461784,0.3299117,25.0,45.38938,19.083208,20.692944,58.920887,37.807487,8.4848175,45.13025,0.90118396,12.25,24.295494,29.972616,72.38461,8.7826185,19.419859,40.508423,0.0,36.780884,0.009693054,29.0144,4.9398317,56.703533,56.950974,23.380499,89.108696,77.83343,30.126648,55.67982,50.906258,35.911938,43.021152,1.6843854,43.05964,0.0,38.11111,28.94698,47.66163,10.250569,0.45448416,10.2289295,42.03223,22.908762,5.1282053,87.4263,36.425034,28.820343,16.666666,9.979848,5.541667,30.777842,11.063825,57.291668,93.100174,39.19539,60.36276,52.947372,28.312212,10.882353,73.26087,2.8193111,11.073685,3.8084111,21.554321,39.09612,2.9834487,0.0,8.455235,62.414257,11.933333,44.89084,4.2483954,27.542244,33.333332,67.0,50.76533,10.532643,16.000332,10.895472,31.540934,7.906461,0.0,73.17949,51.184692,24.133333,54.742855,42.45346,36.283836,41.642857,57.77113,1.0398318,14.135207,60.795235,45.23219
2016,2.3333333,1.850994,55.207848,61.11111,27.448,34.042553,3.21649,10.427349,11.072966,86.25,19.054544,17.216488,46.314117,12.571173,10.04815,22.55558,29.061954,5.931677,23.399061,12.758607,34.63964,0.79531056,36.73343,42.296074,8.5,41.715973,57.53914,0.23310024,47.141335,59.000156,14.651163,65.85789,70.77191,27.036425,35.99313,22.19099,30.402733,23.431015,22.193142,10.197426,43.253574,55.67955,64.33099,64.958336,52.50526,18.630844,11.047147,58.10955,29.082636,0.15765765,48.18182,18.665846,33.854736,31.946087,0.24310344,63.826664,14.572041,37.49851,0.8206602,49.75196,0.047662888,8.777274,2.4991505,36.675552,53.47349,15.278857,66.2109,60.935963,0.0,30.813698,0.04707987,91.85714,88.086525,12.979762,40.49354,33.124596,0.0,25.823639,44.26994,23.504955,55.736782,88.47985,29.56807,52.058826,0.0005359971,32.82395,95.89198,47.407406,85.83595,57.275455,21.861809,12.963604,22.13542,49.340492,6.0701756,21.62725,10.815879,6.133546,1.896325,0.47376698,7.24966,30.956161,52.897728,1.0915858,65.98962,1.2248887,6.0998087,6.3242264,48.006683,1.4567901,42.307693,63.069546,0.35072953,70.66512,13.486124,69.48443,0.12332769,33.5,41.875,32.398415,1.1370224,33.541237,34.247105,52.564514,24.8,12.75613,0.0,11.415657,21.25452,2.7333333,33.701885,52.22222,38.73271,10.720938,1.1625,43.90063,59.884144,9.064028,61.87826,47.16249,0.32462597,25.0,45.928677,19.130045,20.338453,58.71252,37.830765,8.39867,45.124866,0.89138126,12.25,24.11872,29.205568,72.42307,8.805103,19.436613,40.508423,0.0,36.815235,0.009369952,28.974375,4.8879037,56.55199,56.816498,23.496792,89.291306,77.760544,30.166363,55.73506,50.730133,35.911594,42.334404,1.6843854,43.05964,0.0,38.301586,28.970545,47.66609,10.296127,0.45448416,10.138368,41.828884,22.604483,5.1282053,87.40104,36.15214,28.606464,16.666666,9.859486,5.4500003,31.029263,11.063825,56.645836,93.03256,39.21232,60.37839,52.939148,28.382029,10.882353,73.26087,2.8193111,11.073685,3.7185357,21.5022,39.022842,2.986278,0.0,8.444531,62.320107,11.933333,44.808968,4.257747,27.69251,33.333332,,50.27024,10.361863,16.011267,11.02145,31.53483,7.968948,0.0,73.17949,51.085552,24.133333,55.17143,42.80148,36.283836,41.642857,57.602116,1.0398318,14.105349,60.545155,45.114292
2017,2.3333333,1.850994,54.762623,61.11111,27.446001,34.042553,3.21649,10.389656,11.065905,86.1,18.904545,17.240013,46.35694,12.695614,10.04815,22.531889,28.626263,5.931677,23.217056,12.7596445,34.74775,0.8194129,36.73343,42.403122,8.5,41.844757,57.053463,0.23310024,46.92406,58.829525,14.651163,65.85789,70.82496,26.833067,35.944973,22.188591,30.486044,23.589746,22.395674,9.847342,43.135788,55.20985,64.29064,64.958336,52.341625,18.395487,11.121589,58.429863,29.188206,0.15765765,48.18182,18.662357,33.876713,31.94287,0.24482758,63.826664,14.589561,31.774298,0.82007235,49.501266,0.046975885,8.7519455,2.4994287,36.68318,53.550198,15.2146225,66.21035,61.30159,0.0,30.965588,0.03685315,91.899994,88.04214,13.008497,40.49354,33.213055,0.0,25.660946,44.233128,22.997522,55.50318,88.181816,29.568064,52.058826,0.0005359971,32.717422,95.85096,48.518517,85.79314,57.08954,21.900814,12.851532,22.11863,49.02124,6.0701756,21.708292,10.893711,6.1404095,1.896325,0.47996116,7.023108,31.13432,53.25132,1.0915906,65.98475,1.2356213,6.1303687,6.387806,47.14671,1.4567901,42.307693,62.95548,0.35072953,70.51943,13.543541,69.212715,0.12332769,33.5,41.875,32.35025,1.1370224,33.58371,34.247105,52.62508,24.8,12.782018,0.0,11.416248,21.232018,2.7333333,33.636845,52.22222,38.787865,10.720938,1.23125,43.472443,59.884144,9.063323,59.647827,46.8632,0.31934026,25.0,46.46797,19.17688,19.983963,58.504154,37.854046,8.312524,45.119484,0.88157856,12.25,23.941944,28.43852,72.46154,8.827587,19.45337,40.508423,0.0,36.849583,0.00904685,28.934347,4.8359756,56.40045,56.68202,23.613085,89.473915,77.68767,30.206078,55.790306,50.55401,35.91125,41.647655,1.6843854,43.05964,0.0,38.49206,28.99411,47.670547,10.341685,0.45448416,10.047805,41.62554,22.300201,5.1282053,87.37578,35.87925,28.392586,16.666666,9.739124,5.3583336,31.280682,11.063825,56.0,92.96495,39.229248,60.39402,52.930923,28.451843,10.882353,73.26087,2.8193111,11.073685,3.6286604,21.450079,38.949566,2.9891074,0.0,8.433828,62.225956,11.933333,44.727097,4.2670984,27.842777,33.333332,,49.77515,10.191083,16.022202,11.147429,31.528728,8.031435,0.0,73.17949,50.986412,24.133333,55.6,43.149494,36.283836,41.642857,57.4331,1.0398318,14.07549,60.29507,44.99639
2018,2.3333333,1.850994,54.3174,61.11111,27.444,34.042553,3.21649,10.351964,11.058843,85.95,18.754545,17.26354,46.39976,12.820056,10.04815,22.508198,28.19057,5.931677,23.035053,12.760681,34.855854,0.84351516,36.73343,42.510174,8.5,41.973537,56.567783,0.23310024,46.70679,58.658897,14.651163,65.85789,70.87801,26.629707,35.89682,22.186192,30.569357,23.74848,22.598206,9.497258,43.018005,54.740154,64.2503,64.958336,52.177986,18.160128,11.19603,58.75018,29.293776,0.15765765,48.18182,18.658869,33.898685,31.939653,0.24655172,63.826664,14.607083,26.050085,0.8194846,49.250576,0.046288878,8.726618,2.4997067,36.690815,53.626907,15.150388,66.20981,61.667213,0.0,31.117477,0.026626432,91.942856,87.99776,13.037231,40.49354,33.30151,0.0,25.498251,44.19632,22.490088,55.26958,87.88377,29.56806,52.058826,0.0005359971,32.610893,95.80993,49.62963,85.75033,56.903618,21.939817,12.739459,22.10184,48.701984,6.0701756,21.789331,10.971542,6.147273,1.896325,0.48615533,6.7965565,31.312479,53.604916,1.0915955,65.97988,1.2463539,6.1609282,6.4513855,46.28673,1.4567901,42.307693,62.841415,0.35072953,70.37373,13.600957,68.94101,0.12332769,33.5,41.875,32.30209,1.1370224,33.626186,34.247105,52.68565,24.8,12.807905,0.0,11.416839,21.209513,2.7333333,33.5718,52.22222,38.843018,10.720938,1.3,43.04425,59.884144,9.062618,57.417393,46.563908,0.31405452,25.0,47.007263,19.223717,19.629473,58.29579,37.877323,8.226377,45.1141,0.87177587,12.25,23.765167,27.671474,72.5,8.850072,19.470123,40.508423,0.0,36.883934,0.008723748,28.894321,4.784047,56.24891,56.547543,23.72938,89.65652,77.614784,30.245792,55.845547,50.377884,35.91091,40.96091,1.6843854,43.05964,0.0,38.68254,29.017675,47.675003,10.387244,0.45448416,9.957243,41.422195,21.995922,5.1282053,87.35052,35.60636,28.178707,16.666666,9.618762,5.266667,31.532103,11.063825,55.354168,92.89734,39.246174,60.409653,52.9227,28.52166,10.882353,73.26087,2.8193111,11.073685,3.538785,21.397957,38.876286,2.9919364,0.0,8.423125,62.13181,11.933333,44.645226,4.27645,27.993042,33.333332,,49.280056,10.020302,16.033138,11.273408,31.522625,8.093923,0.0,73.17949,50.887276,24.133333,56.028572,43.497513,36.283836,41.642857,57.264084,1.0398318,14.045632,60.04499,44.878494
2019,2.3333333,1.850994,53.872177,61.11111,27.442001,34.042553,3.21649,10.314271,11.051782,85.799995,18.604546,17.287066,46.442585,12.944497,10.04815,22.484507,27.754879,5.931677,22.853048,12.761719,34.963963,0.8676175,36.73343,42.61722,8.5,42.10232,56.082108,0.23310024,46.489517,58.488266,14.651163,65.85789,70.93106,26.42635,35.848663,22.183792,30.652668,23.907211,22.800737,9.147174,42.90022,54.270454,64.209946,64.958336,52.01435,17.92477,11.270472,59.07049,29.399345,0.15765765,48.18182,18.65538,33.920662,31.936436,0.24827586,63.826664,14.624604,20.325874,0.8188968,48.99988,0.045601875,8.701289,2.499985,36.698444,53.703613,15.086153,66.20926,62.03284,0.0,31.269367,0.016399715,91.98571,87.95337,13.065967,40.49354,33.38997,0.0,25.335558,44.159508,21.982655,55.03598,87.58574,29.568054,52.058826,0.0005359971,32.504364,95.768906,50.74074,85.70751,56.7177,21.978823,12.627387,22.085049,48.382732,6.0701756,21.870373,11.049375,6.1541367,1.896325,0.4923495,6.5700045,31.490637,53.958508,1.0916004,65.97501,1.2570865,6.1914883,6.514965,45.426758,1.4567901,42.307693,62.72735,0.35072953,70.22804,13.658374,68.6693,0.12332769,33.5,41.875,32.253925,1.1370224,33.66866,34.247105,52.746216,24.8,12.833793,0.0,11.41743,21.18701,2.7333333,33.50676,52.22222,38.89817,10.720938,1.36875,42.616062,59.884144,9.0619135,55.18696,46.264618,0.3087688,25.0,47.54656,19.270552,19.274982,58.087425,37.900604,8.14023,45.10872,0.86197317,12.25,23.588392,26.904427,72.53847,8.872556,19.48688,40.508423,0.0,36.91828,0.008400646,28.854294,4.732119,56.09737,56.413063,23.845673,89.83913,77.54191,30.285507,55.90079,50.20176,35.91057,40.274162,1.6843854,43.05964,0.0,38.873016,29.04124,47.679462,10.432802,0.45448416,9.86668,41.218853,21.69164,5.1282053,87.32526,35.33347,27.964828,16.666666,9.498401,5.175,31.783522,11.063825,54.708332,92.82973,39.263103,60.42528,52.914474,28.591475,10.882353,73.26087,2.8193111,11.073685,3.4489098,21.345837,38.80301,2.9947658,0.0,8.412422,62.03766,11.933333,44.563354,4.2858014,28.143309,33.333332,,48.784966,9.849522,16.044073,11.399387,31.516523,8.156409,0.0,73.17949,50.788136,24.133333,56.45714,43.845528,36.283836,41.642857,57.09507,1.0398318,14.015774,59.794907,44.760593
2020,2.3333333,1.850994,53.426952,61.11111,27.44,34.042553,3.21649,10.276579,11.044721,85.649994,18.454546,17.31059,46.48541,13.068938,10.04815,22.460815,27.319187,5.931677,22.671043,12.762756,35.07207,0.89171976,36.73343,42.72427,8.5,42.231106,55.59643,0.23310024,46.272243,58.31764,14.651163,65.85789,70.984116,26.22299,35.800507,22.181393,30.73598,24.065943,23.00327,8.797091,42.782433,53.80076,64.16959,64.958336,51.85071,17.689413,11.3449135,59.390804,29.504915,0.15765765,48.18182,18.651892,33.94264,31.93322,0.25,63.826664,14.642125,14.601662,0.81830895,48.74919,0.04491487,8.6759615,2.5002632,36.706078,53.780323,15.021918,66.20871,62.398468,0.0,31.421257,0.0061729965,92.02857,87.90899,13.094701,40.49354,33.478428,0.0,25.172863,44.1227,21.475222,54.80238,87.2877,29.56805,52.058826,0.0005359971,32.397835,95.727875,51.851852,85.664696,56.53178,22.017826,12.515315,22.068258,48.063477,6.0701756,21.951412,11.127206,6.1610003,1.896325,0.49854368,6.3434525,31.668797,54.312103,1.0916053,65.970146,1.267819,6.2220483,6.5785446,44.56678,1.4567901,42.307693,62.613285,0.35072953,70.08235,13.71579,68.39759,0.12332769,33.5,41.875,32.20576,1.1370224,33.711136,34.247105,52.80678,24.8,12.85968,0.0,11.41802,21.164507,2.7333333,33.44172,52.22222,38.953323,10.720938,1.4375,42.18787,59.884144,9.061209,52.956524,45.965324,0.30348307,25.0,48.085854,19.317389,18.920492,57.87906,37.92388,8.054083,45.103336,0.85217047,12.25,23.411617,26.137379,72.57693,8.8950405,19.503633,40.508423,0.0,36.952633,0.008077544,28.814268,4.680191,55.945827,56.278587,23.961966,90.021736,77.469025,30.325222,55.95603,50.025635,35.910225,39.587414,1.6843854,43.05964,0.0,39.06349,29.064806,47.68392,10.47836,0.45448416,9.776118,41.015507,21.387362,5.1282053,87.299995,35.060577,27.75095,16.666666,9.378038,5.0833335,32.034943,11.063825,54.0625,92.762115,39.280033,60.440914,52.90625,28.661291,10.882353,73.26087,2.8193111,11.073685,3.3590343,21.293715,38.729733,2.997595,0.0,8.401719,61.94351,11.933333,44.481483,4.295153,28.293575,33.333332,,48.289875,9.678741,16.055008,11.525366,31.51042,8.218897,0.0,73.17949,50.688995,24.133333,56.885715,44.193546,36.283836,41.642857,56.926056,1.0398318,13.985915,59.544827,44.642696
