Date,AGO,ALB,ARE,ARG,ARM,AUS,AUT,AZE,BEL,BFA,BGD,BGR,BHR,BIH,BLR,BOL,BRA,BWA,CAN,CHE,CHL,CHN,CIV,CMR,COD,COG,COL,CRI,CYP,CZE,DEU,DNK,DOM,DZA,ECU,EGY,ESP,EST,ETH,FIN,FRA,GAB,GBR,GEO,GHA,GRC,GTM,HKG,HRV,HUN,IDN,IND,IRL,IRN,IRQ,ISL,ISR,ITA,JAM,JOR,JPN,KAZ,KEN,KGZ,KHM,KOR,KWT,LBN,LKA,LTU,LUX,LVA,MAR,MDA,MDG,MEX,MKD,MLI,MLT,MMR,MOZ,MUS,MWI,MYS,NAM,NER,NGA,NLD,NOR,NZL,OMN,PAK,PER,PHL,POL,PRT,PRY,QAT,ROU,RUS,RWA,SAU,SDN,SEN,SGP,SRB,SVK,SVN,SWE,SYR,TCD,THA,TJK,TKM,TTO,TUN,TUR,TWN,TZA,UGA,UKR,URY,USA,UZB,VEN,VNM,YEM,ZAF,ZMB,ZWE
1950,,,,,,18.4293,8.175332,,11.118179,,,,,,,,2.6580622,,14.508715,17.956112,,,,,,,4.722355,,,,5.398649,12.490285,,,,,4.7067723,,,6.790675,7.7826757,,12.3862505,,,,,,,,,,5.202055,,,,,5.8500447,,,3.4719505,,,,,,,,,,,,,,,11.61911,,,,,,,,,,,,12.777946,11.452787,,,,3.0865347,,,4.6167526,,,,,,,,,,,,,13.638007,,,,,,,,,,,,,,21.577923,,9.729518,,,,,
1951,,,,,,17.522049,8.4365425,,11.644961,,,,,,,,2.6445198,,14.731884,18.911636,6.3232145,,,,,,4.7201657,,,,5.926178,12.221698,,,,,5.537134,,,7.6296616,8.112153,,12.543871,,,3.917902,,,,,,,5.3443418,,,,,6.345042,,,3.7757177,,,,,,,,,,,,,,,12.427314,,,,,,,,,,,,13.260323,12.104325,,,,3.2847528,,,5.183027,,,,,,,,,,,,,14.007333,,,,,,,,,2.313034,,,,,21.856524,,10.482533,,,,,
1952,,,,,,17.146282,8.886012,,11.959363,,,,,,,,2.8321826,,15.973271,18.66835,6.8188605,0.50352126,,,,,4.9607472,,,,6.420325,12.692417,,,,,5.7972403,,,7.787192,8.379583,,12.697745,,,3.8170063,,,,,,,5.6369247,,,,,6.476618,,,4.1025615,,,,,,,,,,,,,,,12.809472,,,,,,,,,,,,13.5811405,12.7456455,,,,3.4202366,,,5.4377356,,,,,,,,,,,,,14.258205,,,,,,,,,2.5946958,,,,,22.342476,,11.679927,,,,,
1953,,,,,,19.140686,9.47718,,12.392745,,,,,,,,2.840017,,16.636812,19.346987,6.8507123,0.5280399,,,,,5.318061,,,,6.8780117,13.288321,,,,,5.5556636,,,7.7132044,8.8443575,,13.253014,,,4.2948813,,,,,,,5.8560905,,,,,6.844891,,,4.2329035,,,,,1.6724209,,,,,,,,,,12.463455,,,,,,,,,,,,14.235781,13.411213,,,,3.5456166,,,5.746316,,,,,,,,,,,,,14.967742,,,,,,,,,2.7954848,,,,,23.103535,,11.754231,,,,,
1954,,,,,,20.304356,9.864532,,13.025532,,,,,,,,2.9806578,,16.778305,20.452818,7.422566,0.5332932,,,,,5.7496996,,,,7.326603,13.713108,,,,,6.1788273,,,8.512514,9.305894,,13.541551,,,4.3862567,,,,,,,6.0353556,,,,,7.0218716,,,4.335836,,,,,1.7082514,,,,,,,,,,13.686294,,,,,,,,,,,,14.477298,13.807769,,,,3.721736,,,6.103242,,,,,,,,,,,,,15.521057,,,,,,,,,2.9774728,,,,,23.752386,,12.664623,,,,,
1955,,,,,,21.054615,10.295629,,13.679245,,,,,,,,3.097796,,18.181902,21.561335,7.1715746,0.5313317,,,,,5.8763423,,,,8.156726,13.807495,,,,,6.483611,,,9.180508,9.836484,,13.942038,,,4.6584253,,,,,,,6.309138,,,,,7.4715695,,,4.4684486,,,,,1.8026873,,,,,,,,,,14.640006,,,,,,,,,,,,15.226415,14.308339,,,,3.8616385,,,6.347903,,,,,,,,,,,,,15.902382,,,,,,,,,3.115821,,,,,24.766106,,13.144047,,,,,
1956,,,,,,21.124231,10.742113,,14.126443,,,,,,,,3.1067822,,18.963818,22.507643,7.0421796,0.55289006,,,,,5.911012,,,,8.709182,14.265906,,,,,6.9040213,,,9.328865,10.45877,,14.200468,,,5.045208,,,,,,,6.3700275,,,,,7.708971,,,4.546973,,,,,1.7989858,,,,,,,,,,15.408761,,,,,,,,,,,,15.43893,14.916699,,,,3.931923,,,6.6035266,,,,,,,,,,,,,16.39745,,,,,,,,,3.278622,,,,,24.932867,,13.834692,,,,,
1957,,,,,,21.197527,11.065681,,14.341299,,,,,,,,3.2615092,,19.38548,22.903692,7.5785165,0.55948764,,,,,5.803307,,,,9.135589,15.048125,,,,,7.143567,,,9.401482,11.130271,,14.605793,,,5.4264503,,,,,,,6.6127596,,,,,7.9718127,,,4.6510887,,,,,1.8994564,,,,,,,,,,16.338917,,,,,,,,,,,,15.762537,15.686501,,,,4.179276,,,6.90136,,,,,,,,,,,,,16.68256,,,,,,,,,3.4729023,,,,,25.718395,,14.833011,,,,,
1958,,,,,,22.864124,11.446562,,14.413265,,,,,,,,3.3411016,,20.613089,22.44753,7.797632,0.55898005,,,,,5.7083116,,,,9.47551,15.403815,,,,,7.3517795,,,9.430289,11.598659,,15.04671,,,5.6640177,,,,,,,6.6348853,,,,,8.272401,,,4.8454666,,,,,1.9044135,,,,,,,,,,16.936476,,,,,,,,,,,,15.8071165,15.802802,,,,4.0653124,,,6.980357,,,,,,,,,,,,,17.248058,,,,,,,,,3.6394563,,,,,26.40536,,15.291141,,,,,
1959,,,,,,24.285387,11.679138,,15.024299,,,,,,,,3.3707,,21.111195,24.173643,7.8092175,0.51997596,,,,,5.9585376,,,,10.272338,16.43512,,,,,7.3266172,,,10.151761,11.998623,,15.82057,,,5.8921084,,,,,,,6.973044,,,,,8.821098,,,5.178795,,,,,1.8748512,,,,,,,,,,17.146849,,,,,,,,,,,,16.38892,16.326384,,,,4.08562,,,7.419603,,,,,,,,,,,,,18.24116,,,,,,,,,3.8631167,,,,,27.297684,,15.632931,,,,,
1960,,,,,,24.138668,12.260609,,15.515339,,,,,,,,3.5729108,,22.09001,25.483253,8.200655,0.5917165,,,,,6.194988,,,,11.210408,17.233078,,,,,8.28794,,,11.167162,12.8927355,,16.353039,,,5.990583,,6.91088,,,,,7.3983994,,,,,9.57449,,,5.6126404,,,,,1.8230278,,,,,,,,,,18.196568,,,,,,,,,,,,17.582943,16.667418,,,,4.429086,,,7.9261527,,,,,,,,,4.692894,,,,18.302492,,,,,,,,,4.038118,,,,,27.866028,,14.3949795,,,,,
1961,,,,,,24.85144,12.939731,,16.309597,,,,,,,,3.970823,,23.215847,26.324179,7.8503838,0.5288869,,,,,6.4361324,,,,11.691195,17.953915,,,,,9.178467,,,12.053591,13.680946,,16.858997,,,6.799292,,7.017639,,,,,7.7602406,,,,,10.385575,,,6.065575,,,,,1.8503036,,,,,,,,,,18.265057,,,,,,,,,,,,18.001726,17.443207,,,,4.6754394,,,8.4712305,,,,,,,,,5.2462425,,,,19.30093,,,,,,,,,4.252632,,,,,28.773964,,14.501749,,,,,
1962,,,,,,25.640186,13.452099,,17.029314,,,,,,,,4.1640086,,24.11554,26.555101,9.77456,0.5503502,,,,,6.5820093,,,,12.299276,18.419378,,,,,10.089337,,,12.397303,14.536229,,17.3132,,,6.8086796,,7.53404,,,,,7.869145,,,,,11.260347,,,6.555955,,,,,1.7718958,,,,,,,,,,18.53361,,,,,,,,,,,,18.72921,17.747204,,,,5.003105,,,9.145624,,,,,,,,,5.8823876,,,,20.08848,,,,,,,,,4.4163647,,,,,29.743284,,15.200702,,,,,
1963,,,,,,26.754639,14.191346,,17.682707,,,,,,,,4.324041,,25.020016,27.321144,10.11511,0.5598834,,,,,6.619188,,,,12.750291,18.373617,,,,,11.072142,,,12.510999,15.471624,,18.018612,,,7.8112373,,8.291227,,,,,8.178961,,,,,12.0652895,,,7.006951,,,,,1.8798785,,,,,,,,,,19.759293,,,,,,,,,,,,18.762623,18.355158,,,,5.2112966,,,9.826349,,,,,,,,,6.610517,,,,21.097399,,,,,,,,,4.687395,,,,,30.81857,,15.934797,,,,,
1964,,,,,,27.150354,14.982049,,18.724998,,,,,,,,4.403841,,26.018246,28.422272,10.3746605,0.61575925,,,,,7.011401,,,,13.600448,19.341587,,,,,11.841452,,,12.754318,16.263643,,18.822708,,,8.539397,,8.82427,,,,,8.37729,,,20.338007,,12.485863,,,7.6117196,,,,,2.0784132,,,,,,,,,,21.864721,,,,,,,,,,,,20.533123,19.321672,,,,5.475511,,,10.316341,,,,,,,,,6.5771227,,,,22.680748,,,,,,,,,5.23337,,,,,31.78865,,17.285387,,,,,
1965,,,,,,26.77636,15.656651,,19.433271,,,,,,,,4.5564365,,26.745342,29.33054,9.852619,0.6761342,,,,,6.857901,,,,14.331905,19.69297,,,,,12.462083,,,13.374153,17.078272,,19.346313,,,9.565035,,9.814885,,,,,8.502068,,,21.515368,,13.53985,,,8.010024,,,,,1.9960136,,,,,,,,,,22.438164,,,,,,,,,,,,21.110918,20.659727,,,,5.753066,,,11.027809,,,,,,,,,6.9479237,,,,23.399458,,,,,,,,,5.9233665,,,,,32.718838,,17.45584,,,,,
1966,,,,,,27.670444,16.680285,,20.00714,,,,,,,,4.644213,,27.938782,30.1379,10.739054,0.707887,,,,,7.016034,,,,14.96189,19.761168,,,,,13.265604,,,13.931713,17.930405,,20.241072,,,10.456668,,10.048908,,,,,8.6585865,,,22.553175,,14.4079895,,,8.602083,,,,,2.222083,,,,,,,,,,23.165888,,,,,,,,,,,,21.17766,21.292326,,,,6.093968,,,11.320874,,,,,,,,,7.645392,,,,23.963697,,,,,,,,,6.236398,,,,,33.605515,,17.196653,,,,,
1967,,,,,,28.10588,17.58837,,20.98855,,,,,,,,4.898555,,28.39859,30.945581,12.027088,0.67365664,,,,,7.0628605,,,,15.444134,21.138418,,,,,13.775465,,,14.751926,19.077147,,21.10013,,,11.166481,,10.14527,,,,,9.210672,,,22.310606,,15.073666,,,9.191813,,,,,2.240305,,,,,,,,,,23.775896,,,,,,,,,,,,22.394905,22.683311,,,,6.3097425,,,12.42592,,,,,,,,,8.591528,,,,25.578365,,,,,,,,,6.720496,,,,,34.017643,,17.419107,,,,,
1968,,,,,,29.559008,18.70747,,22.042124,,,,,,,,5.256257,,30.24471,31.880852,11.652254,0.62512565,,,,,7.284961,,,,16.38126,22.688044,,,,,14.901344,,,15.87951,20.176243,,22.14618,,,12.110415,,10.47406,,,,,9.87938,,,20.876795,,16.1077,,,10.218461,,,,,2.3433566,,,,,,,,,,25.1021,,,,,,,,,,,,23.663973,23.99125,,,,6.2106023,,,14.398573,,,,,,,,,9.367468,,,,26.844402,,,,,,,,,7.154154,,,,,34.987972,,18.946543,,,,,
1969,,,,,,31.00819,19.795279,,23.14083,,,,,,,,5.182735,,31.15758,33.094265,12.104663,0.655309,,,,,7.54673,,,,17.604475,24.175169,,,,,16.197502,,,17.371788,22.069056,,22.68991,,,13.573545,,11.395108,,,,,10.316449,,,22.070623,,17.216448,,,11.355441,,,,,2.5384908,,,,,,,,,,25.511816,,,,,,,,,,,,,25.370335,,,,6.4255652,,,14.961653,,,,,,,,,10.7281,,,,27.967106,,,,,,,,,7.5710096,,,,,35.24685,,19.62958,,,,,
1970,,,,,,31.11273,21.63372,,24.606722,,2.213981,,,,,,5.7347217,,32.377205,34.539528,12.736572,0.6897339,,,,,7.8759995,,,,18.499783,24.490164,,,,,16.62748,,,18.42959,23.322165,,23.889267,,,15.143444,,12.2840185,,,2.5868757,1.8563921,10.589427,,,23.011883,,19.60901,,,12.500562,,,,1.8552336,2.8128579,,,5.512844,,36.14394,,,,,26.466484,,,,0.7853079,,,,5.9805927,,,,27.161234,20.769665,23.9433,,2.9534538,6.5240917,3.877143,,16.289623,,,,,,,,,12.226863,,,,29.289053,,,2.8166142,,,,,12.675089,8.288822,,,,,35.989223,,21.641949,,,,,
1971,,,,,,31.595451,22.610033,,25.537449,,2.1536076,,,,,,6.106968,,33.446392,35.751404,13.218885,0.71254194,,,,,8.469117,,,,19.4526,25.751982,,,,,17.288282,,,19.266727,24.64124,,25.186962,,,16.271564,,12.469036,,,2.7101023,1.878917,10.897136,,,26.773327,,20.68078,,,13.208523,,,,2.0158563,3.1814723,,,5.325629,,34.505272,,,,,26.238018,,,,0.7977794,,,,7.031414,,,,28.911343,22.429409,24.07756,,3.0052178,6.6929274,3.6821904,,17.381538,,,,,,,,,12.752732,,,,30.25459,,,2.8740997,,,,,12.891073,9.066976,,,,,37.38677,,20.201735,,,,,
1972,,,,6.4967217,,32.326717,23.517387,,27.571096,,2.0149913,,,,,,6.559861,,34.377335,36.94228,12.579678,0.71916765,,,,,9.041544,,,,20.601288,27.12198,,,,,18.505257,,,20.57378,26.477339,,25.645933,,,17.77961,,13.123523,,,2.992935,1.8870599,11.989609,,,26.28041,,21.87211,,,14.332234,,,,1.6940527,3.423842,,,5.356866,,36.354927,,,,,27.007645,,,,0.77836704,,,,7.281132,,,,30.295351,24.993755,25.366045,,2.8560908,6.6214705,3.875201,,18.283213,,,,,,,,,12.593749,,,,31.681232,,,3.04389,,,,,13.725425,9.861825,,,,,38.38325,,20.201115,,,,,
1973,,,,6.8090587,,33.081367,24.40736,,29.683779,,1.6560234,,,,,,6.6004715,,35.104023,38.145885,12.274743,0.7577086,,,,,9.733594,,,,21.908606,28.663197,,,,,19.49681,,,21.76383,28.29802,,26.853504,,,18.90981,,14.30456,,,3.1791582,1.9446568,12.5803995,,,28.782358,,23.438831,,,15.201617,,,,1.3523636,3.9830017,,,5.5844684,,40.10396,,,,,27.779266,,,,0.76669097,,,,7.88051,,,,32.881886,25.715714,26.846691,,2.919471,6.9214025,3.924214,,19.879433,,,,,,,,,13.859764,,,,33.259525,,,3.0630069,,,,,14.201014,10.467222,,,,,39.45205,,21.55671,,,,,
1974,,,,6.8881235,,31.124147,23.948471,,31.120346,,1.628159,,,,,,7.076144,,34.578342,39.216114,12.352875,0.7571955,,,,,10.206611,,,,22.856144,28.815826,,,,,20.218105,,,22.508266,29.973028,,26.15203,,,17.765348,,14.006285,,,3.366228,1.8822644,12.938198,,,30.306004,,25.10542,,,15.537899,,,,1.2251512,4.5834417,,,5.776458,,42.556843,,,,,28.005116,,,,0.7729506,,,,8.389434,,,,35.804943,27.788805,26.680927,,2.9892943,7.250548,4.104473,,18.91066,,,,,,,,,16.052294,,,,33.741634,,,3.0751112,,,,,15.862733,10.722902,,,,,38.947735,,24.821783,,,,,
1975,,,,6.7418485,,32.072807,25.274487,,31.571302,,1.5152599,,,,,,7.215088,,35.02049,37.712845,10.566433,0.7855423,,,,,10.302425,,,,23.842072,30.134491,,,,,20.574713,,,22.844862,30.492315,,26.251995,,,18.806425,,13.420646,,,3.526383,2.005659,13.768604,,,30.38063,,25.452435,,,16.558746,,,,1.2105685,5.197803,,,5.533302,,36.454033,,,,,27.882404,,,,0.78944623,,,,7.841031,,,,37.522453,30.73408,25.684889,,3.0683649,7.4427004,4.3082786,,17.73784,,,,,,,,,16.334457,,,,34.242867,,,3.1763265,,,,,17.019238,10.707721,,,,,39.96089,,23.639421,,,,,
1976,,,,6.7698174,,32.870277,25.918947,,33.80869,,1.6439028,,,,,,7.658524,,36.76421,38.36872,10.688353,0.7509302,,,,,10.697927,,,,24.980808,31.131123,,,,,21.725216,,,23.166557,31.234888,,27.830488,,,19.734903,,14.815519,,,3.7370312,1.9245015,14.549223,,,29.885754,,27.470055,,,17.28906,,,,1.2807078,5.330771,,,5.0524907,,38.866264,,,,,28.281258,,,,0.81047165,,,,8.03125,,,,39.563335,34.357452,26.142614,,3.146684,7.314179,4.7688403,,19.00411,,,,,,,,,17.452684,,,,34.10993,,,3.3673012,,,,,18.825642,12.037717,,,,,41.01814,,25.21465,,,,,
1977,,,,7.0599103,,33.137997,26.598335,,34.995968,,1.6920224,,,,,,7.1707087,,37.828274,39.60345,11.206259,0.79265386,,,,,10.779145,,,,26.130478,32.515266,,,,,22.918875,,,23.887642,32.96775,,28.976736,,,20.012377,,15.731484,,,3.983113,1.8555336,15.671059,,,34.313946,,29.435314,,,18.228266,,,,1.1748192,5.6610017,,,4.70618,,39.121586,,,,,28.225397,,,,0.8217197,,,,8.521797,,,,40.74805,35.24297,25.004667,,3.154879,7.076,4.857016,,19.56399,,,,,,,,,18.222593,,,,33.97625,,,3.6349614,,,,,18.172,12.427261,,,,,41.50775,,25.54119,,,,,
1978,,,,6.87347,,34.53616,27.276499,,36.710358,,1.6738291,,,,,,7.2422905,,38.174896,40.24448,11.777471,0.87405145,,,,,11.360184,,,,27.097204,33.701183,,,,,24.639795,,,25.091757,35.536896,,30.7745,,,21.359673,,16.470901,,,4.2066264,1.7657484,17.088678,,,35.74364,,31.547836,,,19.439905,,,,1.2667753,5.932607,,,4.6561375,,40.727257,,,,,29.463175,,,,0.83530277,,,,8.964403,,,,42.019268,38.427135,23.511364,,3.2772696,6.713875,4.687034,,19.056124,,,,,,,,,19.193596,,,,35.551945,,,3.6768467,,,,,17.539349,13.624295,,,,,41.98502,,23.9852,,,,,
1979,,,,7.2071433,,35.079933,27.76099,,37.9011,,1.7122433,,,,,,7.915856,,37.90529,41.41877,12.322819,0.89695245,,,,,11.499985,,,,28.111506,34.941,,,,,26.087162,,,26.740616,36.89834,,32.26451,,,21.605627,,18.656174,,,4.3738656,1.6000904,17.32386,,,37.359,,34.046223,,,20.534294,,,,1.1232378,6.193667,,,4.2333946,,42.380135,,,,,30.71961,,,,0.8470904,,,,9.389495,,,,42.67057,40.860825,23.427135,,3.2813826,6.6929107,4.803617,,19.458078,,,,,,,,,20.95484,,,,36.342445,,,3.7778955,,,,,17.145903,14.255676,,,,,42.20026,,24.604576,,,,,
1980,,,,7.2464604,,35.261826,27.800098,,40.98624,,1.6457763,,,,,,7.489469,,37.709152,42.684612,12.347094,0.9160369,,,,,11.8996,,,,28.47507,34.93212,,,,,27.832306,,,27.805735,37.68234,,33.47946,,,21.589666,,19.416595,,12.437788,4.5490937,1.5914888,18.6053,,,38.635517,,35.58931,,,21.557663,,,,1.0448102,5.8720026,,,4.2029614,,42.75105,,,,,31.933846,,,,0.8973463,,,,9.901173,,,,43.73706,42.428677,23.654932,,3.4139738,7.0786476,5.233184,,19.052557,,,,,,,,,22.17391,,,,36.163803,,,3.6021376,,,,,16.830296,15.235557,,,,,42.2123,,21.627645,,,,,
1981,,,,7.319287,,36.599667,28.717724,,40.350502,,1.6344641,,,,,,8.109056,,38.13155,42.40523,12.43097,0.90193015,,,,,11.515094,,,,28.204489,34.90648,,,,,27.521091,,,27.902117,37.408974,,34.395077,,,20.475496,,19.439667,,12.724323,4.651606,1.5335773,19.273748,,,38.7739,33.937263,34.920696,,,21.441792,,,,1.0208759,6.0879784,,,4.4389634,,41.42006,,,,,33.364292,,,,0.9290892,,,,10.020196,,,,42.729305,42.45305,25.097498,,3.592335,7.3795376,5.1744027,,18.940632,,,,,,,,,20.439423,,,,36.844246,,,3.8283467,,,,,18.76965,15.916879,,,,,43.042946,,20.958015,,,,,
1982,,,,7.6072407,,36.191505,28.967583,,39.88197,,1.581181,,,,,,7.844945,,38.99436,42.247314,11.631956,0.92329454,,,,,11.434924,,,,27.91856,35.16844,,,,,27.0824,,,28.112427,38.74907,,35.15937,,,20.056498,,20.01358,,13.494509,4.6233926,1.4583745,19.651966,,,39.024864,33.300346,34.13998,,,21.06356,,,,0.99254817,6.361646,,,4.276597,,41.95758,,,,,31.987888,,,,0.970487,,,,10.239702,,,,42.562084,42.233944,25.027147,,3.6540444,7.2209625,5.4568996,,18.562714,,,,,,,,,19.993256,,,,36.94928,,,4.3026447,,,,,18.016977,16.331799,,,,,42.836876,,19.4855,,,,,
1983,,,,8.040002,,39.292015,29.779043,,39.050762,,1.562196,,,,,,7.56964,,40.144096,42.968384,10.488575,0.9985979,,,,,11.426153,,,,28.313047,35.56827,,,,,27.013756,,,28.75412,38.58362,,36.323895,,,19.696243,,21.17172,,13.569582,4.7480135,1.4580262,19.564459,,,35.21162,33.56892,33.71855,,,20.635586,,,,1.0057755,7.0617275,,,4.2362967,,41.6925,,,,,29.924929,,,,0.9939046,,,,10.475078,,,,43.406914,44.501972,25.824389,,3.8761363,6.395443,5.0652213,,17.560259,,,,,,,,,21.558245,,,,37.500793,,,3.7295332,,,,,18.56061,16.971653,,,,,43.917244,,19.785793,1.2390631,,,,
1984,,,,8.4331,,39.00796,29.631897,,38.330788,,1.662818,,,,,,7.6515555,,41.60429,43.761944,10.381391,1.1408094,,,,,11.642107,,,,28.651363,35.885788,,,,,27.775309,,,29.481054,38.564266,,35.80805,,,20.877497,,22.434954,,14.24163,4.75227,1.42141,20.56609,,,38.106113,33.021873,34.045433,,,20.640759,,,,1.02203,7.824126,,,4.3144655,,41.668194,,,,,29.58444,,,,1.0386386,,,,10.982586,,,,44.059475,46.926212,26.963627,,3.9767516,6.4553833,4.598717,,16.662226,,,,,,,,,23.552917,,,,38.987392,,,3.702476,,,,,19.874327,17.876738,,,,,44.87013,,20.24216,1.290121,,,,
1985,,,,8.183998,,38.93734,30.200127,,36.191406,,1.6332095,,,,,,7.5619655,,41.098915,44.201138,9.930942,1.2886107,,,,,11.396164,,,,28.875738,35.916016,,,,,27.795086,,,29.699072,38.72428,,35.887974,,,20.85754,,21.747705,,14.443085,4.5865583,1.4057627,20.62051,,,36.4909,33.60697,34.21839,,,21.397434,,,,1.0364385,8.004323,,,4.7328467,,41.13135,,,,,28.338995,,,,1.0338818,,,,10.103978,,,,42.75243,46.273575,25.88645,,4.153248,6.3481245,4.307073,,17.16038,,,,,,,,,22.187164,,,,39.222,,,3.8528259,,,,,19.951866,17.917585,,,,,45.43116,,18.615776,1.3156817,,,,
1986,,,,8.952904,,38.28763,31.691406,,39.205723,,1.5708897,,,,,,8.29846,,40.635685,45.880013,8.999759,1.3471484,,,,,11.778053,,,,31.190838,37.697536,,,,,29.19572,,,32.078014,40.857723,,36.84061,,,21.709446,,24.062424,,15.237488,4.497659,1.4240447,21.601284,,,38.727688,33.921688,35.919937,7.5111227,,23.326965,,,,1.0418832,9.02031,,,4.9052434,,45.941605,,,,,25.814838,,,,1.0044934,,,,9.228085,,,,44.154915,43.542175,27.58832,,4.2753296,6.753122,4.4088593,,18.391436,,,,,,,,,23.440697,,,,41.960243,,,3.7873468,,,,,20.479038,19.55288,,,,,46.37501,,16.696226,1.3153611,,,,
1987,,,,9.406732,,40.541897,33.35992,,41.612198,,1.5337934,,,,,,8.256027,,42.006126,45.786034,9.519868,1.4340891,,,,,11.362095,11.452317,,,32.78944,39.56505,,,,,30.166142,,,33.218998,41.4312,,38.212753,,,22.02932,,28.280924,,16.033094,4.4843903,1.4580668,23.185957,,,40.922512,35.600323,37.264923,7.9184966,,24.888906,,,,1.2281226,10.0388155,,,5.0875683,,46.376995,,,,,25.274685,,,,0.9495256,,,,9.676398,,,,44.381645,44.583275,28.607384,,4.3162284,7.29975,4.8616076,,19.053988,,,,,,,,,25.262156,,,,43.346413,,,3.9726238,,,,,22.21755,21.458588,,,,,46.597885,,16.189606,1.3162571,,,,
1988,,,,9.870018,,41.336845,35.255848,,44.445614,,1.5541079,,,,,,8.033914,,42.58739,45.472195,10.16236,1.5294375,,,,,11.363325,11.492779,,,34.410908,40.684456,,,,,31.446363,,,35.585327,42.895493,,38.764023,,,23.258696,,28.366432,,16.135792,4.3893824,1.5271368,24.068913,,,43.445217,36.131798,38.361588,7.971218,,27.097591,,,,1.334635,11.267897,,,5.1724176,,49.562138,,,,,24.352024,,,,0.8100388,,,,10.24628,,,,45.435333,42.96947,31.029678,,4.544751,6.8924913,5.163862,,20.036682,,,,,,,,,25.997612,,,,44.108482,,,4.1896367,,,,,21.545801,23.071497,,,,,47.21477,,15.89339,1.3467938,,,,
1989,,,,9.487158,,40.839767,36.481647,,45.404934,,1.67388,,,,,,8.239551,,43.32276,46.693798,10.688225,1.5231005,,,,,11.143924,11.673306,,,36.066418,41.7479,,,,,32.74504,,,36.602043,44.321278,,38.849697,,,23.978022,,31.028688,,16.893536,4.5482106,1.5882077,25.549934,,,42.244976,35.417877,39.995575,7.76457,,29.242212,,,,1.3635664,12.468526,,,5.3335323,,54.02551,,,,,24.366886,,,,0.815334,,,,10.919552,,,,46.330338,46.163338,32.50624,,4.743743,5.627529,5.4679513,,20.624027,,,,,,,,,25.08023,,,,44.76414,,,4.35096,,,,,20.737751,24.906761,,,,,47.60132,,14.984856,1.2953826,,,,
1990,,,,10.432155,,40.505577,38.11557,,46.73307,,1.7534578,,,,,,7.8430142,,43.533283,47.971172,10.627448,1.5250864,,,,,11.310183,11.541542,,,39.499382,43.7463,8.796212,,,,33.42688,,,37.359497,45.47389,,39.927418,,,24.409918,,34.600857,,17.45562,4.9584274,1.6376243,26.5071,,,42.869568,33.858536,41.605755,8.301429,,31.656733,,,,1.315637,13.92536,,,5.5166616,,54.886406,,,,,24.061445,,,,0.87355304,,,,11.818358,,,,48.034317,51.986206,32.516823,,4.729538,5.5457606,5.827373,,21.573816,,,,,,,,,26.287687,,26.804636,,45.328304,,,4.9664707,,,,,22.739357,27.129566,,,,15.444872,48.246418,,15.428179,1.3145646,,,,
1991,,,,11.980544,,41.755432,39.25962,,48.588074,,1.823917,,,,,,8.4976425,,43.66975,45.033833,11.361919,1.6451836,,,,,10.729174,11.9497795,,,43.37597,44.715145,8.44252,,,,34.493755,,,36.757362,45.883667,,40.96872,,,26.291782,,35.600796,,16.998821,5.302407,1.6474383,27.495462,,,43.610477,35.349667,42.3235,7.9880033,,33.826954,,,,1.3003417,15.485522,,,5.63772,,59.1328,,,,,24.481346,,,,0.8298903,,,,12.72607,,,,48.946983,52.794037,32.792717,,4.6001344,5.431057,5.8107886,,22.907345,,,,,,,,,23.927385,,22.970089,,46.105568,,,5.069115,,,26.847864,,20.891582,28.762613,,,,16.207277,48.753185,,15.948638,1.4495797,,,,
1992,,,,13.97899,,43.746502,41.57247,,51.348923,,1.866336,,,,,,8.7095375,,44.59597,45.833256,12.303191,1.8713093,,,,,11.15061,12.152337,,,45.187477,46.571014,9.278705,,,,36.15699,,,38.044975,47.14731,,42.58305,,,26.124716,,39.812172,,19.050795,5.6062984,1.6969699,30.027225,,,41.841423,36.157566,43.560154,8.350536,,35.487663,,,,1.5906717,16.59954,,,6.1330605,,59.582798,,,,,24.541084,,,,0.88015926,,,,13.172725,,,,48.824615,54.314007,33.268303,,4.7460585,5.541614,5.939127,,23.56172,,,,15.258359,,,,,23.33911,,22.954088,,47.383106,,,5.3959785,,,25.54953,,21.247732,30.180784,,,,18.156467,50.641438,,16.006231,1.5295556,,,,
1993,,,,15.883223,,44.71063,42.9456,,53.685722,,1.9026428,,,,,,9.376981,,45.34177,46.990116,13.114415,2.1127315,,,,,11.080997,12.657697,,25.860928,47.030697,47.35203,9.712805,,,,38.04142,,,40.297012,47.99465,,44.848793,,,26.389612,,40.30446,,21.66351,5.921878,1.7432435,31.823202,,,42.197754,35.89108,44.59149,8.976048,,37.547256,,,,1.3764054,17.89704,,,6.2922087,,62.64721,,,,,24.12281,,,,1.0715272,,,,13.825666,,,,50.629486,54.59707,34.02841,,4.803931,5.7614093,6.2504115,,24.47769,,,,13.668077,,,,,22.752913,,23.147589,,47.87285,,,5.8769093,,,23.778893,,24.177973,31.241411,,,,18.980314,51.0151,,14.965662,1.6978365,,,,
1994,,,,18.148232,,45.21353,45.262436,,55.56042,,1.9779087,,,,,,10.456339,,46.364975,47.9702,14.512706,2.3124347,,,,,11.205122,12.686207,,27.208624,49.049942,50.14378,10.105055,,,,39.975754,,,43.175785,48.85685,,45.90097,,,27.799145,,40.401436,,21.943613,6.0197268,1.8200936,32.343193,,,43.960594,36.06192,46.7413,8.780737,,38.223274,,,,1.5024735,19.64667,,,6.8703413,,65.6644,,,,,25.130724,,,27.54712,1.0137414,,,,14.581438,,,,51.519474,55.982834,34.83323,,4.7354875,6.383556,6.6637344,,25.85271,,,,12.501482,,,,,20.797901,,24.436089,,50.04143,,,6.4689207,,,22.867819,,20.91097,32.76157,,,,20.154436,51.541924,,13.815713,1.7597606,,,,
1995,,,,21.263348,,45.956936,48.23329,,57.097717,,2.055064,17.804731,,,,,12.240183,,47.944138,49.384583,16.344078,2.5046108,,,,,11.230285,13.005149,35.692833,28.352118,50.687958,51.199394,10.230078,,9.261361,,41.363132,14.1422615,,47.177303,50.27979,,50.397476,,,28.889275,,41.75232,17.589096,22.626534,6.442142,1.9488382,35.42927,,,43.02846,37.40816,48.957157,8.557294,,40.2015,,,,1.5822915,21.396973,,,7.0016956,16.56673,64.779655,14.999943,,,,24.800215,,,26.480053,1.101906,,,,15.6569195,,,,52.65435,59.57564,35.151604,,4.9104323,6.7881823,7.2331944,18.57919,25.793924,,,10.478117,11.838192,,,,,21.203884,,24.67673,29.479671,52.499924,,,7.081656,,,21.975727,,22.708874,33.52243,,,,19.84499,52.000492,,13.827156,1.8729107,,,,
1996,,,,26.70153,,47.4686,48.070328,,56.89613,,2.1019523,17.086872,,,,,15.01384,,48.277153,50.94194,16.965132,2.7279365,,,,,11.127763,12.263796,35.30229,29.496294,51.823856,52.86117,10.651945,,9.187274,,42.10302,15.543741,,46.399403,51.13975,,52.780224,,,29.564573,,41.374428,18.237663,23.304245,6.887552,2.0815794,37.886673,,,43.589108,38.678944,49.492958,8.663814,,42.296825,,,,1.4520738,23.488106,,,7.1508865,17.05228,65.05981,14.981981,,,,24.404797,,,24.871769,1.092862,,,,16.570148,,,,53.18622,65.87828,35.93259,,5.2797046,6.9065223,7.7641563,19.7247,26.047388,,,10.787337,11.900856,,,,,24.86027,,25.953342,31.5837,54.273335,,,7.9488363,,,20.761293,,24.08818,36.60678,,,,21.116158,53.23023,,13.438407,2.0880613,,,,
1997,,,,26.122179,,49.61656,49.89571,,58.597492,,2.0940034,13.340294,,,,,14.363874,,48.82593,53.21764,17.206074,2.8579865,,,,,11.192523,12.401562,36.01037,28.648998,53.603516,54.022552,11.128914,,8.364782,,43.426033,16.209692,,48.937263,53.63146,,55.18963,,,32.091225,,42.14609,19.968214,23.20121,6.869291,2.1527622,42.07974,,,46.91536,39.565186,51.241856,8.657555,,42.642437,,,,1.4805099,23.126568,,,7.5504293,17.992344,67.1878,15.059661,,,,25.314209,,,27.728384,1.0775642,,,,16.949522,,,,55.686497,67.88356,37.096104,,5.3640966,7.1952643,7.360956,20.77945,27.460209,,,10.137656,11.551224,,,,,24.851305,,26.550606,33.08505,56.678986,,,7.319621,,,20.336733,,25.108702,39.34308,,,,21.091763,54.376328,,12.944048,2.3240025,,,,
1998,,,,24.831041,,50.72947,51.796326,,57.93025,,2.0729196,16.46134,,,,,13.839823,,48.338005,53.730457,16.32648,3.0277374,,,,,10.955719,13.218425,35.241863,27.755621,54.964676,54.50454,11.19928,,7.9360647,,44.1164,16.253605,,51.990208,55.73289,,56.392914,,,31.931044,,39.629986,20.987856,23.526487,5.2423105,2.3077326,45.198975,,,47.922646,40.808643,52.790176,8.676959,,42.90856,,,,1.3514644,22.512466,,,7.4897385,18.499681,69.583954,16.234789,,,,25.954008,,,27.600828,1.2151546,,,,14.470333,,,,56.420544,62.92339,38.206448,,5.7439175,6.7721376,7.089624,21.415249,27.68536,,,9.837066,10.777695,,,,,26.54218,,25.927938,32.611103,58.052113,,,6.378929,,,19.168415,,24.07644,40.077793,,,,20.822218,55.81051,,11.352047,2.2898283,,,,
1999,,,,23.373936,,52.554787,52.920856,,59.663586,,2.008763,16.544697,,,,,12.9208555,,50.274673,53.733425,15.881735,3.2503235,,,,,10.5271015,12.923629,37.13651,27.824385,57.002277,55.87614,11.469443,,8.422218,,43.85755,17.334574,,53.481224,56.734753,,58.364075,,,32.5649,,39.854702,21.735947,23.798574,5.134975,2.4382935,46.726902,,,50.041344,41.279358,53.541145,9.127175,,43.710182,,,,1.4081968,24.495907,,,7.376028,20.292135,74.60031,17.322245,,,,25.005701,,,29.324745,1.1610945,,,,14.7710905,,,,58.93791,69.646164,39.503624,,5.9605937,6.5770783,6.6575313,23.209105,28.972706,,,9.86666,10.05927,,,,,27.037836,,25.296597,33.083096,59.562214,,,6.565673,,,22.095907,,21.98228,41.712795,,,,20.445757,57.530106,,11.88049,2.2263224,,,,
2000,,,,23.287077,,52.59428,55.563023,,62.139027,,2.0774,18.275629,,,,,12.489104,,52.643627,54.414757,16.072504,3.5005732,,,,,10.21341,13.01467,41.91559,28.797884,58.083973,58.387703,11.725638,,8.662809,,44.811985,19.571894,,55.383022,59.59324,,62.019405,,,34.14118,,42.687355,23.514591,25.24496,4.8264203,2.491568,50.50551,,,47.932587,43.60874,54.765713,9.424597,,45.020416,,,,1.4361778,25.21157,,,6.970878,21.022623,79.95352,18.661888,,,,26.073776,,,35.261875,1.1251271,,,,16.220388,,,,64.15681,86.45562,39.762474,,6.173437,6.477955,6.570319,24.517946,29.971905,,,10.2608795,11.23249,,,,,34.375656,,26.807442,34.1683,62.9406,,,6.633584,,,25.71159,,24.512747,43.519955,,,,20.013767,59.149975,,14.073105,2.3180463,,,,
2001,,,,22.649946,,53.9811,54.67163,,62.25209,,2.1359174,19.692627,,,,,12.356733,,52.326077,54.831184,15.915101,3.759835,,,,,10.198837,13.490734,42.375515,31.558556,59.583893,57.93497,13.234211,,8.401136,,44.947136,20.587934,,55.84865,61.51625,,63.436264,,,36.395542,,44.916466,24.147898,27.715534,4.826264,2.5604465,53.470085,,,49.140614,45.636974,55.51546,9.345383,,45.43232,,,,1.3703396,25.654871,,,7.1534643,23.666027,73.46594,19.513866,,,,26.069979,,,32.448463,1.2355136,,,,15.893072,,,,64.725914,89.87476,40.284393,,6.0656414,6.425067,6.7721376,25.234879,30.061684,,,11.408575,11.389455,,,,,32.4894,,28.650381,34.837284,61.542847,,,7.017102,,,23.811144,,23.750864,44.340164,,,,19.430437,60.27278,,13.128458,2.5863342,,15.980202,,
2002,,,,20.690678,,55.343575,56.25957,,64.024666,,2.2502403,20.167849,,,,,12.234266,,52.195503,55.72206,15.618626,4.0382023,,,,,9.7114525,13.245444,41.2168,31.330708,60.345882,58.694958,13.081678,,8.94394,,45.945953,21.935745,,55.7608,63.588486,,63.061485,,,38.017967,,47.626526,26.128862,29.386816,4.9076347,2.6292472,60.14677,,,51.287457,45.242188,53.204258,8.566368,,46.569473,,,,1.4018564,27.43286,,,7.9734735,23.844006,71.85395,20.475597,,,,26.034855,,,32.989243,1.2925141,,,,16.217607,,,,66.04698,87.4635,40.308136,,5.9942136,6.6918936,6.5428967,26.684952,30.289019,,,12.960631,11.600646,,,,,34.863865,,30.030914,34.664124,63.0572,,,7.398919,,,24.674236,,23.53937,45.69684,,,,18.989973,61.876675,,12.256613,2.7358446,,17.391424,,
2003,,,,21.357645,,56.5483,56.851048,,65.09032,,2.319878,20.071693,,,,,11.989907,,53.81343,56.066704,16.125267,4.391763,,,,,9.767348,13.478638,36.811447,32.832714,62.53588,59.00302,12.213278,,9.249545,,44.63244,22.333717,,56.082157,60.832603,,62.760895,,,36.920322,,49.682228,27.298973,29.400913,4.8394003,2.7886992,65.24012,,,50.936623,43.84642,52.36671,9.27422,,47.31541,,,,1.5582962,29.00908,,,8.39938,25.41317,68.29043,20.522976,,,,25.993427,,,33.278355,1.5130874,,,,16.827524,,,,66.09687,96.69387,40.570053,,6.087484,6.9786434,6.441856,26.752216,30.17032,,,13.62258,12.562987,,,,,32.645397,,30.30498,35.17949,65.40065,,,7.800051,,,31.395561,,22.85436,46.127895,,,,19.225391,63.79642,,11.970776,2.8816855,,19.33745,,
2004,,,,21.545889,,57.61121,58.22549,,65.92736,,2.3747008,19.960627,,,,,12.04281,,54.890476,56.729427,17.479486,4.851698,,,,,9.931048,13.563847,37.19426,33.4945,63.894978,61.873425,12.229299,,10.052685,,44.7477,23.448483,,58.53743,61.278027,,63.706306,,,37.68432,,55.249252,27.773874,29.355461,5.1684403,2.9644926,67.148125,,,54.001846,42.976406,52.286514,9.435917,,48.13347,,,,1.7363517,30.6891,,,7.7254934,24.645527,65.19919,21.492228,,,,26.047571,,,32.916885,1.6136025,,,,18.222843,,,,67.085365,101.531715,39.08948,,6.425473,7.3535624,6.393925,27.474195,29.922253,,,15.029786,14.071082,,,,,38.005566,,30.051167,36.23952,67.76625,,,8.184596,,,33.00452,,25.659742,46.987427,,,,18.559896,65.511055,,14.239686,3.1066086,,19.889915,,
2005,4.520126,10.353054,86.64857,21.956108,9.141103,59.973167,61.650867,6.820282,71.186005,2.136193,2.3492823,21.04667,42.482014,17.927525,15.565367,4.5233727,12.276319,18.83313,58.451057,60.574726,19.48057,5.267778,2.986724,4.117959,1.0138345,5.821791,10.149454,14.271688,40.41551,35.115566,67.481415,64.562225,13.452188,24.904377,11.528501,11.516994,46.64838,26.179033,1.434472,60.606853,63.988853,30.73309,66.20453,14.98912,5.511845,35.795254,8.8409,57.907486,29.038477,32.128788,5.650079,3.3555307,70.06352,22.433914,15.281777,54.402416,42.21452,53.438343,10.069793,11.859115,49.435562,13.893486,2.826362,4.430661,2.109186,33.5136,73.79275,18.179987,7.686735,26.430372,69.578575,22.736782,7.150038,6.8527308,1.8780626,27.390198,16.79049,2.4356804,35.444523,1.8129807,2.5479002,20.36848,2.1663508,20.31742,16.33499,1.37118,6.185171,74.41985,121.69694,39.871586,56.479668,6.626931,7.94498,6.525258,27.993326,33.0727,9.919018,97.68764,15.999725,16.024183,2.3528142,68.946396,5.2034826,5.0612564,49.95682,16.001125,32.93329,39.61084,67.8612,11.021681,3.5781677,9.0982485,4.458506,10.889915,39.611603,14.176201,27.701159,49.74789,2.4594154,3.616084,9.985818,19.504658,66.79082,6.1134586,17.611109,3.325247,7.884461,21.256033,3.88996,0.76634395
2006,5.8220634,11.228283,88.36783,23.118025,10.454959,59.90955,62.488777,9.650238,67.177864,2.2053964,2.5158095,21.857475,44.85711,20.018959,17.40476,4.6502185,12.995927,19.017317,58.050117,63.326443,22.0159,5.6809525,3.0700104,4.1287117,1.0862719,5.954547,10.609034,14.034568,41.629475,35.70811,67.91674,64.97579,14.656587,24.982725,12.330692,12.0747385,48.49922,26.70977,1.4007983,60.5608,65.12917,29.156263,66.2685,18.32415,5.4192886,38.030193,9.141973,53.306545,29.08061,32.090454,6.1959624,3.7615144,69.027405,23.266853,17.18833,49.622932,41.33807,54.01589,9.820955,12.678817,49.527164,16.667099,3.0759826,5.0378933,2.2427537,34.289143,79.99835,17.779432,9.118135,28.07162,67.867516,23.280346,7.7937884,7.8099375,1.9198712,28.013113,16.676697,2.6783137,33.772118,1.9940012,2.553476,21.082273,2.2574275,20.276554,17.220106,1.3939321,6.9511776,74.940025,127.66553,39.94826,68.78765,6.8191605,8.700643,6.8115206,28.055231,34.315254,10.796713,103.47386,18.029823,18.640549,2.539899,75.45356,6.508834,4.9953146,52.29154,17.6072,34.04709,39.59458,68.75627,9.560591,3.590102,9.566036,4.851872,11.174841,47.44722,14.429316,30.204082,49.248013,2.5249279,3.9112842,10.909371,19.544134,67.335144,6.1043005,19.9599,3.5764976,7.982443,20.623898,4.3782797,2.4286366
2007,6.4118166,11.995945,79.72488,24.502375,11.742122,59.748547,64.070755,13.282653,68.505424,2.1193714,2.7723563,22.972294,46.32268,21.090841,19.1047,4.8206244,14.311291,19.176157,58.131107,68.32307,23.69634,6.485825,3.195116,4.095379,1.1386207,4.61384,10.973864,14.085216,40.368713,38.58749,70.65134,66.43892,15.510447,26.766428,12.913231,12.995851,51.199627,29.809814,1.5934602,64.30976,66.86444,30.19786,65.108116,21.1719,6.3293066,38.440254,9.640011,54.959324,30.89751,33.15924,6.6316214,4.198147,74.354904,26.110178,19.927105,50.890667,39.988865,56.36849,10.13409,13.097758,50.43969,18.915222,3.2216182,5.543575,2.5027134,36.378704,76.15396,19.253906,10.168807,29.371418,68.847755,24.708496,8.073293,8.247938,1.932734,28.461563,17.376652,2.654875,34.087177,2.2520216,2.5811098,24.138374,2.6307356,22.037416,17.123768,1.3308632,7.326747,78.380264,124.69369,42.53505,76.12845,7.07452,9.315853,7.053,29.449707,35.542603,11.244276,94.00558,20.477814,21.653109,2.5766869,80.05345,6.467469,5.084448,52.86339,17.893068,36.84477,40.267944,71.080475,9.610101,3.8557522,10.143932,5.2901044,11.5636635,50.66816,15.182602,32.92979,49.76715,2.6508598,4.2158747,12.210857,20.684324,68.14117,6.652316,22.529364,4.1368814,8.281414,21.5135,5.7030125,2.6648512
2008,7.6825566,14.754907,73.82729,25.795603,10.887458,60.984226,65.52234,14.734518,73.745995,2.0722482,3.1103747,23.358082,57.32776,21.302977,21.877363,5.2708383,15.594543,23.279196,59.88945,72.58657,23.327753,7.0976367,3.300522,4.215469,1.1118417,6.2019157,11.734323,14.542016,43.99252,37.7356,71.66557,69.79276,15.146242,27.044752,13.958872,15.179346,51.883926,30.719822,1.66951,65.480774,67.040504,35.270332,65.44837,22.156137,6.8371067,39.811615,9.921935,54.3283,32.01722,35.967438,7.8130326,4.394219,72.957794,27.289228,24.020754,58.005207,38.613937,57.795113,9.985479,15.306282,50.23082,21.434372,3.267086,6.4064913,2.9862664,37.66689,88.30951,20.836359,10.192493,30.542763,67.947876,26.198425,9.108657,8.860954,2.099546,28.430962,17.886063,2.8439631,34.640186,2.6534867,2.5859814,23.584187,2.925268,24.968641,18.362425,1.382979,7.221211,80.50815,136.97458,43.12726,90.05447,7.250088,9.95934,7.422679,29.843773,35.508617,11.758552,101.65281,23.610512,24.785234,2.6031008,96.5446,6.313647,4.926754,46.033722,18.377678,38.95723,42.692696,71.44491,9.967693,4.010267,10.70147,5.4090257,11.741373,58.80551,15.751016,34.368958,47.474865,2.7862515,4.604315,13.0491495,22.426348,68.95971,6.680322,25.99299,4.6194744,8.765694,21.455843,5.9238334,1.9334495
2009,5.721538,15.838745,53.704025,24.84021,11.733119,60.552567,64.993904,14.93401,72.62742,2.0316849,3.2620938,24.498455,43.158474,22.701504,21.172264,5.466229,16.711393,17.992584,55.785572,71.86104,23.613308,7.616226,3.4746032,4.2895923,1.1227409,4.617296,12.035478,15.662095,46.031357,37.5656,68.88706,69.93462,15.996276,24.04266,13.358304,15.666975,54.0441,32.58019,1.6917195,62.864017,66.91059,22.21868,63.142673,22.791471,6.3728943,39.698597,10.066008,49.659878,30.735718,36.418587,8.514496,4.632795,79.79625,28.960026,27.142397,65.126686,40.101757,57.79575,10.431489,16.751163,49.356903,20.287937,3.5648894,6.316838,2.543019,37.403465,62.26877,22.837755,11.592816,30.091677,67.370415,28.059578,9.972326,9.066445,2.0235825,27.328846,18.31619,3.3380926,35.942146,2.8858573,2.5718644,22.653858,2.2332768,22.963558,17.424112,1.3958557,7.404599,75.74544,117.941505,44.897064,80.665245,7.320781,9.759119,7.636603,31.879921,36.603966,13.0025,76.889595,23.8904,22.719524,2.744022,84.73213,7.387213,5.0909343,44.94008,19.668768,38.403236,40.12282,69.216644,10.044832,3.6784136,10.456538,5.227868,17.00483,45.190567,16.435621,34.040092,46.61193,2.9172902,4.982397,11.378683,23.68828,71.02365,7.1471505,22.290731,4.8155694,8.53448,21.844217,6.468854,3.3946054
2010,7.7260833,16.740137,52.73671,27.548946,12.55782,66.426834,66.47581,17.730705,76.264084,2.1869826,3.6318662,26.328436,47.78182,25.11025,23.217619,6.013514,18.358423,19.079994,58.41481,76.004814,26.699575,8.044041,3.7165446,4.4185743,1.2352985,7.6556787,12.968755,16.296036,47.605515,38.408417,70.99874,75.33401,16.882969,27.098522,14.165374,17.15166,54.77375,34.99152,1.9098954,64.69934,68.51237,25.480875,62.195778,24.147573,6.7201314,39.88448,10.46881,52.75171,31.073338,38.153374,9.7982855,5.305764,84.470085,32.13408,31.66424,62.326572,41.042717,58.415897,10.94098,18.70598,51.380127,23.497858,3.9132981,6.1863008,2.6773381,39.90182,65.496895,23.936813,12.821929,32.781788,75.18357,30.8719,10.60928,10.221066,2.1621568,29.012064,18.952724,3.432474,37.80733,3.6251392,2.5827277,23.020092,2.2395904,23.306805,18.115673,1.5351752,8.381962,75.864944,127.650276,46.059715,75.8081,7.1895204,10.7863865,8.172339,34.824844,38.308334,14.578952,85.5458,25.387455,25.58387,2.9361386,94.69918,8.9581,5.197686,53.991367,21.687534,41.125122,41.41744,71.1375,11.514412,4.7591233,11.747734,5.60813,18.478338,49.554546,17.065113,36.116432,49.658337,3.2826262,6.3068557,11.607736,27.248896,72.9431,6.962992,26.679781,5.547646,9.900771,23.374456,7.071295,3.257652
2011,9.381851,19.475384,59.930607,30.288898,14.058219,68.34106,68.57759,22.647507,77.29739,2.3148117,4.1323123,26.634476,52.89615,27.564182,26.330496,6.611329,20.073565,18.674496,61.105362,84.594376,29.014107,8.914549,3.9658678,4.448581,1.3118428,8.3082075,14.149802,16.582954,44.55793,40.709778,74.035706,77.95425,16.710257,29.435295,15.599268,20.174463,55.09166,37.206036,2.0408325,66.40329,70.49767,34.33747,62.844765,26.242535,7.0698495,36.30221,10.805719,55.867092,33.860638,39.523754,11.869345,5.688874,89.170395,34.613083,37.468876,62.350258,42.041256,60.869076,11.315962,22.272488,51.01339,28.283356,4.1123605,7.1753173,2.8236194,39.71319,78.189896,22.836386,14.881809,37.597885,66.83374,32.149395,11.925246,11.586481,2.2336211,31.397432,19.309101,3.2213447,37.80428,4.106681,2.4873762,24.713362,2.4986098,24.118914,19.354979,1.4667486,8.479395,77.60005,138.58154,47.96772,65.66861,7.55998,11.569771,8.647334,38.053394,39.790176,15.213669,116.069824,27.768871,29.226336,3.1354825,107.3472,11.05157,5.0461836,57.19284,25.261723,42.248577,44.91155,75.29663,11.494515,4.568066,12.628325,6.557608,18.105446,56.037594,17.645477,39.551506,50.62028,3.9036906,7.1294155,13.029414,29.227512,72.994804,7.4772396,29.277555,5.9329395,8.742189,23.090462,7.8384986,3.8090942
2012,10.318413,17.850225,61.987694,30.902163,15.964524,67.26891,70.070335,24.888712,77.53464,2.541213,4.2812896,27.623789,62.00394,29.286215,25.7187,7.2144227,19.9987,16.874378,60.37233,86.639626,30.161224,9.499309,4.583528,4.5350537,1.376266,9.335106,14.498014,18.260124,47.46698,41.04866,73.76013,78.593475,16.650057,27.901808,16.56428,23.249084,57.414482,39.64116,2.1170835,65.64078,71.08738,30.204332,63.155174,27.073835,7.638496,34.935993,10.412385,57.139427,35.85464,38.969757,12.435625,6.124625,90.79626,29.662748,41.83891,64.15448,43.03509,60.95377,11.71804,23.068405,50.722515,28.997568,4.454724,7.6877375,3.151878,39.59322,82.62019,23.2049,16.152332,39.29255,71.18669,33.910015,12.372047,13.329729,2.1580343,32.14362,19.837013,2.9502165,39.8235,3.2122335,2.5439065,26.562243,2.4567797,25.983847,20.643661,1.6126615,8.514607,80.06575,144.20383,49.034885,50.056473,7.9375367,11.925358,9.18307,38.8872,41.832973,15.234311,121.55469,29.488113,31.432371,3.1595073,108.93739,11.502495,5.1558785,55.468098,25.459534,42.39388,45.260403,75.55018,12.391226,4.9290338,14.015151,7.1508236,17.989304,55.42046,18.116611,40.59714,50.790928,3.7067542,5.069215,13.598371,30.719692,73.444336,7.7414923,30.055267,6.3238335,8.147151,23.279211,7.4221535,4.208882
2013,10.442036,16.885489,59.68808,30.424402,14.97815,69.42627,69.24733,23.835394,77.65217,2.6275983,4.4289165,25.929907,57.060196,29.146742,26.34024,7.8868313,19.691858,16.560192,61.309326,86.26918,30.158035,9.730016,4.8817263,4.535044,1.4620652,8.521385,14.470545,18.215761,44.922203,40.476345,73.892365,77.19141,16.330427,25.960312,17.69892,22.70011,57.504654,39.647835,2.1767101,63.076878,70.648125,30.581564,63.77222,28.00136,7.875678,34.78587,11.1281395,63.139885,35.141396,38.185688,12.952612,5.977552,87.89277,28.077633,41.71053,61.567177,43.534897,60.57737,11.900149,22.94838,50.891685,30.454824,4.663761,8.366298,3.4963384,38.416,77.87301,22.33844,16.065834,38.78282,68.91924,32.79807,12.395133,14.020249,2.04276,31.198391,18.368652,2.8605611,37.110252,4.537041,2.557285,26.731441,2.8734467,25.792534,18.74755,1.5923302,8.8424425,84.159065,140.1491,48.368034,43.666145,7.8781085,11.891927,9.266263,38.311916,40.915134,15.300111,110.197754,28.198301,31.004631,3.1857705,102.35646,8.347273,4.8976793,51.861256,24.725328,41.065636,44.254635,74.577156,11.167972,4.3406982,14.217212,6.7272897,17.885477,53.877033,16.980402,42.31441,49.97552,3.409559,3.6770692,14.506031,31.5063,74.135895,7.9355993,28.037857,6.6097536,8.1600065,22.90383,6.9650087,4.3619394
2014,10.691587,19.12617,60.91756,29.664883,15.452359,69.18332,72.200165,24.064934,78.38158,2.4693696,5.619635,26.445684,54.83569,30.390177,25.838018,7.8643084,19.440182,18.408463,63.82717,87.11647,31.00204,10.327312,5.5416374,4.58376,1.5737215,8.160242,14.882218,19.32357,43.24122,41.997353,75.67106,77.33569,16.183693,27.280413,17.77508,21.732351,57.19161,40.512623,2.5861454,63.709225,71.26861,30.14725,62.419716,28.779175,8.687737,34.229015,11.313834,54.635815,34.43929,37.01669,12.659839,6.2223783,92.794266,27.475029,36.486603,61.276012,43.45132,60.517704,11.870486,22.336058,49.72513,30.431162,5.041246,11.145361,3.612143,40.029747,68.34523,21.308762,16.267624,39.583477,76.93051,34.407726,11.73531,14.688044,1.9591802,31.423548,19.063683,2.9985,36.77276,4.815245,2.7052867,27.703188,2.785626,25.380049,17.553862,1.6598982,8.808126,80.099396,130.8378,48.18502,38.273422,7.8384743,11.834383,9.842418,38.137146,40.281155,16.386135,98.27652,29.116337,29.775703,3.4278483,100.17351,12.746824,4.9020762,55.571136,24.290714,42.59173,44.316372,73.45989,11.703975,4.504975,14.125287,7.4810624,17.601583,52.449078,17.046808,44.338398,,3.2254248,6.1606436,14.472163,32.828636,74.58594,8.186527,18.444345,7.166942,7.8891764,22.885506,6.862733,4.420427
2015,9.139575,18.931322,49.87166,30.041763,17.508825,64.93884,74.01847,20.041388,75.51626,2.5045874,5.2979045,26.94714,47.574116,32.79729,26.693552,7.912816,18.425562,17.025078,59.803795,85.66496,30.265446,10.865309,6.203406,4.8386984,1.6738734,6.398696,14.291327,20.299448,45.10033,42.950813,74.099724,75.94151,17.29425,24.338114,16.144073,22.24853,58.978977,38.552685,2.722609,64.56952,72.26746,28.519707,63.72775,30.09388,8.222179,35.89035,11.321547,47.188232,37.16969,36.505177,12.141558,6.5521812,119.2469,22.784134,26.025658,61.866894,44.12585,60.275845,11.735018,20.072813,51.098133,28.705862,5.5361843,7.7262826,4.077469,41.849457,43.624123,22.700865,17.45634,38.616436,84.744995,35.79208,12.878377,15.643499,1.930075,30.936192,19.550163,3.002826,42.911243,4.8769803,2.8142667,27.607687,2.9897096,24.520937,17.95607,1.6848508,8.189622,78.839066,109.79524,47.73539,30.182404,8.195202,11.635753,10.158972,39.3452,40.512615,16.187628,63.075237,31.139929,27.152182,3.5079942,86.21847,12.753783,4.897879,55.130947,22.974003,41.939953,42.856907,74.54128,11.647971,5.0558825,14.475631,5.9705787,17.056036,47.985466,17.064772,46.236073,50.60163,3.4261239,5.12184,15.440828,33.966007,74.986916,8.576579,,7.4363456,7.181151,,6.380543,4.5761194
2016,8.484288,17.095486,47.35865,31.259394,20.207623,68.32087,73.73715,18.758047,76.23308,2.7159967,5.667096,28.499924,43.852318,32.65131,26.83052,8.156295,17.969023,17.902578,60.476627,86.37685,30.035727,11.403435,6.3200502,5.116122,1.863896,5.5865545,13.976612,20.584156,46.98066,43.276096,76.02909,77.22661,18.247055,23.011421,16.277296,23.009645,59.979256,39.751358,2.9846203,65.81687,72.82366,27.675024,63.4797,32.191864,7.9721875,34.110714,11.399208,47.74261,38.39174,35.142975,12.23478,6.953342,119.92915,25.264742,24.822353,59.73019,44.817814,62.454334,11.443997,18.624786,50.0244,28.926252,5.7847333,,4.3408914,43.27548,41.381035,25.654816,17.871292,38.02675,86.03003,36.694527,13.098397,17.882277,1.9594918,31.305912,20.43577,3.564854,39.722054,4.8819394,2.98918,29.765959,2.995424,25.20791,17.7844,1.6416756,7.4518538,77.276436,105.36408,49.38363,26.717115,8.203588,11.770601,10.002002,39.786877,40.772865,16.410866,59.66038,32.30664,27.161674,3.4496872,76.22158,18.324175,4.599597,56.09941,22.306213,39.354515,44.15917,73.800705,,4.5678473,15.2124605,6.062849,16.5741,43.233383,17.317915,46.469788,50.297173,3.3870692,4.483873,16.455778,35.260612,75.29495,8.470675,,7.7724657,5.578133,21.921068,6.0975194,4.7721243
2017,8.5037155,16.803322,43.613617,34.320583,22.870064,69.41445,76.241165,17.896297,77.49725,2.8176086,5.6209927,28.426071,48.03267,32.866726,27.673475,8.988842,18.362206,17.725166,62.09614,88.95202,31.151522,12.222228,6.6095223,5.307827,1.7461326,5.6380725,14.206431,22.276365,46.293346,45.38103,78.19524,80.47136,18.449303,22.562914,17.066547,22.965277,61.159767,41.171707,3.058945,67.742004,74.38966,27.83088,65.88062,35.574593,7.9013696,34.763412,11.924084,46.566875,41.132244,36.77375,12.392845,7.24559,125.92481,23.74372,30.271027,59.62731,44.61391,63.58544,11.408021,19.599241,49.2588,30.83024,6.111132,,4.3746815,45.420845,43.14085,27.934513,17.869272,40.97545,90.22695,38.950283,13.432071,20.148935,1.8739384,31.016174,19.862648,3.6448176,43.162395,5.0162396,2.6371226,29.763557,3.1827612,25.783104,17.125929,1.6035225,7.140156,79.27648,109.77859,48.96968,25.003212,8.348655,11.9194565,10.907367,41.354214,40.64904,16.900024,64.43656,35.085217,28.94128,3.3681471,77.09032,23.089512,4.1825113,61.731697,22.460443,38.903595,45.32373,75.30726,,4.452812,16.220163,6.618755,16.933619,43.32541,17.039062,47.88645,51.546207,3.30354,4.1323576,16.845766,35.62978,76.11291,8.759643,,8.676572,4.1834826,22.143183,6.1247315,5.2420154
2018,8.283195,15.943719,45.923405,35.61679,21.194443,70.9219,77.677826,18.896074,75.874306,2.7876816,6.1247625,29.041069,48.81274,33.26323,27.820972,9.517692,18.884848,16.56344,61.829838,89.29048,31.849947,13.1396885,6.9295163,5.804297,1.8353372,7.149206,14.848378,23.666555,43.352467,45.92363,78.59967,81.621376,19.147604,22.359617,17.376074,25.19107,59.54519,44.438168,3.1436656,66.70301,74.25583,28.109964,64.60273,34.644398,8.082425,32.844246,12.006821,50.459385,39.25482,37.588276,13.0068,7.784932,126.580215,21.166508,34.8939,60.940754,41.96944,62.97492,11.329076,19.233986,48.393433,30.004585,6.5443134,8.839995,4.661516,47.57825,46.236053,30.345118,19.278402,41.829094,83.28531,38.739853,12.324719,19.875763,1.7739499,30.216253,21.11118,3.8564076,42.655525,6.2458467,2.64263,29.84823,3.2169983,27.85291,16.127115,1.701526,7.3849483,78.56831,118.73758,47.848465,26.005796,8.396404,12.165311,11.133027,43.29682,39.569237,16.705393,66.24572,36.148952,30.653677,3.442397,80.87107,,4.135373,63.092636,22.239092,37.56789,47.096825,74.248825,,4.636362,16.804295,6.7450814,17.485188,43.24508,17.44739,47.813248,51.08198,3.5375965,4.547936,17.198265,35.771927,76.83071,9.8572235,,8.861669,4.455844,20.908947,6.234076,2.8527808
2019,7.9655814,16.41217,47.47686,33.71197,24.245123,71.46591,81.325676,21.091812,79.80308,2.7873802,6.474508,30.631517,55.19671,35.82757,30.700844,9.550994,19.152273,16.990244,60.960705,93.04306,31.90617,14.174832,7.540033,6.166249,1.805877,7.592559,15.812911,25.819515,48.435753,49.792152,81.118675,85.80067,20.977322,23.577648,18.040695,25.790623,62.680885,47.559307,3.4065216,69.871284,80.23372,29.801157,66.17737,38.052338,8.805693,35.219307,11.980206,50.8363,38.796227,40.447044,13.153089,7.462654,141.34389,21.21639,36.41617,69.40397,42.248512,65.8622,11.116047,18.61745,48.807823,34.4494,7.109526,8.824071,5.0023537,49.544704,45.809654,32.321648,19.115978,45.11943,89.14583,40.054237,12.578258,21.638363,1.8394303,28.918913,22.610058,3.9627812,42.67168,6.591502,2.8590019,28.885317,3.2968793,27.1924,15.668636,1.8506708,8.120003,80.06904,119.48063,49.53717,27.405403,8.802918,12.456921,11.624064,45.805286,41.922718,17.024054,68.41585,39.57182,33.838017,3.8597088,78.564186,9.076358,3.934793,62.331562,23.732199,36.973423,49.558193,80.12736,12.47723,4.731496,17.634335,7.820909,18.085407,44.9884,18.072878,49.21171,53.521835,3.7469046,4.8846607,18.405897,38.193,77.74209,9.942096,,9.733969,3.8922548,20.568027,5.590863,4.4940133
2020,7.4161253,17.260818,48.741535,36.470943,25.175135,74.895004,85.04281,21.489046,84.58761,2.9209998,7.110462,31.310415,59.894947,36.223686,33.176353,9.177021,21.786406,14.97066,66.48789,95.010254,36.512775,15.131998,7.405891,6.373904,1.9609785,8.170757,18.722904,28.88059,47.690174,51.3602,82.04048,89.233696,24.512321,25.949974,19.378742,31.196522,61.291573,50.410362,3.870248,71.64948,81.77437,32.62525,70.25431,41.4111,9.150618,35.598457,12.560625,50.867935,35.67917,40.33771,12.948369,7.2434587,165.04803,28.64602,35.37982,68.74584,45.382862,68.21557,11.1236925,19.08391,48.21869,36.95479,7.3366227,9.205623,4.8682623,51.984924,48.220043,18.423698,19.68723,47.089924,88.38975,41.9574,12.698753,22.336023,1.7729127,29.373611,25.94999,3.724543,43.025375,6.5433564,2.8487933,28.954803,3.4597924,28.710722,16.218842,1.9430866,8.113798,82.76507,121.38384,50.544838,30.271996,8.681546,11.273293,13.145281,44.511456,41.910946,19.070501,61.773815,40.15152,36.171013,3.5953147,74.63648,8.760595,4.0975347,62.506012,23.550318,44.776604,50.78655,81.9224,11.342836,4.734492,17.596155,7.988447,19.642616,44.946587,17.487206,57.219536,57.043064,4.019205,4.2007093,19.819386,40.156452,81.08247,10.293637,,10.401819,3.529208,21.725138,4.912979,4.6748276
2021,6.47309,17.642544,44.59965,34.767593,23.543379,76.782364,84.39119,22.756945,83.71278,2.9802737,7.2778087,34.628296,58.983624,36.544075,34.202415,8.946004,20.220608,16.936792,63.506805,99.48323,34.831936,16.498594,7.335283,6.6027822,1.7932177,7.560773,16.696735,27.334011,45.98839,51.39281,82.90917,90.23293,23.391329,26.447344,18.548458,29.50559,61.418144,52.98748,4.2449546,72.21261,78.91601,35.11949,68.41783,43.231712,9.427308,35.341057,13.51357,52.480186,39.50393,41.586166,13.813761,8.1161375,173.66817,21.41469,38.306454,71.41531,45.79703,68.10817,11.36853,18.672287,48.555424,35.812603,7.523492,8.897503,4.8289633,53.581005,46.68491,17.921291,20.185148,50.55754,91.46417,43.45259,13.113812,22.605974,1.7065438,28.645594,25.016329,3.4918067,48.129368,9.998857,2.682487,30.002909,3.6202874,28.220589,16.32695,1.9377054,7.1203403,85.03012,131.25018,51.104523,33.93138,8.53623,12.361538,12.207194,44.86914,41.55837,16.99723,66.193565,44.092934,37.248257,4.780275,63.75229,5.5106244,4.2822256,65.17828,24.474129,46.015957,51.100243,83.16069,22.664808,4.307704,18.212358,8.096345,20.089472,47.711666,17.001617,52.483856,59.004745,4.1193023,3.3082304,21.64999,38.698734,82.3028,10.830035,,11.199046,3.5599043,21.634558,5.159984,4.1696596
2022,6.241098,17.405945,49.460045,37.22633,24.662813,77.168205,86.678185,24.026594,83.72426,3.094445,7.641493,35.29849,60.703037,40.318443,32.877697,8.953775,19.474848,18.871634,63.224323,101.32614,32.37638,16.89764,7.331769,6.499581,1.7827964,7.3132114,16.274612,25.847595,42.606274,51.131226,82.74721,89.954384,23.578236,25.643744,18.939865,28.651329,62.984673,50.403057,4.3578606,70.495186,77.588234,35.19077,68.378075,44.70829,9.90034,37.005333,13.499698,50.732952,41.07334,42.053265,14.188509,8.083374,175.47858,22.164333,37.643612,73.57853,45.329174,68.23803,10.883335,16.71004,48.202896,35.64295,7.5669017,10.51431,4.8536444,54.241924,43.3374,17.214817,18.072573,48.718098,87.30043,43.02536,13.454704,21.337393,1.6554873,27.15859,27.380909,3.5115755,44.9874,9.500938,2.720908,30.22822,3.3517041,28.947357,15.990142,2.3085556,6.5396647,85.899765,136.87608,50.344128,33.114567,8.577588,11.995515,11.479259,47.329544,42.13265,16.448185,71.18684,45.789017,35.77736,4.646293,60.54028,5.2223716,4.2452416,67.77981,23.75509,43.91862,50.186073,81.12094,19.534441,4.2373214,17.574179,8.606749,20.241394,46.88207,17.583492,54.152428,59.74409,4.226683,3.5509455,17.886497,38.517204,81.94824,11.576005,,11.031121,3.4357433,20.607685,5.439212,4.13962
2023,6.224074,17.839582,52.13346,33.81828,25.993195,76.77899,84.96935,23.42494,84.40303,3.0786953,7.7235928,37.252995,52.4707,39.94367,35.130318,9.052226,19.95744,18.355179,61.964104,99.93163,32.017334,17.692911,7.606444,6.436833,1.8236994,7.180456,16.155731,27.285439,43.84825,50.677856,82.501175,88.71552,23.229465,25.869389,18.797377,28.79086,63.997158,46.154022,4.458747,69.63438,77.668205,33.268917,68.0298,46.887165,10.032656,37.6641,13.102659,51.521435,41.5619,42.33395,14.346768,8.060808,158.20854,22.038479,36.02753,75.65175,46.17877,67.24595,10.500006,16.379303,49.000053,37.569973,7.7701125,12.121629,4.6236663,53.608574,37.383858,16.50731,17.554308,47.999832,84.75741,43.99355,13.618808,17.567554,1.6564504,26.803362,27.96674,3.7526689,46.31629,8.743789,2.755195,29.830368,3.2886662,29.745306,16.510393,2.3513093,6.1546474,84.80053,130.13191,49.5587,29.440893,8.381771,11.972779,11.683142,46.688633,42.760372,16.35828,69.42111,47.077618,36.641933,4.4800725,59.877556,4.6524544,4.303838,65.92123,25.35898,43.989033,51.474453,80.735664,18.44707,3.9593906,19.039349,8.50369,20.883871,45.935986,16.799356,56.52384,60.848793,4.2841744,3.6119707,19.289892,38.73502,83.531105,11.938715,,11.03451,3.1429014,19.420797,5.6307116,3.9728239
