Date,ABW,AFG,AGO,ALB,ARE,ARG,ARM,ASM,ATG,AUS,AUT,AZE,BDI,BEL,BEN,BFA,BGD,BGR,BHR,BHS,BIH,BLR,BLZ,BMU,BOL,BRA,BRB,BRN,BTN,BWA,CAF,CAN,CHE,CHL,CHN,CIV,CMR,COD,COG,COK,COL,COM,CPV,CRI,CUB,CYM,CYP,CZE,DEU,DJI,DMA,DNK,DOM,DZA,ECU,EGY,ERI,ESH,ESP,EST,ETH,FIN,FJI,FLK,FRA,FRO,GAB,GBR,GEO,GHA,GIB,GIN,GMB,GNB,GNQ,GRC,GRD,GRL,GTM,GUM,GUY,HKG,HND,HRV,HTI,HUN,IDN,IND,IRL,IRN,IRQ,ISL,ISR,ITA,JAM,JOR,JPN,KAZ,KEN,KGZ,KHM,KIR,KNA,KOR,KWT,LAO,LBN,LBR,LBY,LCA,LKA,LSO,LTU,LUX,LVA,MAC,MAR,MDA,MDG,MDV,MEX,MKD,MLI,MLT,MMR,MNE,MNG,MOZ,MRT,MSR,MUS,MWI,MYS,NAM,NCL,NER,NGA,NIC,NLD,NOR,NPL,NRU,NZL,OMN,OWID_KOS,OWID_WRL,PAK,PAN,PER,PHL,PNG,POL,PRI,PRK,PRT,PRY,PSE,PYF,QAT,ROU,RUS,RWA,SAU,SDN,SEN,SGP,SHN,SLB,SLE,SLV,SOM,SPM,SRB,SSD,STP,SUR,SVK,SVN,SWE,SWZ,SYC,SYR,TCA,TCD,TGO,THA,TJK,TKM,TLS,TON,TTO,TUN,TUR,TWN,TZA,UGA,UKR,URY,USA,UZB,VCT,VEN,VGB,VIR,VNM,VUT,WSM,YEM,ZAF,ZMB,ZWE
1985,,,,,0.0,12.727429,,,,0.0,0.0,0.0,,60.36252,,,0.0,31.54064,,,,0.0,,,,1.7456428,,,,,,13.184933,39.761803,0.0,0.0,,,,,,0.0,,,,,,0.0,4.124155,26.532438,,,0.0,,0.0,0.0,0.0,,,22.15832,0.0,,38.31703,,,65.05733,,,20.495558,,,,,,,,0.0,,,,,,0.0,,,,24.184519,0.0,2.4185252,0.0,0.0,0.0,0.0,0.0,3.7816303,,,23.748388,0.0,,,,,,26.72106,0.0,,,,,,0.0,,45.222847,0.0,0.0,,0.0,,,,0.0,,,,,,,,,,,,0.0,,,,,,6.1913457,0.0,,,0.0,0.0,,15.060813,1.349201,,0.0,0.0,,0.0,,,0.0,,,,0.0,0.0,10.324031,,0.0,,,0.0,,,,,,,,,,,41.68666,,42.70162,,,,,,,0.0,,0.0,,,0.0,,0.0,51.707012,,,19.59809,,15.19993,0.0,,0.0,,,0.0,,,,3.704065,,
1986,,,,,0.0,11.649825,,,,0.0,0.0,0.0,,67.13818,,,0.0,28.861788,,,,0.0,,,,0.07124166,,,,,,15.209011,39.05943,0.0,0.0,,,,,,0.0,,,,,,0.0,10.145861,24.923552,,,0.0,,0.0,0.0,0.0,,,29.141886,0.0,,38.704876,,,70.016014,,,19.622944,,,,,,,,0.0,,,,,,0.0,,,,26.472685,0.0,2.4770613,0.0,0.0,0.0,0.0,0.0,4.553632,,,24.449848,0.0,,,,,,40.629986,0.0,,,,,,0.0,,44.083595,0.0,0.0,,0.0,,,,0.0,,,,,,,,,,,,0.0,,,,,,6.276612,0.0,,,0.0,0.0,,15.664165,1.6257839,,0.0,0.0,,0.0,,,0.0,,,,0.0,0.0,10.507439,,0.0,,,0.0,,,,,,,,,,,48.477325,,50.45113,,,,,,,0.0,,0.0,,,0.0,,0.0,43.220177,,,15.661561,,16.285915,0.0,,0.0,,,0.0,,,,5.9383035,,
1987,,,,,0.0,12.405191,,,,0.0,0.0,0.0,,66.22848,,,0.0,28.606262,,,,0.0,,,,0.47852898,,,,,,15.564335,38.24156,0.0,0.0,,,,,,0.0,,,,,,0.0,17.205288,26.617924,,,0.0,,0.0,0.0,0.0,,,31.10908,0.0,,36.79922,,,70.15312,,,18.283947,,,,,,,,0.0,,,,,,0.0,,,,36.92897,0.0,2.3789375,0.0,0.0,0.0,0.0,0.0,0.086407244,,,26.22847,0.0,,,,,,48.988827,0.0,,,,,,0.0,,40.358223,0.0,0.0,,0.0,,,,0.0,,,,,,,,,,,,0.0,,,,,,5.1951847,0.0,,,0.0,0.0,,16.257086,0.838965,,0.0,0.0,,0.0,,,0.0,,,,0.0,0.0,11.907019,,0.0,,,0.0,,,,,,,,,,,48.724026,,45.974308,,,,,,,0.0,,0.0,,,0.0,,0.0,47.887794,,,17.913092,,17.287031,0.0,,0.0,,,0.0,,,,4.0473046,,
1988,,,,,0.0,11.04391,,,,0.0,0.0,0.0,,65.956635,,,0.0,35.605606,,,,0.0,,,,0.2828527,,,,,,16.376366,37.38895,0.0,0.0,,,,,,0.0,,,,,,0.0,18.36665,28.539087,,,0.0,,0.0,0.0,0.0,,,36.36952,0.0,,36.301235,,,70.27033,,,20.54756,,,,,,,,0.0,,,,,,0.0,,,,45.992542,0.0,2.5182588,0.0,0.0,0.0,0.0,0.0,0.0,,,23.071575,0.0,,,,,,43.068596,0.0,,,,,,0.0,,49.27631,0.0,0.0,,0.0,,,,0.0,,,,,,,,,,,,0.0,,,,,,5.2760787,0.0,,,0.0,0.0,,16.976147,0.47811362,,0.0,0.0,,0.0,,,0.0,,,,0.0,0.0,12.652633,,0.0,,,0.0,,,,,,,,,,,49.80251,,47.4759,,,,,,,0.0,,0.0,,,0.0,,0.0,40.19245,,,24.2264,,19.03307,0.0,,0.0,,,0.0,,,,6.6352177,,
1989,,,,,0.0,9.907042,,,,0.0,0.0,0.0,,61.019737,,,0.0,32.85737,,,,0.0,,,,0.82529455,,,,,,15.924116,41.524487,0.0,0.0,,,,,,0.0,,,,,,0.0,19.06619,28.876371,,,0.0,,0.0,0.0,0.0,,,38.166798,0.0,,35.528954,,,75.07249,,,22.802742,,,,,,,,0.0,,,,,,0.0,,,,46.935394,0.0,1.4761266,0.0,0.0,0.0,0.0,0.0,0.0,,,23.233484,0.113372296,,,,,,45.708862,0.0,,,,,,0.0,,57.11057,0.0,0.0,,0.0,,,,0.30987823,,,,,,,,,,,,0.0,,,,,,5.4993773,0.0,,,0.0,0.0,,16.683971,0.27875483,,0.0,0.0,,0.0,,,0.0,,,,0.0,0.0,12.664978,,0.0,,,0.0,,,,,,,,,,,50.506855,,45.847046,,,,,,,0.0,,0.0,,,0.0,,0.0,33.638924,,,22.525023,,17.65883,0.0,,0.0,,,0.0,,,,6.7942386,,
1990,,,,,0.0,14.275101,,,,0.0,0.0,0.0,,60.776783,,,0.0,34.988064,,,,0.0,,,,1.0039488,,,,,,15.077199,41.90199,0.0,0.0,,,,,,0.0,,,,,,0.0,20.218405,28.117508,,,0.0,,0.0,0.0,0.0,,,35.902355,0.0,,35.35688,,,75.49274,,,20.56294,,,,,,,,0.0,,,,,,0.0,,0.0,,48.277073,0.0,2.2222717,0.0,0.0,0.0,0.0,0.0,0.0,,,22.072748,0.0,,,,,,44.644783,0.0,,,,,,0.0,,59.96479,0.0,0.0,,0.0,,,,2.4976287,0.0,,0.0,,,,,,,,,0.0,,,,,,4.9504952,0.0,,,0.0,0.0,,16.725414,0.91299987,,0.0,0.0,,0.0,,,0.0,,,,0.0,0.0,10.933747,,0.0,,,0.0,,,,,,,0.0,,,,47.23421,37.138264,46.70503,,,,,,,0.0,,0.0,,,0.0,,0.0,36.43937,,,25.332535,,18.783304,0.0,,0.0,,,0.0,,,,5.0524445,,
1991,,,,,0.0,14.401829,,,,0.0,0.0,0.0,,60.205082,,,0.0,32.391254,,,,0.0,,,,0.61524993,,,,,,16.635069,39.257595,0.0,0.0,,,,,,0.0,,,,,,0.0,20.116087,27.467257,,,0.0,,0.0,0.0,0.0,,,35.925278,0.0,,33.661148,,,73.57552,,,21.847126,,,,,,,,0.0,,,,,,0.0,,0.0,,45.82777,0.0,1.6893855,0.0,0.0,0.0,0.0,0.0,0.0,,,22.900564,0.62701106,,,,,,42.784073,0.0,,,,,,0.0,,57.88219,0.0,0.0,,0.0,,,,3.29934,0.0,,0.0,,,,,,,,,0.0,,,,,,4.5479374,0.0,,,0.0,0.0,,17.151201,0.83600754,,0.0,0.0,,0.0,,,0.0,,,,0.0,0.0,11.23272,,0.0,,,0.0,,,,,,,0.0,,,,48.186314,38.854004,52.228348,,,,,,,0.0,,0.0,,,0.0,,0.0,35.58274,,,26.832142,,19.71445,0.0,,0.0,,,0.0,,,,5.4326386,,
1992,,,,,0.0,12.620506,,,,0.0,0.0,0.0,,60.851303,,,0.0,32.590294,,,,0.0,,,,0.7275752,,,,,,15.429611,39.12311,0.0,0.0,,,,,,0.0,,,,,,0.0,20.745132,29.75064,,,0.0,,0.0,0.0,0.0,,,35.608044,0.0,,33.37955,,,73.810356,,,23.925365,,,,,,,,0.0,,,,,,0.0,,0.0,,44.065655,0.0,1.8993467,0.0,0.0,0.0,0.0,0.0,0.0,,,23.673452,0.5579648,,,,,,38.603172,0.0,,,,,,0.0,,78.92184,0.0,0.0,,0.0,,,,2.962752,0.0,,0.0,,,,,,,,,0.0,,,,,,5.0105486,0.0,,,0.0,0.0,,17.12187,1.0311246,,0.0,0.0,,0.0,,,0.0,,,,0.0,0.0,11.862363,,0.0,,,0.0,,,,,,,0.0,,,,47.547333,32.1718,43.541428,,,,,,,0.0,,0.0,,,0.0,,0.0,32.071053,,,29.042294,,19.83149,0.0,,0.0,,,0.0,,,,5.5256114,,
1993,,,,,0.0,12.526512,,,,0.0,0.0,0.0,,59.83162,,,0.0,36.918606,,,,0.0,,,,0.17539465,,,,,,17.593088,37.670685,0.0,0.19763672,,,,,,0.0,,,,,,0.0,21.527187,29.436167,,,0.0,,0.0,0.0,0.0,,,36.139767,0.0,,32.640026,,,78.66131,,,27.653122,,,,,,,,0.0,,,,,,0.0,,0.0,,41.932545,0.0,1.7193106,0.0,0.0,0.0,0.0,0.0,0.0,,,26.746475,0.5730712,,,,,,35.909733,0.0,,,,,,0.0,,88.01148,0.0,0.0,,0.0,,,,3.6622906,0.0,,0.0,,,,,,,,,0.0,,,,,,5.205588,0.0,,,0.0,0.0,,17.34109,0.7131565,,0.0,0.0,,0.0,,,0.0,,,,0.0,0.0,12.459504,,0.0,,,0.0,,,,,,,0.0,,,,47.775467,33.138077,42.26904,,,,,,,0.0,,0.0,,,0.0,,0.0,29.81976,,,32.520744,,18.868504,0.0,,0.0,,,0.0,,,,4.152691,,
1994,,,,,0.0,12.549138,,,,0.0,0.0,0.0,,56.938606,,,0.0,40.38968,,,,0.0,,,,0.021150542,,,,,,19.362312,36.58269,0.0,1.590429,,,,,,0.0,,,,,,0.0,22.226027,28.922369,,,0.0,,0.0,0.0,0.0,,,34.52775,0.0,,29.609875,,,76.13146,,,27.033318,,,,,,,,0.0,,,,,,0.0,,0.0,,41.915276,0.0,1.2746726,0.0,0.0,0.0,0.0,0.0,0.0,,,26.231571,0.56916064,,,,,,31.98579,0.0,,,,,,0.0,,78.9959,0.0,0.0,,0.0,,,,2.9008899,0.0,,0.0,,,,,,,,,0.0,,,,,,5.072834,0.0,,,0.0,0.0,,17.224169,1.0147613,,0.0,0.0,,0.0,,,0.0,,,,0.0,0.0,11.167763,,0.0,,,0.0,,,,,,,0.0,,,,49.469967,35.76416,51.2684,,,,,,,0.0,,0.0,,,0.0,,0.0,27.978163,,,33.72025,,19.492327,0.0,,0.0,,,0.0,,,,5.3371124,,
1995,,,,,0.0,10.519694,,,,0.0,0.0,0.0,,56.256805,,,0.0,41.440575,,,,0.0,,,,0.91400105,,,,,,17.417038,39.327164,0.0,1.2743413,,,,,,0.0,,,,,,0.0,20.188179,28.84572,,,0.0,,0.0,0.0,0.0,,,33.597866,0.0,,30.031248,,,77.07852,,,26.364767,,,,,,,,0.0,,,,,,0.0,,0.0,,41.240444,0.0,1.7826638,0.0,0.0,0.0,0.0,0.0,0.0,,,28.380053,0.11919448,,,,,,32.930393,0.0,,,,,,0.0,,87.42603,0.0,0.0,,0.0,,,,5.615329,0.0,,0.0,,,,,,,,,0.0,,,,,,5.038857,0.0,,,0.0,0.0,,17.355797,0.81802225,,0.0,0.0,,0.0,,,0.0,,,,0.0,0.0,11.573125,,0.0,,,0.0,,,,,,,0.0,,,,43.284145,37.054268,47.160778,,,,,,,0.0,,0.0,,,0.0,,0.0,26.529835,,,36.07899,,19.870438,0.0,,0.0,,,0.0,,,,6.0544853,,
1996,,,,,0.0,10.692402,,,,0.0,0.0,0.0,,57.679,,,0.0,42.361763,,,,0.0,,,,0.83331746,,,,,,16.115925,43.55152,0.0,1.3259841,,,,,,0.0,,,,,,0.0,20.1316,29.18848,,,0.0,,0.0,0.0,0.0,,,32.521217,0.0,,28.105614,,,78.24888,,,26.981503,,,,,,,,0.0,,,,,,0.0,,0.0,,40.410374,0.0,1.8955724,0.0,0.0,0.0,0.0,0.0,0.0,,,28.790516,0.15045534,,,,,,32.73223,0.0,,,,,,0.0,,85.83744,0.0,0.0,,0.0,,,,5.0309424,0.0,,0.0,,,,,,,,,0.0,,,,,,4.9482574,0.0,,,0.0,0.0,,17.442835,0.48403108,,0.0,0.0,,0.0,,,0.0,,,,0.0,2.2775683,12.869239,,0.0,,,0.0,,,,,,,0.0,,,,44.186962,35.632183,52.819855,,,,,,,0.0,,0.0,,,0.0,,0.0,26.618086,,,43.19835,,19.387543,0.0,,0.0,,,0.0,,,,5.884793,,
1997,,,,,0.0,10.986377,,,,0.0,0.0,0.0,,60.87571,,,0.0,41.686237,,,,0.0,,,,1.0289603,,,,,,14.319203,40.114143,0.0,1.269693,,,,,,0.0,,,,,,0.0,19.4518,31.174845,,,0.0,,0.0,0.0,0.0,,,29.239147,0.0,,30.227173,,,79.20531,,,27.989277,,,,,,,,0.0,,,,,,0.0,,0.0,,39.463276,0.0,2.1468053,0.0,0.0,0.0,0.0,0.0,0.0,,,30.445341,0.5779215,,,,,,31.260977,0.0,,,,,,0.0,,83.53023,0.0,0.0,,0.0,,,,6.2705235,0.0,,0.0,,,,,,,,,0.0,,,,,,2.8319626,0.0,,,0.0,0.0,,16.916492,0.7214654,,0.0,0.0,,0.0,,,0.0,,,,0.0,9.520452,13.00731,,0.0,,,0.0,,,,,,,0.0,,,,44.209263,38.088013,46.86683,,,,,,,0.0,,0.0,,,0.0,,0.0,24.101494,,,44.339622,,17.8058,0.0,,0.0,,,0.0,,,,6.0120177,,
1998,,,,,0.0,10.048597,,,,0.0,0.0,0.0,,56.24315,,,0.0,40.801544,,,,0.0,,,,1.0147674,,,,,,12.632336,40.52988,0.0,1.2082262,,,,,,0.0,,,,,,0.0,20.396162,29.428686,,,0.0,,0.0,0.0,0.0,,,30.50313,0.0,,31.165312,,,76.68848,,,27.429626,,,,,,,,0.0,,,,,,0.0,,0.0,,37.5,0.0,2.2513566,0.0,0.0,0.0,0.0,0.0,0.0,,,30.762032,0.17748596,,,,,,37.811954,0.0,,,,,,0.0,,79.00875,0.0,0.0,,0.0,,,,5.1171136,0.0,,0.0,,,,,,,,,0.0,,,,,,4.262222,0.0,,,0.0,0.0,,16.754137,0.592395,,0.0,0.0,,0.0,,,0.0,,,,0.0,10.020759,12.539201,,0.0,,,0.0,,,,,,,0.0,,,,44.267395,36.73469,46.337933,,,,,,,0.0,,0.0,,,0.0,,0.0,22.585567,,,43.408524,,18.391994,0.0,,0.0,,,0.0,,,,6.6225524,,
1999,,,,,0.0,8.800573,,,,0.0,0.0,0.0,,58.798126,,,0.0,41.682045,,,,0.0,,,,1.1881351,,,,,,12.631246,36.08572,0.0,1.2062454,,,,,,0.0,,,,,,0.0,20.819698,30.950169,,,0.0,,0.0,0.0,0.0,,,28.619364,0.0,,33.088448,,,75.882515,,,25.84001,,,,,,,,0.0,,,,,,0.0,,0.0,,37.272007,0.0,2.3253095,0.0,0.0,0.0,0.0,0.0,0.0,,,29.39696,0.0,,,,,,39.314487,0.0,,,,,,0.0,,75.38226,0.0,0.0,,0.0,,,,5.264804,0.0,,0.0,,,,,,,,,0.0,,,,,,4.4974165,0.0,,,0.0,0.0,,16.90781,0.1218174,,0.0,0.0,,0.0,,,0.0,,,,0.0,10.30315,14.402081,,0.0,,,0.0,,,,,,,0.0,,,,46.67378,35.444946,47.26815,,,,,,,0.0,,0.0,,,0.0,,0.0,22.48078,,,41.76034,,19.47572,0.0,,0.0,,,0.0,,,,6.3232718,,
2000,0.0,0.0,0.0,0.0,0.0,6.9453807,31.83391,0.0,0.0,0.0,0.0,0.0,0.0,58.171276,0.0,0.0,0.0,44.789356,0.0,0.0,,0.0,0.0,0.0,0.0,1.7338722,0.0,0.0,0.0,0.0,0.0,11.972111,40.003025,0.0,1.2348776,0.0,0.0,0.0,0.0,0.0,0.0,0.0,0.0,0.0,0.0,0.0,0.0,18.641975,29.811054,0.0,0.0,0.0,0.0,0.0,0.0,0.0,0.0,0.0,28.159515,0.0,0.0,32.128056,0.0,0.0,77.955536,0.0,0.0,22.558743,0.0,0.0,0.0,0.0,0.0,0.0,0.0,0.0,0.0,0.0,0.0,0.0,0.0,0.0,0.0,0.0,0.0,40.29554,0.0,2.7599363,0.0,0.0,0.0,0.0,0.0,0.0,0.0,0.0,29.019613,0.0,0.0,0.0,0.0,0.0,0.0,37.5142,0.0,0.0,0.0,0.0,0.0,0.0,0.0,0.0,75.65139,0.0,0.0,0.0,0.0,0.0,0.0,0.0,4.036932,0.0,0.0,0.0,0.0,,0.0,0.0,0.0,0.0,0.0,0.0,0.0,0.0,0.0,0.0,0.0,0.0,4.4628663,0.0,0.0,0.0,0.0,0.0,0.0,16.627472,0.57151455,0.0,0.0,0.0,0.0,0.0,0.0,0.0,0.0,0.0,0.0,0.0,0.0,10.589604,14.8913145,0.0,0.0,0.0,0.0,0.0,0.0,0.0,0.0,0.0,0.0,0.0,0.0,,0.0,0.0,53.573746,34.974285,39.46843,0.0,0.0,0.0,0.0,0.0,0.0,0.0,0.0,0.0,,0.0,0.0,0.0,0.0,20.828825,0.0,0.0,45.00698,0.0,19.828253,0.0,0.0,0.0,0.0,0.0,0.0,0.0,0.0,0.0,6.175535,0.0,0.0
2001,0.0,0.0,0.0,0.0,0.0,7.832261,34.66899,0.0,0.0,0.0,0.0,0.0,0.0,58.946968,0.0,0.0,0.0,45.004604,0.0,0.0,,0.0,0.0,0.0,0.0,4.3463707,0.0,0.0,0.0,0.0,0.0,12.95767,37.733986,0.0,1.1797756,0.0,0.0,0.0,0.0,0.0,0.0,0.0,0.0,0.0,0.0,0.0,0.0,19.873348,29.588558,0.0,0.0,0.0,0.0,0.0,0.0,0.0,0.0,0.0,27.335135,0.0,0.0,30.584286,0.0,0.0,77.604126,0.0,0.0,23.413988,0.0,0.0,0.0,0.0,0.0,0.0,0.0,0.0,0.0,0.0,0.0,0.0,0.0,0.0,0.0,0.0,0.0,38.797367,0.0,3.2230542,0.0,0.0,0.0,0.0,0.0,0.0,0.0,0.0,29.59359,0.0,0.0,0.0,0.0,0.0,0.0,36.184975,0.0,0.0,0.0,0.0,0.0,0.0,0.0,0.0,79.108635,0.0,0.0,0.0,0.0,0.0,0.0,0.0,4.152792,0.0,0.0,0.0,0.0,,0.0,0.0,0.0,0.0,0.0,0.0,0.0,0.0,0.0,0.0,0.0,0.0,4.319514,0.0,0.0,0.0,0.0,0.0,0.0,16.858704,2.745805,0.0,0.0,0.0,0.0,0.0,0.0,0.0,0.0,0.0,0.0,0.0,0.0,10.177404,15.363469,0.0,0.0,0.0,0.0,0.0,0.0,0.0,0.0,0.0,0.0,0.0,0.0,,0.0,0.0,53.739788,36.32597,44.622524,0.0,0.0,0.0,0.0,0.0,0.0,0.0,0.0,0.0,,0.0,0.0,0.0,0.0,18.82459,0.0,0.0,43.952682,0.0,20.625502,0.0,0.0,0.0,0.0,0.0,0.0,0.0,0.0,0.0,5.102332,0.0,0.0
2002,0.0,0.0,0.0,0.0,0.0,6.880246,39.3597,0.0,0.0,0.0,0.0,0.0,0.0,58.512478,0.0,0.0,0.0,48.051327,0.0,0.0,,0.0,0.0,0.0,0.0,4.0032396,0.0,0.0,0.0,0.0,0.0,12.504377,41.62972,0.0,1.5193378,0.0,0.0,0.0,0.0,0.0,0.0,0.0,0.0,0.0,0.0,0.0,0.0,24.657894,28.23763,0.0,0.0,0.0,0.0,0.0,0.0,0.0,0.0,0.0,26.268183,0.0,0.0,29.765083,0.0,0.0,79.23228,0.0,0.0,22.68619,0.0,0.0,0.0,0.0,0.0,0.0,0.0,0.0,0.0,0.0,0.0,0.0,0.0,0.0,0.0,0.0,0.0,38.58921,0.0,3.1740043,0.0,0.0,0.0,0.0,0.0,0.0,0.0,0.0,28.489582,0.0,0.0,0.0,0.0,0.0,0.0,35.872414,0.0,0.0,0.0,0.0,0.0,0.0,0.0,0.0,81.78137,0.0,0.0,0.0,0.0,0.0,0.0,0.0,4.5195384,0.0,0.0,0.0,0.0,,0.0,0.0,0.0,0.0,0.0,0.0,0.0,0.0,0.0,0.0,0.0,0.0,4.1314454,0.0,0.0,0.0,0.0,0.0,0.0,16.541086,2.3756104,0.0,0.0,0.0,0.0,0.0,0.0,0.0,0.0,0.0,0.0,0.0,0.0,10.124955,15.890629,0.0,0.0,0.0,0.0,0.0,0.0,0.0,0.0,0.0,0.0,0.0,0.0,,0.0,0.0,55.77999,37.876713,46.428085,0.0,0.0,0.0,0.0,0.0,0.0,0.0,0.0,0.0,,0.0,0.0,0.0,0.0,19.890364,0.0,0.0,44.81411,0.0,20.29171,0.0,0.0,0.0,0.0,0.0,0.0,0.0,0.0,0.0,5.435916,0.0,0.0
2003,0.0,0.0,0.0,0.0,0.0,8.222005,34.339622,0.0,0.0,0.0,0.0,0.0,0.0,56.69499,0.0,0.0,0.0,40.87039,0.0,0.0,,0.0,0.0,0.0,0.0,3.6664011,0.0,0.0,0.0,0.0,0.0,12.642154,42.07224,0.0,2.2684212,0.0,0.0,0.0,0.0,0.0,0.0,0.0,0.0,0.0,0.0,0.0,0.0,31.247736,27.417236,0.0,0.0,0.0,0.0,0.0,0.0,0.0,0.0,0.0,24.04975,0.0,0.0,26.969625,0.0,0.0,78.885056,0.0,0.0,22.27217,0.0,0.0,0.0,0.0,0.0,0.0,0.0,0.0,0.0,0.0,0.0,0.0,0.0,0.0,0.0,0.0,0.0,32.25901,0.0,2.842681,0.0,0.0,0.0,0.0,0.0,0.0,0.0,0.0,21.05822,0.0,0.0,0.0,0.0,0.0,0.0,37.286137,0.0,0.0,0.0,0.0,0.0,0.0,0.0,0.0,82.25292,0.0,0.0,0.0,0.0,0.0,0.0,0.0,4.6687417,0.0,0.0,0.0,0.0,,0.0,0.0,0.0,0.0,0.0,0.0,0.0,0.0,0.0,0.0,0.0,0.0,4.210747,0.0,0.0,0.0,0.0,0.0,0.0,15.642844,2.2051656,0.0,0.0,0.0,0.0,0.0,0.0,0.0,0.0,0.0,0.0,0.0,0.0,8.953319,16.407469,0.0,0.0,0.0,0.0,0.0,0.0,0.0,0.0,0.0,0.0,0.0,0.0,,0.0,0.0,57.6501,37.67173,49.796883,0.0,0.0,0.0,0.0,0.0,0.0,0.0,0.0,0.0,0.0,0.0,0.0,0.0,0.0,18.602316,0.0,0.0,45.08251,0.0,19.740032,0.0,0.0,0.0,0.0,0.0,0.0,0.0,0.0,0.0,5.404944,0.0,0.0
2004,0.0,0.0,0.0,0.0,0.0,7.849591,37.996548,0.0,0.0,0.0,0.0,0.0,0.0,57.061874,0.0,0.0,0.0,40.66731,0.0,0.0,,0.0,0.0,0.0,0.0,2.9962063,0.0,0.0,0.0,0.0,0.0,14.997494,42.21074,0.0,2.2906444,0.0,0.0,0.0,0.0,0.0,0.0,0.0,0.0,0.0,0.0,0.0,0.0,31.423798,27.406498,0.0,0.0,0.0,0.0,0.0,0.0,0.0,0.0,0.0,22.996277,0.0,0.0,26.467848,0.0,0.0,79.15239,0.0,0.0,20.308691,0.0,0.0,0.0,0.0,0.0,0.0,0.0,0.0,0.0,0.0,0.0,0.0,0.0,0.0,0.0,0.0,0.0,35.330765,0.0,3.0444496,0.0,0.0,0.0,0.0,0.0,0.0,0.0,0.0,25.497017,0.0,0.0,0.0,0.0,0.0,0.0,35.517094,0.0,0.0,0.0,0.0,0.0,0.0,0.0,0.0,80.53333,0.0,0.0,0.0,0.0,0.0,0.0,0.0,3.9041588,0.0,0.0,0.0,0.0,,0.0,0.0,0.0,0.0,0.0,0.0,0.0,0.0,0.0,0.0,0.0,0.0,3.8268883,0.0,0.0,0.0,0.0,0.0,0.0,15.615636,2.2452302,0.0,0.0,0.0,0.0,0.0,0.0,0.0,0.0,0.0,0.0,0.0,0.0,9.828227,15.528325,0.0,0.0,0.0,0.0,0.0,0.0,0.0,0.0,0.0,0.0,0.0,0.0,,0.0,0.0,55.909393,35.756386,51.128265,0.0,0.0,0.0,0.0,0.0,0.0,0.0,0.0,0.0,0.0,0.0,0.0,0.0,0.0,18.080675,0.0,0.0,47.697872,0.0,19.952936,0.0,0.0,0.0,0.0,0.0,0.0,0.0,0.0,0.0,5.4658437,0.0,0.0
2005,0.0,0.0,0.0,0.0,0.0,6.496454,41.118423,0.0,0.0,0.0,0.0,0.0,0.0,56.411472,0.0,0.0,0.0,42.492596,0.0,0.0,,0.0,0.0,0.0,0.0,2.4437444,0.0,0.0,0.0,0.0,0.0,14.730057,40.380623,0.0,2.1233792,0.0,0.0,0.0,0.0,0.0,0.0,0.0,0.0,0.0,0.0,0.0,0.0,30.184303,26.58395,0.0,0.0,0.0,0.0,0.0,0.0,0.0,0.0,0.0,19.878395,0.0,0.0,32.979027,0.0,0.0,79.33549,0.0,0.0,20.48952,0.0,0.0,0.0,0.0,0.0,0.0,0.0,0.0,0.0,0.0,0.0,0.0,0.0,0.0,0.0,0.0,0.0,38.685314,0.0,2.5166068,0.0,0.0,0.0,0.0,0.0,0.0,0.0,0.0,25.413897,0.0,0.0,0.0,0.0,0.0,0.0,37.687115,0.0,0.0,0.0,0.0,0.0,0.0,0.0,0.0,71.70596,0.0,0.0,0.0,0.0,0.0,0.0,0.0,4.3553658,0.0,0.0,0.0,0.0,0.0,0.0,0.0,0.0,0.0,0.0,0.0,0.0,0.0,0.0,0.0,0.0,0.0,4.059677,0.0,0.0,0.0,0.0,0.0,0.0,15.038017,2.5486465,0.0,0.0,0.0,0.0,0.0,0.0,0.0,0.0,0.0,0.0,0.0,0.0,9.354458,15.663813,0.0,0.0,0.0,0.0,0.0,0.0,0.0,0.0,0.0,0.0,0.0,0.0,,0.0,0.0,56.573067,38.914627,45.705986,0.0,0.0,0.0,0.0,0.0,0.0,0.0,0.0,0.0,0.0,0.0,0.0,0.0,0.0,17.569231,0.0,0.0,47.620583,0.0,19.38022,0.0,0.0,0.0,0.0,0.0,0.0,0.0,0.0,0.0,4.6094804,0.0,0.0
2006,0.0,0.0,0.0,0.0,0.0,6.805959,42.381786,0.0,0.0,0.0,0.0,0.0,0.0,55.975525,0.0,0.0,0.0,42.891727,0.0,0.0,,0.0,0.0,0.0,0.0,3.2781022,0.0,0.0,0.0,0.0,0.0,15.988692,44.77708,0.0,1.9136553,0.0,0.0,0.0,0.0,0.0,0.0,0.0,0.0,0.0,0.0,0.0,0.0,31.137938,26.542368,0.0,0.0,0.0,0.0,0.0,0.0,0.0,0.0,0.0,20.342367,0.0,0.0,27.840563,0.0,0.0,79.356606,0.0,0.0,18.99212,0.0,0.0,0.0,0.0,0.0,0.0,0.0,0.0,0.0,0.0,0.0,0.0,0.0,0.0,0.0,0.0,0.0,37.54533,0.0,2.368255,0.0,0.0,0.0,0.0,0.0,0.0,0.0,0.0,26.133896,0.0,0.0,0.0,0.0,0.0,0.0,36.911587,0.0,0.0,0.0,0.0,0.0,0.0,0.0,0.0,71.66528,0.0,0.0,0.0,0.0,0.0,0.0,0.0,4.241951,0.0,0.0,0.0,0.0,0.0,0.0,0.0,0.0,0.0,0.0,0.0,0.0,0.0,0.0,0.0,0.0,0.0,3.5582447,0.0,0.0,0.0,0.0,0.0,0.0,14.658892,2.5620415,0.0,0.0,0.0,0.0,0.0,0.0,0.0,0.0,0.0,0.0,0.0,0.0,8.999361,15.768254,0.0,0.0,0.0,0.0,0.0,0.0,0.0,0.0,0.0,0.0,0.0,0.0,,0.0,0.0,57.632,36.730644,46.74763,0.0,0.0,0.0,0.0,0.0,0.0,0.0,0.0,0.0,0.0,0.0,0.0,0.0,0.0,16.927061,0.0,0.0,46.598835,0.0,19.452229,0.0,0.0,0.0,0.0,0.0,0.0,0.0,0.0,0.0,3.9517748,0.0,0.0
2007,0.0,0.0,0.0,0.0,0.0,6.38654,41.446205,0.0,0.0,0.0,0.0,0.0,0.0,55.558117,0.0,0.0,0.0,34.189632,0.0,0.0,,0.0,0.0,0.0,0.0,2.7743459,0.0,0.0,0.0,0.0,0.0,14.637569,42.029205,0.0,1.8933184,0.0,0.0,0.0,0.0,0.0,0.0,0.0,0.0,0.0,0.0,0.0,0.0,29.816566,22.26747,0.0,0.0,0.0,0.0,0.0,0.0,0.0,0.0,0.0,18.253496,0.0,0.0,28.853025,0.0,0.0,78.26605,0.0,0.0,15.884176,0.0,0.0,0.0,0.0,0.0,0.0,0.0,0.0,0.0,0.0,0.0,0.0,0.0,0.0,0.0,0.0,0.0,36.73674,0.0,2.2392182,0.0,0.0,0.0,0.0,0.0,0.0,0.0,0.0,23.642712,0.0,0.0,0.0,0.0,0.0,0.0,33.60053,0.0,0.0,0.0,0.0,0.0,0.0,0.0,0.0,73.031204,0.0,0.0,0.0,0.0,0.0,0.0,0.0,3.958064,0.0,0.0,0.0,0.0,0.0,0.0,0.0,0.0,0.0,0.0,0.0,0.0,0.0,0.0,0.0,0.0,0.0,4.0509257,0.0,0.0,0.0,0.0,0.0,0.0,13.713589,2.402496,0.0,0.0,0.0,0.0,0.0,0.0,0.0,0.0,0.0,0.0,0.0,0.0,12.524366,15.712182,0.0,0.0,0.0,0.0,0.0,0.0,0.0,0.0,0.0,0.0,0.0,0.0,,0.0,0.0,55.044884,37.898933,45.00067,0.0,0.0,0.0,0.0,0.0,0.0,0.0,0.0,0.0,0.0,0.0,0.0,0.0,0.0,16.67558,0.0,0.0,47.15414,0.0,19.46666,0.0,0.0,0.0,0.0,0.0,0.0,0.0,0.0,0.0,4.2961783,0.0,0.0
2008,0.0,0.0,0.0,0.0,0.0,6.0618486,38.474575,0.0,0.0,0.0,0.0,0.0,0.0,54.863956,0.0,0.0,0.0,35.446167,0.0,0.0,,0.0,0.0,0.0,0.0,3.0161061,0.0,0.0,0.0,0.0,0.0,15.013147,41.318615,0.0,1.95637,0.0,0.0,0.0,0.0,0.0,0.0,0.0,0.0,0.0,0.0,0.0,0.0,31.880404,23.484478,0.0,0.0,0.0,0.0,0.0,0.0,0.0,0.0,0.0,19.035475,0.0,0.0,29.683258,0.0,0.0,77.50715,0.0,0.0,13.494962,0.0,0.0,0.0,0.0,0.0,0.0,0.0,0.0,0.0,0.0,0.0,0.0,0.0,0.0,0.0,0.0,0.0,37.031483,0.0,1.8384616,0.0,0.0,0.0,0.0,0.0,0.0,0.0,0.0,21.267214,0.0,0.0,0.0,0.0,0.0,0.0,34.106777,0.0,0.0,0.0,0.0,0.0,0.0,0.0,0.0,74.19355,0.0,0.0,0.0,0.0,0.0,0.0,0.0,3.6391993,0.0,0.0,0.0,0.0,0.0,0.0,0.0,0.0,0.0,0.0,0.0,0.0,0.0,0.0,0.0,0.0,0.0,3.9261842,0.0,0.0,0.0,0.0,0.0,0.0,13.40492,1.8707665,0.0,0.0,0.0,0.0,0.0,0.0,0.0,0.0,0.0,0.0,0.0,0.0,17.314215,15.680769,0.0,0.0,0.0,0.0,0.0,0.0,0.0,0.0,0.0,0.0,0.0,0.0,,0.0,0.0,58.188156,38.20841,42.62175,0.0,0.0,0.0,0.0,0.0,0.0,0.0,0.0,0.0,0.0,0.0,0.0,0.0,0.0,17.133146,0.0,0.0,46.65074,0.0,19.627613,0.0,0.0,0.0,0.0,0.0,0.0,0.0,0.0,0.0,5.033102,0.0,0.0
2009,0.0,0.0,0.0,0.0,0.0,6.6873775,42.09559,0.0,0.0,0.0,0.0,0.0,0.0,52.606953,0.0,0.0,0.0,36.067123,0.0,0.0,,0.0,0.0,0.0,0.0,2.7801015,0.0,0.0,0.0,0.0,0.0,14.573118,41.532925,0.0,1.8857818,0.0,0.0,0.0,0.0,0.0,0.0,0.0,0.0,0.0,0.0,0.0,0.0,33.32925,22.948837,0.0,0.0,0.0,0.0,0.0,0.0,0.0,0.0,0.0,18.148046,0.0,0.0,32.653347,0.0,0.0,77.47462,0.0,0.0,18.340588,0.0,0.0,0.0,0.0,0.0,0.0,0.0,0.0,0.0,0.0,0.0,0.0,0.0,0.0,0.0,0.0,0.0,42.968533,0.0,1.9119936,0.0,0.0,0.0,0.0,0.0,0.0,0.0,0.0,24.653955,0.0,0.0,0.0,0.0,0.0,0.0,32.65996,0.0,0.0,0.0,0.0,0.0,0.0,0.0,0.0,74.11202,0.0,0.0,0.0,0.0,0.0,0.0,0.0,3.921422,0.0,0.0,0.0,0.0,0.0,0.0,0.0,0.0,0.0,0.0,0.0,0.0,0.0,0.0,0.0,0.0,0.0,3.7828217,0.0,0.0,0.0,0.0,0.0,0.0,13.320752,2.7468526,0.0,0.0,0.0,0.0,0.0,0.0,0.0,0.0,0.0,0.0,0.0,0.0,20.402847,16.471655,0.0,0.0,0.0,0.0,0.0,0.0,0.0,0.0,0.0,0.0,0.0,0.0,,0.0,0.0,54.300037,35.021355,38.1918,0.0,0.0,0.0,0.0,0.0,0.0,0.0,0.0,0.0,0.0,0.0,0.0,0.0,0.0,18.069984,0.0,0.0,47.762226,0.0,20.276306,0.0,0.0,0.0,0.0,0.0,0.0,0.0,0.0,0.0,5.133034,0.0,0.0
2010,0.0,0.0,0.0,0.0,0.0,5.7222223,36.523125,0.0,0.0,0.0,0.0,0.0,0.0,51.531765,0.0,0.0,0.0,33.202698,0.0,0.0,,0.0,0.0,0.0,0.0,2.8150446,0.0,0.0,0.0,0.0,0.0,14.831226,39.87888,0.0,1.7764952,0.0,0.0,0.0,0.0,0.0,0.0,0.0,0.0,0.0,0.0,0.0,0.0,32.856136,22.518063,0.0,0.0,0.0,0.0,0.0,0.0,0.0,0.0,,20.815985,0.0,0.0,28.27381,0.0,0.0,76.2003,0.0,0.0,16.264462,0.0,0.0,0.0,0.0,0.0,0.0,0.0,0.0,0.0,0.0,0.0,0.0,0.0,0.0,0.0,0.0,0.0,42.184155,0.0,2.4619455,0.0,0.0,0.0,0.0,0.0,0.0,0.0,0.0,25.28978,0.0,0.0,0.0,0.0,0.0,0.0,30.018991,0.0,0.0,0.0,0.0,0.0,0.0,0.0,0.0,0.0,0.0,0.0,0.0,0.0,0.0,0.0,0.0,2.133759,0.0,0.0,0.0,0.0,0.0,0.0,0.0,0.0,0.0,0.0,0.0,0.0,0.0,0.0,0.0,0.0,0.0,3.361558,0.0,0.0,0.0,0.0,0.0,0.0,12.818956,2.7078485,0.0,0.0,0.0,0.0,0.0,0.0,0.0,0.0,0.0,0.0,0.0,0.0,19.232042,16.416832,0.0,0.0,0.0,0.0,0.0,0.0,0.0,0.0,0.0,0.0,0.0,0.0,,0.0,0.0,53.058994,34.809345,38.95588,0.0,0.0,0.0,0.0,0.0,0.0,0.0,0.0,0.0,0.0,0.0,0.0,0.0,0.0,16.85084,0.0,0.0,47.214275,0.0,19.615501,0.0,0.0,0.0,0.0,0.0,0.0,0.0,0.0,0.0,5.211864,0.0,0.0
2011,0.0,0.0,0.0,0.0,0.0,4.9424663,32.732315,0.0,0.0,0.0,0.0,0.0,0.0,54.02711,0.0,0.0,0.0,32.64612,0.0,0.0,,0.0,0.0,0.0,0.0,2.9449375,0.0,0.0,0.0,0.0,0.0,14.561235,42.477734,0.0,1.8501936,0.0,0.0,0.0,0.0,0.0,0.0,0.0,0.0,0.0,0.0,0.0,0.0,32.640812,17.846281,0.0,0.0,0.0,0.0,0.0,0.0,0.0,0.0,,19.798313,0.0,0.0,31.551022,0.0,0.0,77.933586,0.0,0.0,18.746094,0.0,0.0,0.0,0.0,0.0,0.0,0.0,0.0,0.0,0.0,0.0,0.0,0.0,0.0,0.0,0.0,0.0,43.55913,0.0,3.1160543,0.0,0.046691287,0.0,0.0,0.0,0.0,0.0,0.0,14.755479,0.0,0.0,0.0,0.0,0.0,0.0,29.859505,0.0,0.0,0.0,0.0,0.0,0.0,0.0,0.0,0.0,0.0,0.0,0.0,0.0,0.0,0.0,0.0,3.4537053,0.0,0.0,0.0,0.0,0.0,0.0,0.0,0.0,0.0,0.0,0.0,0.0,0.0,0.0,0.0,0.0,0.0,3.675426,0.0,0.0,0.0,0.0,0.0,0.0,11.879443,4.049351,0.0,0.0,0.0,0.0,0.0,0.0,0.0,0.0,0.0,0.0,0.0,0.0,19.012945,16.394592,0.0,0.0,0.0,0.0,0.0,0.0,0.0,0.0,0.0,0.0,0.0,0.0,,0.0,0.0,54.490803,39.07035,40.238224,0.0,0.0,0.0,0.0,0.0,0.0,0.0,0.0,0.0,0.0,0.0,0.0,0.0,0.0,16.704342,0.0,0.0,46.293922,0.0,19.325632,0.0,0.0,0.0,0.0,0.0,0.0,0.0,0.0,0.0,4.9135365,0.0,0.0
2012,0.0,0.0,0.0,0.0,0.0,4.70519,27.109972,0.0,0.0,0.0,0.0,0.0,0.0,49.429516,0.0,0.0,0.0,33.964703,0.0,0.0,,0.0,0.0,0.0,0.0,2.9031675,0.0,0.0,0.0,0.0,0.0,14.798756,37.34038,0.0,1.9713125,0.0,0.0,0.0,0.0,0.0,0.0,0.0,0.0,0.0,0.0,0.0,0.0,35.019634,16.046852,0.0,0.0,0.0,0.0,0.0,0.0,0.0,0.0,,20.911718,0.0,0.0,32.65161,0.0,0.0,74.951546,0.0,0.0,19.350319,0.0,0.0,0.0,0.0,0.0,0.0,0.0,0.0,0.0,0.0,0.0,0.0,0.0,0.0,0.0,0.0,0.0,45.609474,0.0,3.0352433,0.0,0.582938,0.0,0.0,0.0,0.0,0.0,0.0,1.6252891,0.0,0.0,0.0,0.0,0.0,0.0,28.300076,0.0,0.0,0.0,0.0,0.0,0.0,0.0,0.0,0.0,0.0,0.0,0.0,0.0,0.0,0.0,0.0,2.9589393,0.0,0.0,0.0,0.0,0.0,0.0,0.0,0.0,0.0,0.0,0.0,0.0,0.0,0.0,0.0,0.0,0.0,3.8232133,0.0,0.0,0.0,0.0,0.0,0.0,10.800689,5.3720694,0.0,0.0,0.0,0.0,0.0,0.0,0.0,0.0,0.0,0.0,0.0,0.0,19.593441,16.602915,0.0,0.0,0.0,0.0,0.0,0.0,0.0,0.0,0.0,0.0,0.0,0.0,0.0,0.0,0.0,54.73498,35.562702,38.476326,0.0,0.0,0.0,0.0,0.0,0.0,0.0,0.0,0.0,0.0,0.0,0.0,0.0,0.0,16.144106,0.0,0.0,45.32381,0.0,19.039665,0.0,0.0,0.0,0.0,0.0,0.0,0.0,0.0,0.0,5.0284963,0.0,0.0
2013,0.0,0.0,0.0,0.0,0.0,4.453209,28.971964,0.0,0.0,0.0,0.0,0.0,0.0,52.031727,0.0,0.0,0.0,32.938168,0.0,0.0,,0.0,0.0,0.0,0.0,2.706585,0.0,0.0,0.0,0.0,0.0,15.66594,37.836655,0.0,2.0527909,0.0,0.0,0.0,0.0,0.0,0.0,0.0,0.0,0.0,0.0,0.0,0.0,35.79327,15.4504595,0.0,0.0,0.0,0.0,0.0,0.0,0.0,0.0,,20.155617,0.0,0.0,33.13219,0.0,0.0,73.4599,0.0,0.0,19.70805,0.0,0.0,0.0,0.0,0.0,0.0,0.0,0.0,0.0,0.0,0.0,0.0,0.0,0.0,0.0,0.0,0.0,50.776344,0.0,2.9062767,0.0,1.6456773,0.0,0.0,0.0,0.0,0.0,0.0,1.3422079,0.0,0.0,0.0,0.0,0.0,0.0,25.835398,0.0,0.0,0.0,0.0,0.0,0.0,0.0,0.0,0.0,0.0,0.0,0.0,0.0,0.0,0.0,0.0,3.9714594,0.0,0.0,0.0,0.0,0.0,0.0,0.0,0.0,0.0,0.0,0.0,0.0,0.0,0.0,0.0,0.0,0.0,2.8739064,0.0,0.0,0.0,0.0,0.0,0.0,10.572121,4.195271,0.0,0.0,0.0,0.0,0.0,0.0,0.0,0.0,0.0,0.0,0.0,0.0,19.969067,16.288666,0.0,0.0,0.0,0.0,0.0,0.0,0.0,0.0,0.0,0.0,0.0,0.0,0.0,0.0,0.0,55.157894,33.544304,43.429394,0.0,0.0,0.0,0.0,0.0,0.0,0.0,0.0,0.0,0.0,0.0,0.0,0.0,0.0,16.5022,0.0,0.0,42.810104,0.0,19.455027,0.0,0.0,0.0,0.0,0.0,0.0,0.0,0.0,0.0,5.5087056,0.0,0.0
2014,0.0,0.0,0.0,0.0,0.0,3.977191,30.146082,0.0,0.0,0.0,0.0,0.0,0.0,47.331463,0.0,0.0,0.0,33.823532,0.0,0.0,0.0,0.0,0.0,0.0,0.0,2.604352,0.0,0.0,0.0,0.0,0.0,16.316217,39.32648,0.0,2.2990966,0.0,0.0,0.0,0.0,0.0,0.0,0.0,0.0,0.0,0.0,0.0,0.0,35.69075,15.697778,0.0,0.0,0.0,0.0,0.0,0.0,0.0,0.0,,20.882524,0.0,0.0,34.625553,0.0,0.0,77.074394,0.0,0.0,18.856485,0.0,0.0,0.0,0.0,0.0,0.0,0.0,0.0,0.0,0.0,0.0,0.0,0.0,0.0,0.0,0.0,0.0,53.249405,0.0,2.7483323,0.0,1.4766172,0.0,0.0,0.0,0.0,0.0,0.0,0.0,0.0,0.0,0.0,0.0,0.0,0.0,28.944447,0.0,0.0,0.0,0.0,0.0,0.0,0.0,0.0,0.0,0.0,0.0,0.0,0.0,0.0,0.0,0.0,3.1912441,0.0,0.0,0.0,0.0,0.0,0.0,0.0,0.0,0.0,0.0,0.0,0.0,0.0,0.0,0.0,0.0,0.0,4.005877,0.0,0.0,0.0,0.0,0.0,0.0,10.520684,4.2442775,0.0,0.0,0.0,0.0,0.0,0.0,0.0,0.0,0.0,0.0,0.0,0.0,17.991375,16.985529,0.0,0.0,0.0,0.0,0.0,0.0,0.0,0.0,0.0,0.0,0.0,0.0,0.0,0.0,0.0,57.132328,37.142857,42.250584,0.0,0.0,0.0,0.0,0.0,0.0,0.0,0.0,0.0,0.0,0.0,0.0,0.0,0.0,16.306355,0.0,0.0,48.3481,0.0,19.46211,0.0,0.0,0.0,0.0,0.0,0.0,0.0,0.0,0.0,5.4129376,0.0,0.0
2015,0.0,0.0,0.0,0.0,0.0,4.84115,34.039734,0.0,0.0,0.0,0.0,0.0,0.0,38.141167,0.0,0.0,0.0,31.574627,0.0,0.0,0.0,0.0,0.0,0.0,0.0,2.5343244,0.0,0.0,0.0,0.0,0.0,15.293156,34.947784,0.0,2.9474185,0.0,0.0,0.0,0.0,0.0,0.0,0.0,0.0,0.0,0.0,0.0,0.0,32.537277,14.360812,0.0,0.0,0.0,0.0,0.0,0.0,0.0,0.0,,20.637154,0.0,0.0,33.887188,0.0,0.0,76.18873,0.0,0.0,20.757221,0.0,0.0,0.0,0.0,0.0,0.0,0.0,0.0,0.0,0.0,0.0,0.0,0.0,0.0,0.0,0.0,0.0,52.192547,0.0,2.8976629,0.0,1.2489295,0.0,0.0,0.0,0.0,0.0,0.0,0.43878382,0.0,0.0,0.0,0.0,0.0,0.0,30.07667,0.0,0.0,0.0,0.0,0.0,0.0,0.0,0.0,0.0,0.0,0.0,0.0,0.0,0.0,0.0,0.0,3.731151,0.0,0.0,0.0,0.0,0.0,0.0,0.0,0.0,0.0,0.0,0.0,0.0,0.0,0.0,0.0,0.0,0.0,3.7434628,0.0,0.0,0.0,0.0,0.0,0.0,10.54741,3.8389928,0.0,0.0,0.0,0.0,0.0,0.0,0.0,0.0,0.0,0.0,0.0,0.0,17.727688,18.310148,0.0,0.0,0.0,0.0,0.0,0.0,0.0,0.0,0.0,0.0,0.0,0.0,0.0,0.0,0.0,56.912094,38.175674,34.78395,0.0,0.0,0.0,0.0,0.0,0.0,0.0,0.0,0.0,0.0,0.0,0.0,0.0,0.0,14.127993,0.0,0.0,53.53739,0.0,19.519636,0.0,0.0,0.0,0.0,0.0,0.0,0.0,0.0,0.0,4.888179,0.0,0.0
2016,0.0,0.0,0.0,0.0,0.0,5.6257644,30.845072,0.0,0.0,0.0,0.0,0.0,0.0,51.619026,0.0,0.0,0.0,35.436783,0.0,0.0,0.0,0.0,0.0,0.0,0.0,2.7397258,0.0,0.0,0.0,0.0,0.0,15.074459,34.615383,0.0,3.475859,0.0,0.0,0.0,0.0,0.0,0.0,0.0,0.0,0.0,0.0,0.0,0.0,29.390244,13.192105,0.0,0.0,0.0,0.0,0.0,0.0,0.0,0.0,,21.658663,0.0,0.0,33.745457,0.0,0.0,72.14945,0.0,0.0,21.148064,0.0,0.0,0.0,0.0,0.0,0.0,0.0,0.0,0.0,0.0,0.0,0.0,0.0,0.0,0.0,0.0,0.0,50.345043,0.0,2.7037826,0.0,2.2611308,0.0,0.0,0.0,0.0,0.0,0.0,1.6621228,0.0,0.0,0.0,0.0,0.0,0.0,28.875738,0.0,0.0,0.0,0.0,0.0,0.0,0.0,0.0,0.0,0.0,0.0,0.0,0.0,0.0,0.0,0.0,3.299516,0.0,0.0,0.0,0.0,0.0,0.0,0.0,0.0,0.0,0.0,0.0,0.0,0.0,0.0,0.0,0.0,0.0,3.4749036,0.0,0.0,0.0,0.0,0.0,0.0,10.407778,4.426363,0.0,0.0,0.0,0.0,0.0,0.0,0.0,0.0,0.0,0.0,0.0,0.0,17.580193,18.021578,0.0,0.0,0.0,0.0,0.0,0.0,0.0,0.0,0.0,0.0,0.0,0.0,0.0,0.0,0.0,55.111942,35.243378,40.47726,0.0,0.0,0.0,0.0,0.0,0.0,0.0,0.0,0.0,0.0,0.0,0.0,0.0,0.0,11.98743,0.0,0.0,49.185802,0.0,19.710781,0.0,0.0,0.0,0.0,0.0,0.0,0.0,0.0,0.0,5.939068,0.0,0.0
2017,0.0,0.0,0.0,0.0,0.0,4.182405,32.005314,0.0,0.0,0.0,0.0,0.0,0.0,49.484417,0.0,0.0,0.0,34.67886,0.0,0.0,0.0,0.0,0.0,0.0,0.0,2.6708748,0.0,0.0,0.0,0.0,0.0,15.02367,33.881958,0.0,3.756564,0.0,0.0,0.0,0.0,0.0,0.0,0.0,0.0,0.0,0.0,0.0,0.0,33.045708,11.842472,0.0,0.0,0.0,0.0,0.0,0.0,0.0,0.0,,21.308466,0.0,0.0,33.29384,0.0,0.0,71.58825,0.0,0.0,20.797113,0.0,0.0,0.0,0.0,0.0,0.0,0.0,0.0,0.0,0.0,0.0,0.0,0.0,0.0,0.0,0.0,0.0,48.906445,0.0,2.5425975,0.0,2.280696,0.0,0.0,0.0,0.0,0.0,0.0,2.6995153,0.0,0.0,0.0,0.0,0.0,0.0,25.750767,0.0,0.0,0.0,0.0,0.0,0.0,0.0,0.0,0.0,0.0,0.0,0.0,0.0,0.0,0.0,0.0,3.3060865,0.0,0.0,0.0,0.0,0.0,0.0,0.0,0.0,0.0,0.0,0.0,0.0,0.0,0.0,0.0,0.0,0.0,2.9300241,0.0,0.0,0.0,0.0,0.0,0.0,10.192681,6.2212334,0.0,0.0,0.0,0.0,0.0,0.0,0.0,0.0,0.0,0.0,0.0,0.0,18.114574,18.616713,0.0,0.0,0.0,0.0,0.0,0.0,0.0,0.0,0.0,0.0,0.0,0.0,0.0,0.0,0.0,54.996353,39.190033,40.00487,0.0,0.0,0.0,0.0,0.0,0.0,0.0,0.0,0.0,0.0,0.0,0.0,0.0,0.0,8.306816,0.0,0.0,54.844913,0.0,19.86398,0.0,0.0,0.0,0.0,0.0,0.0,0.0,0.0,0.0,5.5551205,0.0,0.0
2018,0.0,0.0,0.0,0.0,0.0,4.6804743,25.032938,0.0,0.0,0.0,0.0,0.0,0.0,38.716663,0.0,0.0,0.0,34.680714,0.0,0.0,0.0,0.0,0.0,0.0,0.0,2.6056302,0.0,0.0,0.0,0.0,0.0,15.121464,38.482426,0.0,4.1165814,0.0,0.0,0.0,0.0,0.0,0.0,0.0,0.0,0.0,0.0,0.0,0.0,34.45417,12.019991,0.0,0.0,0.0,0.0,0.0,0.0,0.0,0.0,,20.549006,0.0,0.0,32.45052,0.0,0.0,71.703415,0.0,0.0,19.495384,0.0,0.0,0.0,0.0,0.0,0.0,0.0,0.0,0.0,0.0,0.0,0.0,0.0,0.0,0.0,0.0,0.0,49.079563,0.0,2.4728022,0.0,2.2058587,0.0,0.0,0.0,0.0,0.0,0.0,4.534919,0.0,0.0,0.0,0.0,0.0,0.0,22.51813,0.0,0.0,0.0,0.0,0.0,0.0,0.0,0.0,0.0,0.0,0.0,0.0,0.0,0.0,0.0,0.0,3.879298,0.0,0.0,0.0,0.0,0.0,0.0,0.0,0.0,0.0,0.0,0.0,0.0,0.0,0.0,0.0,0.0,0.0,3.1034484,0.0,0.0,0.0,0.0,0.0,0.0,10.043165,7.2004337,0.0,0.0,0.0,0.0,0.0,0.0,0.0,0.0,0.0,0.0,0.0,0.0,17.761824,18.444092,0.0,0.0,0.0,0.0,0.0,0.0,0.0,0.0,0.0,0.0,0.0,0.0,0.0,0.0,0.0,55.663918,35.85608,41.96254,0.0,0.0,0.0,0.0,0.0,0.0,0.0,0.0,0.0,0.0,0.0,0.0,0.0,0.0,10.046093,0.0,0.0,52.796196,0.0,19.209103,0.0,0.0,0.0,0.0,0.0,0.0,0.0,0.0,0.0,4.5176144,0.0,0.0
2019,0.0,0.0,0.0,0.0,0.0,6.048878,27.102804,0.0,0.0,0.0,0.0,0.0,0.0,46.952206,0.0,0.0,0.0,37.8774,0.0,0.0,0.0,0.0,0.0,0.0,0.0,2.5468552,0.0,0.0,0.0,0.0,0.0,15.317896,37.438004,0.0,4.647208,0.0,0.0,0.0,0.0,0.0,0.0,0.0,0.0,0.0,0.0,0.0,0.0,35.289314,12.509789,0.0,0.0,0.0,0.0,0.0,0.0,0.0,0.0,,21.56957,0.0,0.0,34.790848,0.0,0.0,70.5376,0.0,0.0,17.174652,0.0,0.0,0.0,0.0,0.0,0.0,0.0,0.0,0.0,0.0,0.0,0.0,0.0,0.0,0.0,0.0,0.0,47.520424,0.0,2.7840455,0.0,2.0101604,0.0,0.0,0.0,0.0,0.0,0.0,6.2669463,0.0,0.0,0.0,0.0,0.0,0.0,24.865372,0.0,0.0,0.0,0.0,0.0,0.0,0.0,0.0,0.0,0.0,0.0,0.0,0.0,0.0,0.0,0.0,3.2475257,0.0,0.0,0.0,0.0,0.0,0.0,0.0,0.0,0.0,0.0,0.0,0.0,0.0,0.0,0.0,0.0,0.0,3.2569764,0.0,0.0,0.0,0.0,0.0,0.0,10.256582,6.804712,0.0,0.0,0.0,0.0,0.0,0.0,0.0,0.0,0.0,0.0,0.0,0.0,19.196733,18.690527,0.0,0.0,0.0,0.0,0.0,0.0,0.0,0.0,0.0,0.0,0.0,0.0,0.0,0.0,0.0,54.16519,36.62681,39.26493,0.0,0.0,0.0,0.0,0.0,0.0,0.0,0.0,0.0,0.0,0.0,0.0,0.0,0.0,11.787446,0.0,0.0,53.847153,0.0,19.464552,0.0,0.0,0.0,0.0,0.0,0.0,0.0,0.0,0.0,5.2460704,0.0,0.0
2020,0.0,0.0,0.0,0.0,1.1870949,6.920631,33.376965,0.0,0.0,0.0,0.0,0.0,0.0,38.99649,0.0,0.0,0.0,41.429993,0.0,0.0,0.0,0.8822003,0.0,0.0,0.0,2.234557,0.0,0.0,0.0,0.0,0.0,14.9120655,35.070816,0.0,4.707504,0.0,0.0,0.0,0.0,0.0,0.0,0.0,0.0,0.0,0.0,0.0,0.0,37.503124,11.359506,0.0,0.0,0.0,0.0,0.0,0.0,0.0,0.0,,22.468878,0.0,0.0,33.636627,0.0,0.0,67.08695,0.0,0.0,15.966973,0.0,0.0,0.0,0.0,0.0,0.0,0.0,0.0,0.0,0.0,0.0,0.0,0.0,0.0,0.0,0.0,0.0,45.990837,0.0,2.8199553,0.0,1.8771685,0.0,0.0,0.0,0.0,0.0,0.0,4.2530885,0.0,0.0,0.0,0.0,0.0,0.0,27.755058,0.0,0.0,0.0,0.0,0.0,0.0,0.0,0.0,0.0,0.0,0.0,0.0,0.0,0.0,0.0,0.0,3.4321854,0.0,0.0,0.0,0.0,0.0,0.0,0.0,0.0,0.0,0.0,0.0,0.0,0.0,0.0,0.0,0.0,0.0,3.3535588,0.0,0.0,0.0,0.0,0.0,0.0,9.903073,6.671742,0.0,0.0,0.0,0.0,0.0,0.0,0.0,0.0,0.0,0.0,0.0,0.0,20.775223,19.891838,0.0,0.0,0.0,0.0,0.0,0.0,0.0,0.0,0.0,0.0,0.0,0.0,0.0,0.0,0.0,54.156433,37.59621,30.040298,0.0,0.0,0.0,0.0,0.0,0.0,0.0,0.0,0.0,0.0,0.0,0.0,0.0,0.0,11.228973,0.0,0.0,51.559647,0.0,19.536108,0.0,0.0,0.0,0.0,0.0,0.0,0.0,0.0,0.0,4.134302,0.0,0.0
2021,0.0,0.0,0.0,0.0,7.0781617,6.6405487,23.963732,0.0,0.0,0.0,0.0,0.0,0.0,50.6389,0.0,0.0,0.0,34.921642,0.0,0.0,0.0,14.012122,0.0,0.0,0.0,2.240478,0.0,0.0,0.0,0.0,0.0,14.152294,30.686321,0.0,4.7748723,0.0,0.0,0.0,0.0,0.0,0.0,0.0,0.0,0.0,0.0,0.0,0.0,36.73201,11.943057,0.0,0.0,0.0,0.0,0.0,0.0,0.0,0.0,,20.890121,0.0,0.0,32.727776,0.0,0.0,68.91815,0.0,0.0,14.845722,0.0,0.0,0.0,0.0,0.0,0.0,0.0,0.0,0.0,0.0,0.0,0.0,0.0,0.0,0.0,0.0,0.0,44.29363,0.0,2.590371,0.0,0.9932381,0.0,0.0,0.0,0.0,0.0,0.0,5.916862,0.0,0.0,0.0,0.0,0.0,0.0,25.998749,0.0,0.0,0.0,0.0,0.0,0.0,0.0,0.0,0.0,0.0,0.0,0.0,0.0,0.0,0.0,0.0,3.6121213,0.0,0.0,0.0,0.0,0.0,0.0,0.0,0.0,0.0,0.0,0.0,0.0,0.0,0.0,0.0,0.0,0.0,3.1705296,0.0,0.0,0.0,0.0,0.0,0.0,9.770488,9.730465,0.0,0.0,0.0,0.0,0.0,0.0,0.0,0.0,0.0,0.0,0.0,0.0,19.262295,19.2201,0.0,0.0,0.0,0.0,0.0,0.0,0.0,0.0,0.0,0.0,0.0,0.0,0.0,0.0,0.0,52.96296,36.62604,30.835955,0.0,0.0,0.0,0.0,0.0,0.0,0.0,0.0,0.0,0.0,0.0,0.0,0.0,0.0,9.548844,0.0,0.0,55.454777,0.0,18.770374,0.0,0.0,0.0,0.0,0.0,0.0,0.0,0.0,0.0,5.055053,0.0,0.0
2022,0.0,0.0,0.0,0.0,13.110691,5.12979,26.619434,0.0,0.0,0.0,0.0,0.0,0.0,46.517544,0.0,0.0,0.0,32.736675,0.0,0.0,0.0,12.587412,0.0,0.0,0.0,2.1501248,0.0,0.0,0.0,0.0,0.0,13.146672,39.121983,0.0,4.7213664,0.0,0.0,0.0,0.0,0.0,0.0,0.0,0.0,0.0,0.0,0.0,0.0,37.047653,6.1229887,0.0,0.0,0.0,0.0,0.0,0.0,0.0,0.0,,20.40397,0.0,0.0,35.11154,0.0,0.0,62.910633,0.0,0.0,14.8065405,0.0,0.0,0.0,0.0,0.0,0.0,0.0,0.0,0.0,0.0,0.0,0.0,0.0,0.0,0.0,0.0,0.0,44.1867,0.0,2.5250094,0.0,1.7898006,0.0,0.0,0.0,0.0,0.0,0.0,4.975158,0.0,0.0,0.0,0.0,0.0,0.0,28.18604,0.0,0.0,0.0,0.0,0.0,0.0,0.0,0.0,0.0,0.0,0.0,0.0,0.0,0.0,0.0,0.0,3.1897695,0.0,0.0,0.0,0.0,0.0,0.0,0.0,0.0,0.0,0.0,0.0,0.0,0.0,0.0,0.0,0.0,0.0,3.4727437,0.0,0.0,0.0,0.0,0.0,0.0,9.125926,12.751832,0.0,0.0,0.0,0.0,0.0,0.0,0.0,0.0,0.0,0.0,0.0,0.0,20.259407,19.169796,0.0,0.0,0.0,0.0,0.0,0.0,0.0,0.0,0.0,0.0,0.0,0.0,0.0,0.0,0.0,59.98493,41.99102,30.014446,0.0,0.0,0.0,0.0,0.0,0.0,0.0,0.0,0.0,0.0,0.0,0.0,0.0,0.0,8.241091,0.0,0.0,55.065647,0.0,17.997662,0.0,0.0,0.0,0.0,0.0,0.0,0.0,0.0,0.0,4.2308984,0.0,0.0
2023,,0.0,0.0,0.0,19.554022,6.118965,29.017342,0.0,0.0,0.0,0.0,0.0,0.0,40.06083,0.0,0.0,0.0,40.289204,0.0,,0.0,26.916014,0.0,0.0,0.0,2.043691,0.0,0.0,0.0,0.0,,14.05897,34.67616,0.0,4.597074,0.0,0.0,0.0,0.0,,0.0,0.0,,0.0,0.0,0.0,0.0,40.11344,1.4535936,0.0,0.0,0.0,0.0,0.0,0.0,0.0,0.0,,20.322327,0.0,0.0,42.1447,0.0,,65.34129,,0.0,14.252237,0.0,0.0,0.0,0.0,0.0,,0.0,0.0,,,0.0,,0.0,0.0,0.0,0.0,,44.81982,0.0,2.461394,0.0,1.7342701,0.0,0.0,0.0,0.0,,,7.644632,0.0,0.0,0.0,0.0,,,29.209284,0.0,0.0,0.0,0.0,0.0,,0.0,,0.0,0.0,0.0,,0.0,0.0,,0.0,3.491518,0.0,0.0,0.0,0.0,0.0,0.0,0.0,,,0.0,,0.0,0.0,,0.0,0.0,0.0,3.3386326,0.0,,0.0,0.0,0.0,0.0,9.092254,13.393454,0.0,0.0,0.0,0.0,0.0,0.0,,0.0,0.0,,,0.0,19.648813,18.449396,0.0,0.0,0.0,0.0,0.0,,0.0,0.0,0.0,0.0,,0.0,0.0,,0.0,62.072468,36.01286,29.121605,0.0,0.0,,0.0,,0.0,0.0,0.0,0.0,0.0,0.0,0.0,0.0,0.0,6.308924,0.0,,50.69646,0.0,18.215477,0.0,0.0,0.0,0.0,0.0,0.0,0.0,0.0,0.0,3.8102574,0.0,0.0
2024,,,,,22.919106,7.1001496,29.977377,,,0.0,0.0,0.0,,41.919125,,,0.0,41.799084,,,0.0,36.504086,,,0.0,2.1120145,,,,,,13.740872,30.499428,0.0,4.419614,,,,,,0.0,,,0.0,,,0.0,40.742264,0.0,,,0.0,0.0,0.0,0.0,0.0,,,19.551338,0.0,,39.09091,,,68.00244,,,14.509651,0.0,,,,,,,0.0,,,,,,0.0,,0.0,,42.011528,0.0,2.6585145,0.0,1.712311,0.0,0.0,0.0,0.0,,,8.305781,0.0,0.0,0.0,0.0,,,30.342587,0.0,,,,,,0.0,,0.0,0.0,0.0,,0.0,0.0,,,3.4128654,0.0,,0.0,0.0,0.0,0.0,,,,,,0.0,,,,0.0,,2.943581,0.0,,,0.0,0.0,0.0,8.960683,13.40556,,0.0,0.0,,0.0,0.0,,0.0,,,,0.0,20.393492,17.807848,,0.0,,,0.0,,,,0.0,,,0.0,,,,62.05251,34.17647,29.197292,,,,,,,0.0,0.0,0.0,,,0.0,0.0,0.0,4.2205653,,,59.39559,0.0,17.823881,0.0,,0.0,,,0.0,,,,3.4965894,,
